Train: epoch-0 (200/7410)	batch_time 0.19		data_time 0.11		loss 3.286	prec@1 7.62	prec@5 23.12	
Train: epoch-0 (400/7410)	batch_time 0.08		data_time 0.01		loss 3.262	prec@1 7.84	prec@5 26.62	
Train: epoch-0 (600/7410)	batch_time 0.08		data_time 0.01		loss 3.221	prec@1 8.72	prec@5 30.75	
Train: epoch-0 (800/7410)	batch_time 0.08		data_time 0.01		loss 3.114	prec@1 11.34	prec@5 39.09	
Train: epoch-0 (1000/7410)	batch_time 0.08		data_time 0.01		loss 2.956	prec@1 16.34	prec@5 45.19	
Train: epoch-0 (1200/7410)	batch_time 0.09		data_time 0.01		loss 2.766	prec@1 21.19	prec@5 54.16	
Train: epoch-0 (1400/7410)	batch_time 0.09		data_time 0.01		loss 2.638	prec@1 22.34	prec@5 58.16	
Train: epoch-0 (1600/7410)	batch_time 0.09		data_time 0.01		loss 2.483	prec@1 26.19	prec@5 64.91	
Train: epoch-0 (1800/7410)	batch_time 0.09		data_time 0.01		loss 2.346	prec@1 29.56	prec@5 69.28	
Train: epoch-0 (2000/7410)	batch_time 0.09		data_time 0.01		loss 2.248	prec@1 31.94	prec@5 70.47	
Train: epoch-0 (2200/7410)	batch_time 0.09		data_time 0.01		loss 2.155	prec@1 34.25	prec@5 73.59	
Train: epoch-0 (2400/7410)	batch_time 0.09		data_time 0.01		loss 2.046	prec@1 37.22	prec@5 76.41	
Train: epoch-0 (2600/7410)	batch_time 0.09		data_time 0.01		loss 1.980	prec@1 38.50	prec@5 77.59	
Train: epoch-0 (2800/7410)	batch_time 0.09		data_time 0.01		loss 1.921	prec@1 40.03	prec@5 78.34	
Train: epoch-0 (3000/7410)	batch_time 0.09		data_time 0.01		loss 1.844	prec@1 40.94	prec@5 79.47	
Train: epoch-0 (3200/7410)	batch_time 0.09		data_time 0.01		loss 1.821	prec@1 41.97	prec@5 80.22	
Train: epoch-0 (3400/7410)	batch_time 0.09		data_time 0.01		loss 1.751	prec@1 43.97	prec@5 81.53	
Train: epoch-0 (3600/7410)	batch_time 0.09		data_time 0.01		loss 1.728	prec@1 44.50	prec@5 81.12	
Train: epoch-0 (3800/7410)	batch_time 0.09		data_time 0.01		loss 1.734	prec@1 44.34	prec@5 81.22	
Train: epoch-0 (4000/7410)	batch_time 0.09		data_time 0.01		loss 1.689	prec@1 46.31	prec@5 82.53	
Train: epoch-0 (4200/7410)	batch_time 0.09		data_time 0.01		loss 1.664	prec@1 44.62	prec@5 83.25	
Train: epoch-0 (4400/7410)	batch_time 0.09		data_time 0.01		loss 1.623	prec@1 47.31	prec@5 83.38	
Train: epoch-0 (4600/7410)	batch_time 0.09		data_time 0.01		loss 1.535	prec@1 48.97	prec@5 84.84	
Train: epoch-0 (4800/7410)	batch_time 0.09		data_time 0.01		loss 1.562	prec@1 48.91	prec@5 84.69	
Train: epoch-0 (5000/7410)	batch_time 0.09		data_time 0.01		loss 1.570	prec@1 48.03	prec@5 83.66	
Train: epoch-0 (5200/7410)	batch_time 0.09		data_time 0.01		loss 1.532	prec@1 50.12	prec@5 83.78	
Train: epoch-0 (5400/7410)	batch_time 0.09		data_time 0.01		loss 1.492	prec@1 51.47	prec@5 85.47	
Train: epoch-0 (5600/7410)	batch_time 0.09		data_time 0.01		loss 1.511	prec@1 50.44	prec@5 84.78	
Train: epoch-0 (5800/7410)	batch_time 0.09		data_time 0.01		loss 1.470	prec@1 51.00	prec@5 85.12	
Train: epoch-0 (6000/7410)	batch_time 0.09		data_time 0.01		loss 1.450	prec@1 52.75	prec@5 85.50	
Train: epoch-0 (6200/7410)	batch_time 0.09		data_time 0.01		loss 1.453	prec@1 52.47	prec@5 85.69	
Train: epoch-0 (6400/7410)	batch_time 0.09		data_time 0.01		loss 1.464	prec@1 52.56	prec@5 84.31	
Train: epoch-0 (6600/7410)	batch_time 0.09		data_time 0.01		loss 1.441	prec@1 53.38	prec@5 85.66	
Train: epoch-0 (6800/7410)	batch_time 0.08		data_time 0.01		loss 1.404	prec@1 53.16	prec@5 85.84	
Train: epoch-0 (7000/7410)	batch_time 0.09		data_time 0.01		loss 1.441	prec@1 52.97	prec@5 85.84	
Train: epoch-0 (7200/7410)	batch_time 0.08		data_time 0.01		loss 1.369	prec@1 54.66	prec@5 86.59	
Train: epoch-0 (7400/7410)	batch_time 0.09		data_time 0.01		loss 1.399	prec@1 54.88	prec@5 86.47	
Validate: Prec@1 68.09 Validate: Prec@5 97.00  Loss 0.861
Best Prec@1: 68.09

Train: epoch-1 (200/7410)	batch_time 0.19		data_time 0.11		loss 1.409	prec@1 54.44	prec@5 86.59	
Train: epoch-1 (400/7410)	batch_time 0.08		data_time 0.01		loss 1.473	prec@1 51.75	prec@5 85.44	
Train: epoch-1 (600/7410)	batch_time 0.08		data_time 0.01		loss 1.411	prec@1 53.91	prec@5 86.62	
Train: epoch-1 (800/7410)	batch_time 0.08		data_time 0.01		loss 1.412	prec@1 53.59	prec@5 85.66	
Train: epoch-1 (1000/7410)	batch_time 0.09		data_time 0.01		loss 1.380	prec@1 55.25	prec@5 85.75	
Train: epoch-1 (1200/7410)	batch_time 0.09		data_time 0.01		loss 1.357	prec@1 56.59	prec@5 85.53	
Train: epoch-1 (1400/7410)	batch_time 0.08		data_time 0.01		loss 1.401	prec@1 55.31	prec@5 85.53	
Train: epoch-1 (1600/7410)	batch_time 0.09		data_time 0.01		loss 1.370	prec@1 55.94	prec@5 86.50	
Train: epoch-1 (1800/7410)	batch_time 0.08		data_time 0.01		loss 1.266	prec@1 60.03	prec@5 87.78	
Train: epoch-1 (2000/7410)	batch_time 0.09		data_time 0.01		loss 1.309	prec@1 58.84	prec@5 87.50	
Train: epoch-1 (2200/7410)	batch_time 0.09		data_time 0.01		loss 1.258	prec@1 59.91	prec@5 87.12	
Train: epoch-1 (2400/7410)	batch_time 0.09		data_time 0.01		loss 1.265	prec@1 60.59	prec@5 86.91	
Train: epoch-1 (2600/7410)	batch_time 0.08		data_time 0.01		loss 1.230	prec@1 63.34	prec@5 86.94	
Train: epoch-1 (2800/7410)	batch_time 0.09		data_time 0.01		loss 1.173	prec@1 64.09	prec@5 88.50	
Train: epoch-1 (3000/7410)	batch_time 0.08		data_time 0.01		loss 1.205	prec@1 62.84	prec@5 87.88	
Train: epoch-1 (3200/7410)	batch_time 0.09		data_time 0.01		loss 1.170	prec@1 64.75	prec@5 87.59	
Train: epoch-1 (3400/7410)	batch_time 0.08		data_time 0.01		loss 1.169	prec@1 64.22	prec@5 87.50	
Train: epoch-1 (3600/7410)	batch_time 0.09		data_time 0.01		loss 1.122	prec@1 66.16	prec@5 89.06	
Train: epoch-1 (3800/7410)	batch_time 0.08		data_time 0.01		loss 1.131	prec@1 65.03	prec@5 87.81	
Train: epoch-1 (4000/7410)	batch_time 0.09		data_time 0.01		loss 1.098	prec@1 66.19	prec@5 89.41	
Train: epoch-1 (4200/7410)	batch_time 0.08		data_time 0.01		loss 1.157	prec@1 65.38	prec@5 87.84	
Train: epoch-1 (4400/7410)	batch_time 0.08		data_time 0.01		loss 1.089	prec@1 67.34	prec@5 88.62	
Train: epoch-1 (4600/7410)	batch_time 0.08		data_time 0.01		loss 1.105	prec@1 65.75	prec@5 88.91	
Train: epoch-1 (4800/7410)	batch_time 0.09		data_time 0.01		loss 1.091	prec@1 66.41	prec@5 90.44	
Train: epoch-1 (5000/7410)	batch_time 0.09		data_time 0.01		loss 1.081	prec@1 67.62	prec@5 89.62	
Train: epoch-1 (5200/7410)	batch_time 0.09		data_time 0.01		loss 1.071	prec@1 66.91	prec@5 89.28	
Train: epoch-1 (5400/7410)	batch_time 0.08		data_time 0.01		loss 1.105	prec@1 66.84	prec@5 89.59	
Train: epoch-1 (5600/7410)	batch_time 0.09		data_time 0.01		loss 1.038	prec@1 68.00	prec@5 90.00	
Train: epoch-1 (5800/7410)	batch_time 0.08		data_time 0.01		loss 1.053	prec@1 67.66	prec@5 89.16	
Train: epoch-1 (6000/7410)	batch_time 0.09		data_time 0.01		loss 1.019	prec@1 69.00	prec@5 89.81	
Train: epoch-1 (6200/7410)	batch_time 0.09		data_time 0.01		loss 1.001	prec@1 68.72	prec@5 90.72	
Train: epoch-1 (6400/7410)	batch_time 0.08		data_time 0.01		loss 0.995	prec@1 68.53	prec@5 90.81	
Train: epoch-1 (6600/7410)	batch_time 0.08		data_time 0.01		loss 1.008	prec@1 70.50	prec@5 89.47	
Train: epoch-1 (6800/7410)	batch_time 0.09		data_time 0.01		loss 1.043	prec@1 69.81	prec@5 88.94	
Train: epoch-1 (7000/7410)	batch_time 0.08		data_time 0.01		loss 1.056	prec@1 68.41	prec@5 89.03	
Train: epoch-1 (7200/7410)	batch_time 0.09		data_time 0.01		loss 0.991	prec@1 69.97	prec@5 89.81	
Train: epoch-1 (7400/7410)	batch_time 0.08		data_time 0.01		loss 1.001	prec@1 69.78	prec@5 89.47	
Validate: Prec@1 83.51 Validate: Prec@5 98.19  Loss 0.520
Best Prec@1: 83.51

Train: epoch-2 (200/7410)	batch_time 0.19		data_time 0.11		loss 1.030	prec@1 69.22	prec@5 89.34	
Train: epoch-2 (400/7410)	batch_time 0.08		data_time 0.01		loss 1.039	prec@1 69.19	prec@5 89.47	
Train: epoch-2 (600/7410)	batch_time 0.08		data_time 0.01		loss 0.997	prec@1 69.09	prec@5 89.34	
Train: epoch-2 (800/7410)	batch_time 0.08		data_time 0.01		loss 1.049	prec@1 67.50	prec@5 89.31	
Train: epoch-2 (1000/7410)	batch_time 0.09		data_time 0.01		loss 1.021	prec@1 68.88	prec@5 89.06	
Train: epoch-2 (1200/7410)	batch_time 0.09		data_time 0.01		loss 0.968	prec@1 70.22	prec@5 90.25	
Train: epoch-2 (1400/7410)	batch_time 0.08		data_time 0.01		loss 1.007	prec@1 69.78	prec@5 89.66	
Train: epoch-2 (1600/7410)	batch_time 0.08		data_time 0.01		loss 1.015	prec@1 69.94	prec@5 89.69	
Train: epoch-2 (1800/7410)	batch_time 0.09		data_time 0.01		loss 1.007	prec@1 70.12	prec@5 89.16	
Train: epoch-2 (2000/7410)	batch_time 0.09		data_time 0.01		loss 0.952	prec@1 70.94	prec@5 90.38	
Train: epoch-2 (2200/7410)	batch_time 0.09		data_time 0.01		loss 1.006	prec@1 69.38	prec@5 90.12	
Train: epoch-2 (2400/7410)	batch_time 0.08		data_time 0.01		loss 1.011	prec@1 69.91	prec@5 89.53	
Train: epoch-2 (2600/7410)	batch_time 0.08		data_time 0.01		loss 0.997	prec@1 70.53	prec@5 89.44	
Train: epoch-2 (2800/7410)	batch_time 0.08		data_time 0.01		loss 0.999	prec@1 68.62	prec@5 90.56	
Train: epoch-2 (3000/7410)	batch_time 0.09		data_time 0.01		loss 0.962	prec@1 70.53	prec@5 90.25	
Train: epoch-2 (3200/7410)	batch_time 0.08		data_time 0.01		loss 0.982	prec@1 70.09	prec@5 90.62	
Train: epoch-2 (3400/7410)	batch_time 0.09		data_time 0.01		loss 0.965	prec@1 71.00	prec@5 90.06	
Train: epoch-2 (3600/7410)	batch_time 0.09		data_time 0.01		loss 0.957	prec@1 70.56	prec@5 90.59	
Train: epoch-2 (3800/7410)	batch_time 0.09		data_time 0.01		loss 0.964	prec@1 70.59	prec@5 90.38	
Train: epoch-2 (4000/7410)	batch_time 0.09		data_time 0.01		loss 0.965	prec@1 71.25	prec@5 89.81	
Train: epoch-2 (4200/7410)	batch_time 0.09		data_time 0.01		loss 0.936	prec@1 71.91	prec@5 90.50	
Train: epoch-2 (4400/7410)	batch_time 0.09		data_time 0.01		loss 0.930	prec@1 72.06	prec@5 90.75	
Train: epoch-2 (4600/7410)	batch_time 0.09		data_time 0.01		loss 0.923	prec@1 71.69	prec@5 90.94	
Train: epoch-2 (4800/7410)	batch_time 0.09		data_time 0.01		loss 0.959	prec@1 70.53	prec@5 90.28	
Train: epoch-2 (5000/7410)	batch_time 0.09		data_time 0.01		loss 0.921	prec@1 72.22	prec@5 90.47	
Train: epoch-2 (5200/7410)	batch_time 0.09		data_time 0.01		loss 0.907	prec@1 72.12	prec@5 90.53	
Train: epoch-2 (5400/7410)	batch_time 0.09		data_time 0.01		loss 0.912	prec@1 72.50	prec@5 91.22	
Train: epoch-2 (5600/7410)	batch_time 0.09		data_time 0.01		loss 0.900	prec@1 72.81	prec@5 91.28	
Train: epoch-2 (5800/7410)	batch_time 0.09		data_time 0.01		loss 0.907	prec@1 72.44	prec@5 91.53	
Train: epoch-2 (6000/7410)	batch_time 0.09		data_time 0.01		loss 0.917	prec@1 72.94	prec@5 91.38	
Train: epoch-2 (6200/7410)	batch_time 0.09		data_time 0.01		loss 0.880	prec@1 73.84	prec@5 91.50	
Train: epoch-2 (6400/7410)	batch_time 0.08		data_time 0.01		loss 0.900	prec@1 73.56	prec@5 90.94	
Train: epoch-2 (6600/7410)	batch_time 0.09		data_time 0.01		loss 0.870	prec@1 74.16	prec@5 91.12	
Train: epoch-2 (6800/7410)	batch_time 0.08		data_time 0.01		loss 0.888	prec@1 74.09	prec@5 91.12	
Train: epoch-2 (7000/7410)	batch_time 0.09		data_time 0.01		loss 0.856	prec@1 73.94	prec@5 91.75	
Train: epoch-2 (7200/7410)	batch_time 0.09		data_time 0.01		loss 0.858	prec@1 74.25	prec@5 91.66	
Train: epoch-2 (7400/7410)	batch_time 0.09		data_time 0.01		loss 0.818	prec@1 75.28	prec@5 92.47	
Validate: Prec@1 86.60 Validate: Prec@5 98.61  Loss 0.418
Best Prec@1: 86.60

Train: epoch-3 (200/7410)	batch_time 0.20		data_time 0.12		loss 0.907	prec@1 72.72	prec@5 90.44	
Train: epoch-3 (400/7410)	batch_time 0.09		data_time 0.01		loss 0.905	prec@1 73.31	prec@5 90.75	
Train: epoch-3 (600/7410)	batch_time 0.09		data_time 0.01		loss 0.914	prec@1 72.25	prec@5 89.88	
Train: epoch-3 (800/7410)	batch_time 0.08		data_time 0.01		loss 0.898	prec@1 72.28	prec@5 91.22	
Train: epoch-3 (1000/7410)	batch_time 0.09		data_time 0.01		loss 0.898	prec@1 73.34	prec@5 90.94	
Train: epoch-3 (1200/7410)	batch_time 0.10		data_time 0.01		loss 0.949	prec@1 70.81	prec@5 90.22	
Train: epoch-3 (1400/7410)	batch_time 0.09		data_time 0.01		loss 0.938	prec@1 72.34	prec@5 90.31	
Train: epoch-3 (1600/7410)	batch_time 0.09		data_time 0.01		loss 0.922	prec@1 72.44	prec@5 90.75	
Train: epoch-3 (1800/7410)	batch_time 0.09		data_time 0.01		loss 0.862	prec@1 73.50	prec@5 91.53	
Train: epoch-3 (2000/7410)	batch_time 0.09		data_time 0.01		loss 0.906	prec@1 73.50	prec@5 90.75	
Train: epoch-3 (2200/7410)	batch_time 0.09		data_time 0.01		loss 0.874	prec@1 73.16	prec@5 91.31	
Train: epoch-3 (2400/7410)	batch_time 0.09		data_time 0.01		loss 0.855	prec@1 74.50	prec@5 91.78	
Train: epoch-3 (2600/7410)	batch_time 0.10		data_time 0.01		loss 0.870	prec@1 73.75	prec@5 91.75	
Train: epoch-3 (2800/7410)	batch_time 0.10		data_time 0.01		loss 0.883	prec@1 73.84	prec@5 91.25	
Train: epoch-3 (3000/7410)	batch_time 0.09		data_time 0.01		loss 0.900	prec@1 72.47	prec@5 91.62	
Train: epoch-3 (3200/7410)	batch_time 0.09		data_time 0.01		loss 0.878	prec@1 73.59	prec@5 91.41	
Train: epoch-3 (3400/7410)	batch_time 0.10		data_time 0.01		loss 0.863	prec@1 73.84	prec@5 90.88	
Train: epoch-3 (3600/7410)	batch_time 0.09		data_time 0.01		loss 0.860	prec@1 74.53	prec@5 91.00	
Train: epoch-3 (3800/7410)	batch_time 0.10		data_time 0.01		loss 0.874	prec@1 74.19	prec@5 90.66	
Train: epoch-3 (4000/7410)	batch_time 0.09		data_time 0.01		loss 0.879	prec@1 73.56	prec@5 91.66	
Train: epoch-3 (4200/7410)	batch_time 0.09		data_time 0.01		loss 0.856	prec@1 74.78	prec@5 91.38	
Train: epoch-3 (4400/7410)	batch_time 0.08		data_time 0.01		loss 0.829	prec@1 74.22	prec@5 91.91	
Train: epoch-3 (4600/7410)	batch_time 0.09		data_time 0.01		loss 0.827	prec@1 75.03	prec@5 91.75	
Train: epoch-3 (4800/7410)	batch_time 0.09		data_time 0.01		loss 0.879	prec@1 73.75	prec@5 90.78	
Train: epoch-3 (5000/7410)	batch_time 0.09		data_time 0.01		loss 0.862	prec@1 73.38	prec@5 91.97	
Train: epoch-3 (5200/7410)	batch_time 0.09		data_time 0.01		loss 0.886	prec@1 73.62	prec@5 90.66	
Train: epoch-3 (5400/7410)	batch_time 0.09		data_time 0.01		loss 0.842	prec@1 74.56	prec@5 91.19	
Train: epoch-3 (5600/7410)	batch_time 0.09		data_time 0.01		loss 0.793	prec@1 75.72	prec@5 92.22	
Train: epoch-3 (5800/7410)	batch_time 0.09		data_time 0.01		loss 0.851	prec@1 74.72	prec@5 91.25	
Train: epoch-3 (6000/7410)	batch_time 0.09		data_time 0.01		loss 0.855	prec@1 74.03	prec@5 91.50	
Train: epoch-3 (6200/7410)	batch_time 0.09		data_time 0.01		loss 0.830	prec@1 74.41	prec@5 91.12	
Train: epoch-3 (6400/7410)	batch_time 0.09		data_time 0.01		loss 0.828	prec@1 75.16	prec@5 92.00	
Train: epoch-3 (6600/7410)	batch_time 0.09		data_time 0.01		loss 0.786	prec@1 75.09	prec@5 92.25	
Train: epoch-3 (6800/7410)	batch_time 0.09		data_time 0.01		loss 0.811	prec@1 75.06	prec@5 92.00	
Train: epoch-3 (7000/7410)	batch_time 0.09		data_time 0.01		loss 0.791	prec@1 76.28	prec@5 92.16	
Train: epoch-3 (7200/7410)	batch_time 0.09		data_time 0.01		loss 0.825	prec@1 75.22	prec@5 91.44	
Train: epoch-3 (7400/7410)	batch_time 0.09		data_time 0.01		loss 0.799	prec@1 75.50	prec@5 91.72	
Validate: Prec@1 89.65 Validate: Prec@5 98.97  Loss 0.340
Best Prec@1: 89.65

Train: epoch-4 (200/7410)	batch_time 0.20		data_time 0.12		loss 0.822	prec@1 75.03	prec@5 92.28	
Train: epoch-4 (400/7410)	batch_time 0.08		data_time 0.01		loss 0.851	prec@1 74.41	prec@5 91.03	
Train: epoch-4 (600/7410)	batch_time 0.08		data_time 0.01		loss 0.842	prec@1 73.84	prec@5 91.72	
Train: epoch-4 (800/7410)	batch_time 0.09		data_time 0.01		loss 0.847	prec@1 75.09	prec@5 91.78	
Train: epoch-4 (1000/7410)	batch_time 0.09		data_time 0.01		loss 0.844	prec@1 74.25	prec@5 91.84	
Train: epoch-4 (1200/7410)	batch_time 0.09		data_time 0.01		loss 0.832	prec@1 74.44	prec@5 91.44	
Train: epoch-4 (1400/7410)	batch_time 0.09		data_time 0.01		loss 0.865	prec@1 74.25	prec@5 91.19	
Train: epoch-4 (1600/7410)	batch_time 0.08		data_time 0.01		loss 0.836	prec@1 74.22	prec@5 91.00	
Train: epoch-4 (1800/7410)	batch_time 0.09		data_time 0.01		loss 0.897	prec@1 72.91	prec@5 91.84	
Train: epoch-4 (2000/7410)	batch_time 0.09		data_time 0.01		loss 0.779	prec@1 76.62	prec@5 92.66	
Train: epoch-4 (2200/7410)	batch_time 0.08		data_time 0.01		loss 0.815	prec@1 75.41	prec@5 92.19	
Train: epoch-4 (2400/7410)	batch_time 0.09		data_time 0.01		loss 0.876	prec@1 73.81	prec@5 91.50	
Train: epoch-4 (2600/7410)	batch_time 0.08		data_time 0.01		loss 0.823	prec@1 75.50	prec@5 92.03	
Train: epoch-4 (2800/7410)	batch_time 0.09		data_time 0.01		loss 0.811	prec@1 75.12	prec@5 92.59	
Train: epoch-4 (3000/7410)	batch_time 0.08		data_time 0.01		loss 0.824	prec@1 75.09	prec@5 91.53	
Train: epoch-4 (3200/7410)	batch_time 0.09		data_time 0.01		loss 0.841	prec@1 74.50	prec@5 90.69	
Train: epoch-4 (3400/7410)	batch_time 0.08		data_time 0.01		loss 0.795	prec@1 75.75	prec@5 92.31	
Train: epoch-4 (3600/7410)	batch_time 0.09		data_time 0.01		loss 0.814	prec@1 75.00	prec@5 92.25	
Train: epoch-4 (3800/7410)	batch_time 0.09		data_time 0.01		loss 0.812	prec@1 75.81	prec@5 92.12	
Train: epoch-4 (4000/7410)	batch_time 0.09		data_time 0.01		loss 0.756	prec@1 77.50	prec@5 92.00	
Train: epoch-4 (4200/7410)	batch_time 0.09		data_time 0.01		loss 0.820	prec@1 75.84	prec@5 91.75	
Train: epoch-4 (4400/7410)	batch_time 0.09		data_time 0.01		loss 0.766	prec@1 77.22	prec@5 93.00	
Train: epoch-4 (4600/7410)	batch_time 0.08		data_time 0.01		loss 0.789	prec@1 76.69	prec@5 91.81	
Train: epoch-4 (4800/7410)	batch_time 0.09		data_time 0.01		loss 0.828	prec@1 75.00	prec@5 91.81	
Train: epoch-4 (5000/7410)	batch_time 0.08		data_time 0.01		loss 0.814	prec@1 75.38	prec@5 91.41	
Train: epoch-4 (5200/7410)	batch_time 0.08		data_time 0.01		loss 0.796	prec@1 76.16	prec@5 92.56	
Train: epoch-4 (5400/7410)	batch_time 0.08		data_time 0.01		loss 0.819	prec@1 75.59	prec@5 91.53	
Train: epoch-4 (5600/7410)	batch_time 0.08		data_time 0.01		loss 0.755	prec@1 76.38	prec@5 92.94	
Train: epoch-4 (5800/7410)	batch_time 0.08		data_time 0.01		loss 0.764	prec@1 76.91	prec@5 92.12	
Train: epoch-4 (6000/7410)	batch_time 0.09		data_time 0.01		loss 0.777	prec@1 76.62	prec@5 92.44	
Train: epoch-4 (6200/7410)	batch_time 0.08		data_time 0.01		loss 0.788	prec@1 77.06	prec@5 92.69	
Train: epoch-4 (6400/7410)	batch_time 0.08		data_time 0.01		loss 0.803	prec@1 75.59	prec@5 91.84	
Train: epoch-4 (6600/7410)	batch_time 0.09		data_time 0.01		loss 0.823	prec@1 75.59	prec@5 92.09	
Train: epoch-4 (6800/7410)	batch_time 0.09		data_time 0.01		loss 0.792	prec@1 75.72	prec@5 92.38	
Train: epoch-4 (7000/7410)	batch_time 0.09		data_time 0.01		loss 0.819	prec@1 75.78	prec@5 91.91	
Train: epoch-4 (7200/7410)	batch_time 0.08		data_time 0.01		loss 0.749	prec@1 77.59	prec@5 92.84	
Train: epoch-4 (7400/7410)	batch_time 0.09		data_time 0.01		loss 0.782	prec@1 76.09	prec@5 92.25	
Validate: Prec@1 88.97 Validate: Prec@5 98.93  Loss 0.363
Best Prec@1: 89.65

Train: epoch-5 (200/7410)	batch_time 0.19		data_time 0.11		loss 0.724	prec@1 78.00	prec@5 93.12	
Train: epoch-5 (400/7410)	batch_time 0.08		data_time 0.01		loss 0.759	prec@1 76.75	prec@5 92.47	
Train: epoch-5 (600/7410)	batch_time 0.09		data_time 0.01		loss 0.782	prec@1 76.50	prec@5 92.53	
Train: epoch-5 (800/7410)	batch_time 0.09		data_time 0.01		loss 0.757	prec@1 78.00	prec@5 92.16	
Train: epoch-5 (1000/7410)	batch_time 0.09		data_time 0.01		loss 0.773	prec@1 77.09	prec@5 92.09	
Train: epoch-5 (1200/7410)	batch_time 0.09		data_time 0.01		loss 0.733	prec@1 77.81	prec@5 92.88	
Train: epoch-5 (1400/7410)	batch_time 0.09		data_time 0.01		loss 0.743	prec@1 77.28	prec@5 92.75	
Train: epoch-5 (1600/7410)	batch_time 0.09		data_time 0.01		loss 0.753	prec@1 77.94	prec@5 92.28	
Train: epoch-5 (1800/7410)	batch_time 0.09		data_time 0.01		loss 0.766	prec@1 76.97	prec@5 91.91	
Train: epoch-5 (2000/7410)	batch_time 0.09		data_time 0.01		loss 0.768	prec@1 76.59	prec@5 92.66	
Train: epoch-5 (2200/7410)	batch_time 0.09		data_time 0.01		loss 0.780	prec@1 76.56	prec@5 91.84	
Train: epoch-5 (2400/7410)	batch_time 0.09		data_time 0.01		loss 0.748	prec@1 77.56	prec@5 93.28	
Train: epoch-5 (2600/7410)	batch_time 0.09		data_time 0.01		loss 0.740	prec@1 77.19	prec@5 93.03	
Train: epoch-5 (2800/7410)	batch_time 0.09		data_time 0.01		loss 0.790	prec@1 76.44	prec@5 92.19	
Train: epoch-5 (3000/7410)	batch_time 0.09		data_time 0.01		loss 0.763	prec@1 77.31	prec@5 92.22	
Train: epoch-5 (3200/7410)	batch_time 0.09		data_time 0.01		loss 0.768	prec@1 76.66	prec@5 92.53	
Train: epoch-5 (3400/7410)	batch_time 0.09		data_time 0.01		loss 0.711	prec@1 78.50	prec@5 93.50	
Train: epoch-5 (3600/7410)	batch_time 0.09		data_time 0.01		loss 0.775	prec@1 77.00	prec@5 92.88	
Train: epoch-5 (3800/7410)	batch_time 0.09		data_time 0.01		loss 0.752	prec@1 77.69	prec@5 93.12	
Train: epoch-5 (4000/7410)	batch_time 0.09		data_time 0.01		loss 0.763	prec@1 77.25	prec@5 92.53	
Train: epoch-5 (4200/7410)	batch_time 0.09		data_time 0.01		loss 0.765	prec@1 77.19	prec@5 92.12	
Train: epoch-5 (4400/7410)	batch_time 0.09		data_time 0.01		loss 0.763	prec@1 77.19	prec@5 91.94	
Train: epoch-5 (4600/7410)	batch_time 0.09		data_time 0.01		loss 0.720	prec@1 78.00	prec@5 93.06	
Train: epoch-5 (4800/7410)	batch_time 0.09		data_time 0.01		loss 0.777	prec@1 76.91	prec@5 92.31	
Train: epoch-5 (5000/7410)	batch_time 0.09		data_time 0.01		loss 0.764	prec@1 77.12	prec@5 92.12	
Train: epoch-5 (5200/7410)	batch_time 0.09		data_time 0.01		loss 0.780	prec@1 77.47	prec@5 92.00	
Train: epoch-5 (5400/7410)	batch_time 0.09		data_time 0.01		loss 0.732	prec@1 78.47	prec@5 92.44	
Train: epoch-5 (5600/7410)	batch_time 0.09		data_time 0.01		loss 0.770	prec@1 76.84	prec@5 91.84	
Train: epoch-5 (5800/7410)	batch_time 0.09		data_time 0.01		loss 0.724	prec@1 77.84	prec@5 93.09	
Train: epoch-5 (6000/7410)	batch_time 0.09		data_time 0.01		loss 0.716	prec@1 77.72	prec@5 92.91	
Train: epoch-5 (6200/7410)	batch_time 0.09		data_time 0.01		loss 0.731	prec@1 78.12	prec@5 92.50	
Train: epoch-5 (6400/7410)	batch_time 0.09		data_time 0.01		loss 0.714	prec@1 78.25	prec@5 93.91	
Train: epoch-5 (6600/7410)	batch_time 0.09		data_time 0.01		loss 0.772	prec@1 76.75	prec@5 92.16	
Train: epoch-5 (6800/7410)	batch_time 0.09		data_time 0.01		loss 0.761	prec@1 76.78	prec@5 92.69	
Train: epoch-5 (7000/7410)	batch_time 0.09		data_time 0.01		loss 0.713	prec@1 77.94	prec@5 93.09	
Train: epoch-5 (7200/7410)	batch_time 0.09		data_time 0.01		loss 0.742	prec@1 76.53	prec@5 93.22	
Train: epoch-5 (7400/7410)	batch_time 0.09		data_time 0.01		loss 0.739	prec@1 77.88	prec@5 92.88	
Validate: Prec@1 89.91 Validate: Prec@5 99.16  Loss 0.326
Best Prec@1: 89.91

Train: epoch-6 (200/7410)	batch_time 0.19		data_time 0.12		loss 0.738	prec@1 78.47	prec@5 92.25	
Train: epoch-6 (400/7410)	batch_time 0.09		data_time 0.01		loss 0.708	prec@1 78.31	prec@5 93.62	
Train: epoch-6 (600/7410)	batch_time 0.08		data_time 0.01		loss 0.747	prec@1 77.81	prec@5 92.94	
Train: epoch-6 (800/7410)	batch_time 0.09		data_time 0.01		loss 0.709	prec@1 78.09	prec@5 93.25	
Train: epoch-6 (1000/7410)	batch_time 0.09		data_time 0.01		loss 0.753	prec@1 77.38	prec@5 92.19	
Train: epoch-6 (1200/7410)	batch_time 0.09		data_time 0.01		loss 0.729	prec@1 77.94	prec@5 92.59	
Train: epoch-6 (1400/7410)	batch_time 0.09		data_time 0.01		loss 0.715	prec@1 78.59	prec@5 93.69	
Train: epoch-6 (1600/7410)	batch_time 0.09		data_time 0.01		loss 0.757	prec@1 77.19	prec@5 92.78	
Train: epoch-6 (1800/7410)	batch_time 0.09		data_time 0.01		loss 0.724	prec@1 78.16	prec@5 92.53	
Train: epoch-6 (2000/7410)	batch_time 0.09		data_time 0.01		loss 0.752	prec@1 77.91	prec@5 91.94	
Train: epoch-6 (2200/7410)	batch_time 0.09		data_time 0.01		loss 0.728	prec@1 78.28	prec@5 93.16	
Train: epoch-6 (2400/7410)	batch_time 0.09		data_time 0.01		loss 0.730	prec@1 77.53	prec@5 92.16	
Train: epoch-6 (2600/7410)	batch_time 0.09		data_time 0.01		loss 0.737	prec@1 78.78	prec@5 92.78	
Train: epoch-6 (2800/7410)	batch_time 0.09		data_time 0.01		loss 0.695	prec@1 78.69	prec@5 93.06	
Train: epoch-6 (3000/7410)	batch_time 0.09		data_time 0.01		loss 0.660	prec@1 80.12	prec@5 93.38	
Train: epoch-6 (3200/7410)	batch_time 0.09		data_time 0.01		loss 0.708	prec@1 78.16	prec@5 93.25	
Train: epoch-6 (3400/7410)	batch_time 0.09		data_time 0.01		loss 0.715	prec@1 77.97	prec@5 93.06	
Train: epoch-6 (3600/7410)	batch_time 0.09		data_time 0.01		loss 0.715	prec@1 78.34	prec@5 92.53	
Train: epoch-6 (3800/7410)	batch_time 0.09		data_time 0.01		loss 0.749	prec@1 77.84	prec@5 92.53	
Train: epoch-6 (4000/7410)	batch_time 0.09		data_time 0.01		loss 0.758	prec@1 76.84	prec@5 92.31	
Train: epoch-6 (4200/7410)	batch_time 0.09		data_time 0.01		loss 0.711	prec@1 78.84	prec@5 93.06	
Train: epoch-6 (4400/7410)	batch_time 0.09		data_time 0.01		loss 0.708	prec@1 78.34	prec@5 92.09	
Train: epoch-6 (4600/7410)	batch_time 0.09		data_time 0.01		loss 0.682	prec@1 79.72	prec@5 93.47	
Train: epoch-6 (4800/7410)	batch_time 0.09		data_time 0.01		loss 0.682	prec@1 79.06	prec@5 93.16	
Train: epoch-6 (5000/7410)	batch_time 0.09		data_time 0.01		loss 0.714	prec@1 78.62	prec@5 93.06	
Train: epoch-6 (5200/7410)	batch_time 0.09		data_time 0.01		loss 0.711	prec@1 78.69	prec@5 93.19	
Train: epoch-6 (5400/7410)	batch_time 0.09		data_time 0.01		loss 0.706	prec@1 77.75	prec@5 92.53	
Train: epoch-6 (5600/7410)	batch_time 0.09		data_time 0.01		loss 0.711	prec@1 77.94	prec@5 93.22	
Train: epoch-6 (5800/7410)	batch_time 0.09		data_time 0.01		loss 0.727	prec@1 77.44	prec@5 92.31	
Train: epoch-6 (6000/7410)	batch_time 0.09		data_time 0.01		loss 0.730	prec@1 77.69	prec@5 92.75	
Train: epoch-6 (6200/7410)	batch_time 0.09		data_time 0.01		loss 0.758	prec@1 77.25	prec@5 91.53	
Train: epoch-6 (6400/7410)	batch_time 0.09		data_time 0.01		loss 0.699	prec@1 78.84	prec@5 93.06	
Train: epoch-6 (6600/7410)	batch_time 0.09		data_time 0.01		loss 0.738	prec@1 77.16	prec@5 92.12	
Train: epoch-6 (6800/7410)	batch_time 0.09		data_time 0.01		loss 0.710	prec@1 79.00	prec@5 92.62	
Train: epoch-6 (7000/7410)	batch_time 0.09		data_time 0.01		loss 0.724	prec@1 78.09	prec@5 92.94	
Train: epoch-6 (7200/7410)	batch_time 0.09		data_time 0.01		loss 0.685	prec@1 79.19	prec@5 93.03	
Train: epoch-6 (7400/7410)	batch_time 0.09		data_time 0.01		loss 0.661	prec@1 79.97	prec@5 93.94	
Validate: Prec@1 90.44 Validate: Prec@5 99.25  Loss 0.311
Best Prec@1: 90.44

Train: epoch-7 (200/7410)	batch_time 0.19		data_time 0.11		loss 0.660	prec@1 80.97	prec@5 93.16	
Train: epoch-7 (400/7410)	batch_time 0.08		data_time 0.01		loss 0.701	prec@1 78.34	prec@5 93.31	
Train: epoch-7 (600/7410)	batch_time 0.08		data_time 0.01		loss 0.720	prec@1 79.06	prec@5 92.12	
Train: epoch-7 (800/7410)	batch_time 0.09		data_time 0.01		loss 0.688	prec@1 79.91	prec@5 93.03	
Train: epoch-7 (1000/7410)	batch_time 0.09		data_time 0.01		loss 0.709	prec@1 77.66	prec@5 92.53	
Train: epoch-7 (1200/7410)	batch_time 0.09		data_time 0.01		loss 0.666	prec@1 79.59	prec@5 93.44	
Train: epoch-7 (1400/7410)	batch_time 0.09		data_time 0.01		loss 0.729	prec@1 78.88	prec@5 92.38	
Train: epoch-7 (1600/7410)	batch_time 0.09		data_time 0.01		loss 0.702	prec@1 79.44	prec@5 93.25	
Train: epoch-7 (1800/7410)	batch_time 0.08		data_time 0.01		loss 0.723	prec@1 78.06	prec@5 92.44	
Train: epoch-7 (2000/7410)	batch_time 0.09		data_time 0.01		loss 0.707	prec@1 78.88	prec@5 92.75	
Train: epoch-7 (2200/7410)	batch_time 0.08		data_time 0.01		loss 0.648	prec@1 79.94	prec@5 94.06	
Train: epoch-7 (2400/7410)	batch_time 0.09		data_time 0.01		loss 0.704	prec@1 79.19	prec@5 93.25	
Train: epoch-7 (2600/7410)	batch_time 0.09		data_time 0.01		loss 0.678	prec@1 79.78	prec@5 93.25	
Train: epoch-7 (2800/7410)	batch_time 0.09		data_time 0.01		loss 0.684	prec@1 79.38	prec@5 92.97	
Train: epoch-7 (3000/7410)	batch_time 0.09		data_time 0.01		loss 0.683	prec@1 80.09	prec@5 93.62	
Train: epoch-7 (3200/7410)	batch_time 0.09		data_time 0.01		loss 0.698	prec@1 78.84	prec@5 93.00	
Train: epoch-7 (3400/7410)	batch_time 0.09		data_time 0.01		loss 0.664	prec@1 78.88	prec@5 93.84	
Train: epoch-7 (3600/7410)	batch_time 0.09		data_time 0.01		loss 0.695	prec@1 79.59	prec@5 92.62	
Train: epoch-7 (3800/7410)	batch_time 0.09		data_time 0.01		loss 0.690	prec@1 79.19	prec@5 93.28	
Train: epoch-7 (4000/7410)	batch_time 0.09		data_time 0.01		loss 0.678	prec@1 78.97	prec@5 94.03	
Train: epoch-7 (4200/7410)	batch_time 0.09		data_time 0.01		loss 0.686	prec@1 80.03	prec@5 92.84	
Train: epoch-7 (4400/7410)	batch_time 0.09		data_time 0.01		loss 0.711	prec@1 78.66	prec@5 92.41	
Train: epoch-7 (4600/7410)	batch_time 0.09		data_time 0.01		loss 0.657	prec@1 78.91	prec@5 93.59	
Train: epoch-7 (4800/7410)	batch_time 0.09		data_time 0.01		loss 0.668	prec@1 80.03	prec@5 93.41	
Train: epoch-7 (5000/7410)	batch_time 0.09		data_time 0.01		loss 0.675	prec@1 79.81	prec@5 93.34	
Train: epoch-7 (5200/7410)	batch_time 0.09		data_time 0.01		loss 0.716	prec@1 78.22	prec@5 92.56	
Train: epoch-7 (5400/7410)	batch_time 0.09		data_time 0.01		loss 0.684	prec@1 79.09	prec@5 93.47	
Train: epoch-7 (5600/7410)	batch_time 0.09		data_time 0.01		loss 0.708	prec@1 78.81	prec@5 93.03	
Train: epoch-7 (5800/7410)	batch_time 0.09		data_time 0.01		loss 0.691	prec@1 79.56	prec@5 92.81	
Train: epoch-7 (6000/7410)	batch_time 0.09		data_time 0.01		loss 0.690	prec@1 78.81	prec@5 93.00	
Train: epoch-7 (6200/7410)	batch_time 0.08		data_time 0.01		loss 0.687	prec@1 78.94	prec@5 93.03	
Train: epoch-7 (6400/7410)	batch_time 0.08		data_time 0.01		loss 0.695	prec@1 79.03	prec@5 93.31	
Train: epoch-7 (6600/7410)	batch_time 0.08		data_time 0.01		loss 0.655	prec@1 79.72	prec@5 94.00	
Train: epoch-7 (6800/7410)	batch_time 0.09		data_time 0.01		loss 0.710	prec@1 78.34	prec@5 92.75	
Train: epoch-7 (7000/7410)	batch_time 0.09		data_time 0.01		loss 0.692	prec@1 79.62	prec@5 93.16	
Train: epoch-7 (7200/7410)	batch_time 0.09		data_time 0.01		loss 0.694	prec@1 78.84	prec@5 92.94	
Train: epoch-7 (7400/7410)	batch_time 0.09		data_time 0.01		loss 0.698	prec@1 79.44	prec@5 92.72	
Validate: Prec@1 91.45 Validate: Prec@5 99.24  Loss 0.286
Best Prec@1: 91.45

Train: epoch-8 (200/7410)	batch_time 0.19		data_time 0.12		loss 0.630	prec@1 81.56	prec@5 93.72	
Train: epoch-8 (400/7410)	batch_time 0.08		data_time 0.01		loss 0.677	prec@1 79.91	prec@5 93.06	
Train: epoch-8 (600/7410)	batch_time 0.08		data_time 0.01		loss 0.703	prec@1 79.22	prec@5 92.69	
Train: epoch-8 (800/7410)	batch_time 0.08		data_time 0.01		loss 0.642	prec@1 80.59	prec@5 93.34	
Train: epoch-8 (1000/7410)	batch_time 0.09		data_time 0.01		loss 0.668	prec@1 79.97	prec@5 93.72	
Train: epoch-8 (1200/7410)	batch_time 0.09		data_time 0.01		loss 0.695	prec@1 79.25	prec@5 92.84	
Train: epoch-8 (1400/7410)	batch_time 0.09		data_time 0.01		loss 0.690	prec@1 79.53	prec@5 92.81	
Train: epoch-8 (1600/7410)	batch_time 0.08		data_time 0.01		loss 0.657	prec@1 80.59	prec@5 93.56	
Train: epoch-8 (1800/7410)	batch_time 0.09		data_time 0.01		loss 0.652	prec@1 79.97	prec@5 93.53	
Train: epoch-8 (2000/7410)	batch_time 0.09		data_time 0.01		loss 0.647	prec@1 80.00	prec@5 93.47	
Train: epoch-8 (2200/7410)	batch_time 0.09		data_time 0.01		loss 0.671	prec@1 79.88	prec@5 93.31	
Train: epoch-8 (2400/7410)	batch_time 0.09		data_time 0.01		loss 0.664	prec@1 79.94	prec@5 93.38	
Train: epoch-8 (2600/7410)	batch_time 0.09		data_time 0.01		loss 0.671	prec@1 79.34	prec@5 93.53	
Train: epoch-8 (2800/7410)	batch_time 0.09		data_time 0.01		loss 0.667	prec@1 79.59	prec@5 93.78	
Train: epoch-8 (3000/7410)	batch_time 0.08		data_time 0.01		loss 0.695	prec@1 78.84	prec@5 92.84	
Train: epoch-8 (3200/7410)	batch_time 0.09		data_time 0.01		loss 0.674	prec@1 79.09	prec@5 92.88	
Train: epoch-8 (3400/7410)	batch_time 0.09		data_time 0.01		loss 0.735	prec@1 77.53	prec@5 93.06	
Train: epoch-8 (3600/7410)	batch_time 0.09		data_time 0.01		loss 0.657	prec@1 79.84	prec@5 94.03	
Train: epoch-8 (3800/7410)	batch_time 0.09		data_time 0.01		loss 0.660	prec@1 80.16	prec@5 92.66	
Train: epoch-8 (4000/7410)	batch_time 0.09		data_time 0.01		loss 0.680	prec@1 79.22	prec@5 92.84	
Train: epoch-8 (4200/7410)	batch_time 0.10		data_time 0.01		loss 0.700	prec@1 79.03	prec@5 93.03	
Train: epoch-8 (4400/7410)	batch_time 0.09		data_time 0.01		loss 0.693	prec@1 79.91	prec@5 92.84	
Train: epoch-8 (4600/7410)	batch_time 0.09		data_time 0.01		loss 0.660	prec@1 79.56	prec@5 93.06	
Train: epoch-8 (4800/7410)	batch_time 0.09		data_time 0.01		loss 0.685	prec@1 78.81	prec@5 93.78	
Train: epoch-8 (5000/7410)	batch_time 0.09		data_time 0.01		loss 0.628	prec@1 81.56	prec@5 94.00	
Train: epoch-8 (5200/7410)	batch_time 0.09		data_time 0.01		loss 0.666	prec@1 79.81	prec@5 93.16	
Train: epoch-8 (5400/7410)	batch_time 0.09		data_time 0.01		loss 0.692	prec@1 79.78	prec@5 93.09	
Train: epoch-8 (5600/7410)	batch_time 0.09		data_time 0.01		loss 0.653	prec@1 79.75	prec@5 93.03	
Train: epoch-8 (5800/7410)	batch_time 0.09		data_time 0.01		loss 0.702	prec@1 78.97	prec@5 92.34	
Train: epoch-8 (6000/7410)	batch_time 0.09		data_time 0.01		loss 0.661	prec@1 80.06	prec@5 93.75	
Train: epoch-8 (6200/7410)	batch_time 0.09		data_time 0.01		loss 0.646	prec@1 80.53	prec@5 94.09	
Train: epoch-8 (6400/7410)	batch_time 0.09		data_time 0.01		loss 0.640	prec@1 80.81	prec@5 93.56	
Train: epoch-8 (6600/7410)	batch_time 0.09		data_time 0.01		loss 0.635	prec@1 80.62	prec@5 93.69	
Train: epoch-8 (6800/7410)	batch_time 0.09		data_time 0.01		loss 0.649	prec@1 80.50	prec@5 93.31	
Train: epoch-8 (7000/7410)	batch_time 0.09		data_time 0.01		loss 0.697	prec@1 78.94	prec@5 93.16	
Train: epoch-8 (7200/7410)	batch_time 0.09		data_time 0.01		loss 0.672	prec@1 80.28	prec@5 93.31	
Train: epoch-8 (7400/7410)	batch_time 0.09		data_time 0.01		loss 0.670	prec@1 79.53	prec@5 93.00	
Validate: Prec@1 91.53 Validate: Prec@5 99.31  Loss 0.280
Best Prec@1: 91.53

Train: epoch-9 (200/7410)	batch_time 0.19		data_time 0.12		loss 0.666	prec@1 80.25	prec@5 92.81	
Train: epoch-9 (400/7410)	batch_time 0.09		data_time 0.01		loss 0.673	prec@1 79.22	prec@5 92.72	
Train: epoch-9 (600/7410)	batch_time 0.09		data_time 0.01		loss 0.653	prec@1 79.97	prec@5 93.38	
Train: epoch-9 (800/7410)	batch_time 0.08		data_time 0.01		loss 0.657	prec@1 79.97	prec@5 93.25	
Train: epoch-9 (1000/7410)	batch_time 0.09		data_time 0.01		loss 0.636	prec@1 80.72	prec@5 93.44	
Train: epoch-9 (1200/7410)	batch_time 0.09		data_time 0.01		loss 0.684	prec@1 79.84	prec@5 93.06	
Train: epoch-9 (1400/7410)	batch_time 0.09		data_time 0.01		loss 0.672	prec@1 79.81	prec@5 93.31	
Train: epoch-9 (1600/7410)	batch_time 0.09		data_time 0.01		loss 0.685	prec@1 79.34	prec@5 93.47	
Train: epoch-9 (1800/7410)	batch_time 0.08		data_time 0.01		loss 0.691	prec@1 79.50	prec@5 93.03	
Train: epoch-9 (2000/7410)	batch_time 0.09		data_time 0.01		loss 0.655	prec@1 80.00	prec@5 93.72	
Train: epoch-9 (2200/7410)	batch_time 0.09		data_time 0.01		loss 0.686	prec@1 78.88	prec@5 93.44	
Train: epoch-9 (2400/7410)	batch_time 0.09		data_time 0.01		loss 0.683	prec@1 79.53	prec@5 92.00	
Train: epoch-9 (2600/7410)	batch_time 0.09		data_time 0.01		loss 0.648	prec@1 80.22	prec@5 93.12	
Train: epoch-9 (2800/7410)	batch_time 0.09		data_time 0.01		loss 0.667	prec@1 79.66	prec@5 93.22	
Train: epoch-9 (3000/7410)	batch_time 0.08		data_time 0.01		loss 0.634	prec@1 80.97	prec@5 93.94	
Train: epoch-9 (3200/7410)	batch_time 0.09		data_time 0.01		loss 0.668	prec@1 79.28	prec@5 93.09	
Train: epoch-9 (3400/7410)	batch_time 0.08		data_time 0.01		loss 0.612	prec@1 82.22	prec@5 93.91	
Train: epoch-9 (3600/7410)	batch_time 0.08		data_time 0.01		loss 0.623	prec@1 81.84	prec@5 94.12	
Train: epoch-9 (3800/7410)	batch_time 0.08		data_time 0.01		loss 0.675	prec@1 79.59	prec@5 93.09	
Train: epoch-9 (4000/7410)	batch_time 0.09		data_time 0.01		loss 0.625	prec@1 80.84	prec@5 94.53	
Train: epoch-9 (4200/7410)	batch_time 0.09		data_time 0.01		loss 0.626	prec@1 81.59	prec@5 93.97	
Train: epoch-9 (4400/7410)	batch_time 0.09		data_time 0.01		loss 0.629	prec@1 80.56	prec@5 94.62	
Train: epoch-9 (4600/7410)	batch_time 0.08		data_time 0.01		loss 0.633	prec@1 80.78	prec@5 94.16	
Train: epoch-9 (4800/7410)	batch_time 0.08		data_time 0.01		loss 0.670	prec@1 79.62	prec@5 93.16	
Train: epoch-9 (5000/7410)	batch_time 0.08		data_time 0.01		loss 0.593	prec@1 82.25	prec@5 93.47	
Train: epoch-9 (5200/7410)	batch_time 0.08		data_time 0.01		loss 0.675	prec@1 78.94	prec@5 93.28	
Train: epoch-9 (5400/7410)	batch_time 0.08		data_time 0.01		loss 0.676	prec@1 79.84	prec@5 93.50	
Train: epoch-9 (5600/7410)	batch_time 0.08		data_time 0.01		loss 0.695	prec@1 79.09	prec@5 93.00	
Train: epoch-9 (5800/7410)	batch_time 0.08		data_time 0.01		loss 0.664	prec@1 79.97	prec@5 93.12	
Train: epoch-9 (6000/7410)	batch_time 0.08		data_time 0.01		loss 0.658	prec@1 79.84	prec@5 93.16	
Train: epoch-9 (6200/7410)	batch_time 0.08		data_time 0.01		loss 0.657	prec@1 79.75	prec@5 93.81	
Train: epoch-9 (6400/7410)	batch_time 0.09		data_time 0.01		loss 0.661	prec@1 80.22	prec@5 93.72	
Train: epoch-9 (6600/7410)	batch_time 0.09		data_time 0.01		loss 0.668	prec@1 79.88	prec@5 93.31	
Train: epoch-9 (6800/7410)	batch_time 0.08		data_time 0.01		loss 0.618	prec@1 80.72	prec@5 94.41	
Train: epoch-9 (7000/7410)	batch_time 0.08		data_time 0.01		loss 0.648	prec@1 79.72	prec@5 93.81	
Train: epoch-9 (7200/7410)	batch_time 0.08		data_time 0.01		loss 0.654	prec@1 79.75	prec@5 93.72	
Train: epoch-9 (7400/7410)	batch_time 0.08		data_time 0.01		loss 0.658	prec@1 79.75	prec@5 93.66	
Validate: Prec@1 92.13 Validate: Prec@5 99.33  Loss 0.259
Best Prec@1: 92.13

Train: epoch-10 (200/7410)	batch_time 0.19		data_time 0.11		loss 0.661	prec@1 79.78	prec@5 92.88	
Train: epoch-10 (400/7410)	batch_time 0.08		data_time 0.01		loss 0.643	prec@1 80.81	prec@5 93.75	
Train: epoch-10 (600/7410)	batch_time 0.08		data_time 0.01		loss 0.611	prec@1 81.62	prec@5 94.28	
Train: epoch-10 (800/7410)	batch_time 0.08		data_time 0.01		loss 0.650	prec@1 80.31	prec@5 93.66	
Train: epoch-10 (1000/7410)	batch_time 0.08		data_time 0.01		loss 0.647	prec@1 81.09	prec@5 93.47	
Train: epoch-10 (1200/7410)	batch_time 0.08		data_time 0.01		loss 0.614	prec@1 81.47	prec@5 94.34	
Train: epoch-10 (1400/7410)	batch_time 0.08		data_time 0.01		loss 0.634	prec@1 80.94	prec@5 93.16	
Train: epoch-10 (1600/7410)	batch_time 0.08		data_time 0.01		loss 0.632	prec@1 81.41	prec@5 93.47	
Train: epoch-10 (1800/7410)	batch_time 0.08		data_time 0.01		loss 0.616	prec@1 80.56	prec@5 94.25	
Train: epoch-10 (2000/7410)	batch_time 0.08		data_time 0.01		loss 0.659	prec@1 80.00	prec@5 93.44	
Train: epoch-10 (2200/7410)	batch_time 0.08		data_time 0.01		loss 0.660	prec@1 80.53	prec@5 93.12	
Train: epoch-10 (2400/7410)	batch_time 0.08		data_time 0.01		loss 0.620	prec@1 81.16	prec@5 93.72	
Train: epoch-10 (2600/7410)	batch_time 0.08		data_time 0.01		loss 0.668	prec@1 79.84	prec@5 92.94	
Train: epoch-10 (2800/7410)	batch_time 0.08		data_time 0.01		loss 0.621	prec@1 81.28	prec@5 93.53	
Train: epoch-10 (3000/7410)	batch_time 0.08		data_time 0.01		loss 0.610	prec@1 81.84	prec@5 94.00	
Train: epoch-10 (3200/7410)	batch_time 0.08		data_time 0.01		loss 0.639	prec@1 80.72	prec@5 93.53	
Train: epoch-10 (3400/7410)	batch_time 0.08		data_time 0.01		loss 0.626	prec@1 81.12	prec@5 94.00	
Train: epoch-10 (3600/7410)	batch_time 0.08		data_time 0.01		loss 0.655	prec@1 79.56	prec@5 93.28	
Train: epoch-10 (3800/7410)	batch_time 0.08		data_time 0.01		loss 0.632	prec@1 80.69	prec@5 94.16	
Train: epoch-10 (4000/7410)	batch_time 0.08		data_time 0.01		loss 0.637	prec@1 81.16	prec@5 92.84	
Train: epoch-10 (4200/7410)	batch_time 0.08		data_time 0.01		loss 0.616	prec@1 80.88	prec@5 93.91	
Train: epoch-10 (4400/7410)	batch_time 0.08		data_time 0.01		loss 0.654	prec@1 80.03	prec@5 93.25	
Train: epoch-10 (4600/7410)	batch_time 0.08		data_time 0.01		loss 0.658	prec@1 80.25	prec@5 93.00	
Train: epoch-10 (4800/7410)	batch_time 0.08		data_time 0.01		loss 0.651	prec@1 81.03	prec@5 93.28	
Train: epoch-10 (5000/7410)	batch_time 0.08		data_time 0.01		loss 0.630	prec@1 80.84	prec@5 93.81	
Train: epoch-10 (5200/7410)	batch_time 0.08		data_time 0.01		loss 0.604	prec@1 81.84	prec@5 94.12	
Train: epoch-10 (5400/7410)	batch_time 0.08		data_time 0.01		loss 0.624	prec@1 80.69	prec@5 93.66	
Train: epoch-10 (5600/7410)	batch_time 0.08		data_time 0.01		loss 0.596	prec@1 81.38	prec@5 94.41	
Train: epoch-10 (5800/7410)	batch_time 0.08		data_time 0.01		loss 0.617	prec@1 80.81	prec@5 94.53	
Train: epoch-10 (6000/7410)	batch_time 0.08		data_time 0.01		loss 0.647	prec@1 80.22	prec@5 92.91	
Train: epoch-10 (6200/7410)	batch_time 0.08		data_time 0.01		loss 0.608	prec@1 81.69	prec@5 94.03	
Train: epoch-10 (6400/7410)	batch_time 0.08		data_time 0.01		loss 0.635	prec@1 80.97	prec@5 93.81	
Train: epoch-10 (6600/7410)	batch_time 0.09		data_time 0.01		loss 0.640	prec@1 80.38	prec@5 93.94	
Train: epoch-10 (6800/7410)	batch_time 0.08		data_time 0.01		loss 0.639	prec@1 80.84	prec@5 93.38	
Train: epoch-10 (7000/7410)	batch_time 0.08		data_time 0.01		loss 0.630	prec@1 81.16	prec@5 93.44	
Train: epoch-10 (7200/7410)	batch_time 0.08		data_time 0.01		loss 0.654	prec@1 80.06	prec@5 93.09	
Train: epoch-10 (7400/7410)	batch_time 0.08		data_time 0.01		loss 0.636	prec@1 80.88	prec@5 93.50	
Validate: Prec@1 92.21 Validate: Prec@5 99.37  Loss 0.259
Best Prec@1: 92.21

Train: epoch-11 (200/7410)	batch_time 0.19		data_time 0.11		loss 0.612	prec@1 80.78	prec@5 94.06	
Train: epoch-11 (400/7410)	batch_time 0.08		data_time 0.01		loss 0.630	prec@1 80.56	prec@5 94.00	
Train: epoch-11 (600/7410)	batch_time 0.08		data_time 0.01		loss 0.660	prec@1 80.00	prec@5 93.53	
Train: epoch-11 (800/7410)	batch_time 0.08		data_time 0.01		loss 0.627	prec@1 81.34	prec@5 93.53	
Train: epoch-11 (1000/7410)	batch_time 0.08		data_time 0.01		loss 0.639	prec@1 80.88	prec@5 93.84	
Train: epoch-11 (1200/7410)	batch_time 0.08		data_time 0.01		loss 0.651	prec@1 80.38	prec@5 93.00	
Train: epoch-11 (1400/7410)	batch_time 0.08		data_time 0.01		loss 0.632	prec@1 80.81	prec@5 93.62	
Train: epoch-11 (1600/7410)	batch_time 0.08		data_time 0.01		loss 0.612	prec@1 81.22	prec@5 93.78	
Train: epoch-11 (1800/7410)	batch_time 0.08		data_time 0.01		loss 0.634	prec@1 80.56	prec@5 93.47	
Train: epoch-11 (2000/7410)	batch_time 0.08		data_time 0.01		loss 0.632	prec@1 80.72	prec@5 93.31	
Train: epoch-11 (2200/7410)	batch_time 0.08		data_time 0.01		loss 0.611	prec@1 81.75	prec@5 94.09	
Train: epoch-11 (2400/7410)	batch_time 0.08		data_time 0.01		loss 0.655	prec@1 79.84	prec@5 94.06	
Train: epoch-11 (2600/7410)	batch_time 0.08		data_time 0.01		loss 0.616	prec@1 81.66	prec@5 94.06	
Train: epoch-11 (2800/7410)	batch_time 0.08		data_time 0.01		loss 0.639	prec@1 79.97	prec@5 94.12	
Train: epoch-11 (3000/7410)	batch_time 0.08		data_time 0.01		loss 0.626	prec@1 81.25	prec@5 93.84	
Train: epoch-11 (3200/7410)	batch_time 0.08		data_time 0.01		loss 0.592	prec@1 81.72	prec@5 94.22	
Train: epoch-11 (3400/7410)	batch_time 0.08		data_time 0.01		loss 0.641	prec@1 80.81	prec@5 93.47	
Train: epoch-11 (3600/7410)	batch_time 0.08		data_time 0.01		loss 0.610	prec@1 81.41	prec@5 94.34	
Train: epoch-11 (3800/7410)	batch_time 0.08		data_time 0.01		loss 0.625	prec@1 80.75	prec@5 93.78	
Train: epoch-11 (4000/7410)	batch_time 0.08		data_time 0.01		loss 0.635	prec@1 80.50	prec@5 93.81	
Train: epoch-11 (4200/7410)	batch_time 0.08		data_time 0.01		loss 0.642	prec@1 80.41	prec@5 93.56	
Train: epoch-11 (4400/7410)	batch_time 0.08		data_time 0.01		loss 0.625	prec@1 80.75	prec@5 93.56	
Train: epoch-11 (4600/7410)	batch_time 0.08		data_time 0.01		loss 0.587	prec@1 82.16	prec@5 94.38	
Train: epoch-11 (4800/7410)	batch_time 0.08		data_time 0.01		loss 0.611	prec@1 82.22	prec@5 93.94	
Train: epoch-11 (5000/7410)	batch_time 0.08		data_time 0.01		loss 0.594	prec@1 81.47	prec@5 94.56	
Train: epoch-11 (5200/7410)	batch_time 0.08		data_time 0.01		loss 0.635	prec@1 81.00	prec@5 93.81	
Train: epoch-11 (5400/7410)	batch_time 0.08		data_time 0.01		loss 0.644	prec@1 80.47	prec@5 93.47	
Train: epoch-11 (5600/7410)	batch_time 0.08		data_time 0.01		loss 0.636	prec@1 81.16	prec@5 93.44	
Train: epoch-11 (5800/7410)	batch_time 0.08		data_time 0.01		loss 0.645	prec@1 80.16	prec@5 93.28	
Train: epoch-11 (6000/7410)	batch_time 0.08		data_time 0.01		loss 0.604	prec@1 81.38	prec@5 94.75	
Train: epoch-11 (6200/7410)	batch_time 0.08		data_time 0.01		loss 0.650	prec@1 80.16	prec@5 93.38	
Train: epoch-11 (6400/7410)	batch_time 0.08		data_time 0.01		loss 0.610	prec@1 81.16	prec@5 93.88	
Train: epoch-11 (6600/7410)	batch_time 0.08		data_time 0.01		loss 0.623	prec@1 81.41	prec@5 93.59	
Train: epoch-11 (6800/7410)	batch_time 0.08		data_time 0.01		loss 0.628	prec@1 80.69	prec@5 94.00	
Train: epoch-11 (7000/7410)	batch_time 0.08		data_time 0.01		loss 0.626	prec@1 81.31	prec@5 94.00	
Train: epoch-11 (7200/7410)	batch_time 0.08		data_time 0.01		loss 0.612	prec@1 81.94	prec@5 93.88	
Train: epoch-11 (7400/7410)	batch_time 0.08		data_time 0.01		loss 0.660	prec@1 79.94	prec@5 93.22	
Validate: Prec@1 92.54 Validate: Prec@5 99.40  Loss 0.247
Best Prec@1: 92.54

Train: epoch-12 (200/7410)	batch_time 0.19		data_time 0.11		loss 0.637	prec@1 80.75	prec@5 93.31	
Train: epoch-12 (400/7410)	batch_time 0.08		data_time 0.01		loss 0.576	prec@1 82.34	prec@5 94.47	
Train: epoch-12 (600/7410)	batch_time 0.08		data_time 0.01		loss 0.628	prec@1 81.34	prec@5 93.78	
Train: epoch-12 (800/7410)	batch_time 0.08		data_time 0.01		loss 0.610	prec@1 81.00	prec@5 94.72	
Train: epoch-12 (1000/7410)	batch_time 0.08		data_time 0.01		loss 0.646	prec@1 80.25	prec@5 93.66	
Train: epoch-12 (1200/7410)	batch_time 0.09		data_time 0.01		loss 0.584	prec@1 82.19	prec@5 93.88	
Train: epoch-12 (1400/7410)	batch_time 0.08		data_time 0.01		loss 0.567	prec@1 82.03	prec@5 95.19	
Train: epoch-12 (1600/7410)	batch_time 0.08		data_time 0.01		loss 0.559	prec@1 83.59	prec@5 94.16	
Train: epoch-12 (1800/7410)	batch_time 0.08		data_time 0.01		loss 0.632	prec@1 81.12	prec@5 93.97	
Train: epoch-12 (2000/7410)	batch_time 0.08		data_time 0.01		loss 0.586	prec@1 81.88	prec@5 94.41	
Train: epoch-12 (2200/7410)	batch_time 0.09		data_time 0.01		loss 0.602	prec@1 82.44	prec@5 93.28	
Train: epoch-12 (2400/7410)	batch_time 0.09		data_time 0.01		loss 0.590	prec@1 81.69	prec@5 94.62	
Train: epoch-12 (2600/7410)	batch_time 0.09		data_time 0.01		loss 0.582	prec@1 82.03	prec@5 94.25	
Train: epoch-12 (2800/7410)	batch_time 0.09		data_time 0.01		loss 0.625	prec@1 80.91	prec@5 93.12	
Train: epoch-12 (3000/7410)	batch_time 0.09		data_time 0.01		loss 0.628	prec@1 80.59	prec@5 93.31	
Train: epoch-12 (3200/7410)	batch_time 0.08		data_time 0.01		loss 0.625	prec@1 81.00	prec@5 94.06	
Train: epoch-12 (3400/7410)	batch_time 0.08		data_time 0.01		loss 0.636	prec@1 81.00	prec@5 93.19	
Train: epoch-12 (3600/7410)	batch_time 0.09		data_time 0.01		loss 0.616	prec@1 81.34	prec@5 93.28	
Train: epoch-12 (3800/7410)	batch_time 0.09		data_time 0.01		loss 0.624	prec@1 80.94	prec@5 93.59	
Train: epoch-12 (4000/7410)	batch_time 0.09		data_time 0.01		loss 0.573	prec@1 82.75	prec@5 94.44	
Train: epoch-12 (4200/7410)	batch_time 0.09		data_time 0.01		loss 0.633	prec@1 81.34	prec@5 93.50	
Train: epoch-12 (4400/7410)	batch_time 0.09		data_time 0.01		loss 0.605	prec@1 81.47	prec@5 94.62	
Train: epoch-12 (4600/7410)	batch_time 0.08		data_time 0.01		loss 0.634	prec@1 80.41	prec@5 93.91	
Train: epoch-12 (4800/7410)	batch_time 0.09		data_time 0.01		loss 0.647	prec@1 80.25	prec@5 93.31	
Train: epoch-12 (5000/7410)	batch_time 0.09		data_time 0.01		loss 0.605	prec@1 81.41	prec@5 94.00	
Train: epoch-12 (5200/7410)	batch_time 0.09		data_time 0.01		loss 0.610	prec@1 81.06	prec@5 94.31	
Train: epoch-12 (5400/7410)	batch_time 0.09		data_time 0.01		loss 0.610	prec@1 81.34	prec@5 94.06	
Train: epoch-12 (5600/7410)	batch_time 0.08		data_time 0.01		loss 0.610	prec@1 82.03	prec@5 93.59	
Train: epoch-12 (5800/7410)	batch_time 0.09		data_time 0.01		loss 0.614	prec@1 81.78	prec@5 94.50	
Train: epoch-12 (6000/7410)	batch_time 0.09		data_time 0.01		loss 0.616	prec@1 80.72	prec@5 93.56	
Train: epoch-12 (6200/7410)	batch_time 0.08		data_time 0.01		loss 0.567	prec@1 82.81	prec@5 93.62	
Train: epoch-12 (6400/7410)	batch_time 0.09		data_time 0.01		loss 0.554	prec@1 83.62	prec@5 94.91	
Train: epoch-12 (6600/7410)	batch_time 0.09		data_time 0.01		loss 0.613	prec@1 81.28	prec@5 93.75	
Train: epoch-12 (6800/7410)	batch_time 0.09		data_time 0.01		loss 0.634	prec@1 80.53	prec@5 93.56	
Train: epoch-12 (7000/7410)	batch_time 0.09		data_time 0.01		loss 0.641	prec@1 80.03	prec@5 93.84	
Train: epoch-12 (7200/7410)	batch_time 0.09		data_time 0.01		loss 0.600	prec@1 82.31	prec@5 94.69	
Train: epoch-12 (7400/7410)	batch_time 0.08		data_time 0.01		loss 0.626	prec@1 81.25	prec@5 94.22	
Validate: Prec@1 92.83 Validate: Prec@5 99.49  Loss 0.236
Best Prec@1: 92.83

Train: epoch-13 (200/7410)	batch_time 0.19		data_time 0.11		loss 0.569	prec@1 81.97	prec@5 94.53	
Train: epoch-13 (400/7410)	batch_time 0.08		data_time 0.01		loss 0.599	prec@1 81.94	prec@5 93.72	
Train: epoch-13 (600/7410)	batch_time 0.09		data_time 0.01		loss 0.586	prec@1 82.25	prec@5 94.12	
Train: epoch-13 (800/7410)	batch_time 0.08		data_time 0.01		loss 0.595	prec@1 82.16	prec@5 94.19	
Train: epoch-13 (1000/7410)	batch_time 0.09		data_time 0.01		loss 0.599	prec@1 81.47	prec@5 94.28	
Train: epoch-13 (1200/7410)	batch_time 0.09		data_time 0.01		loss 0.630	prec@1 80.88	prec@5 93.50	
Train: epoch-13 (1400/7410)	batch_time 0.09		data_time 0.01		loss 0.597	prec@1 81.38	prec@5 93.66	
Train: epoch-13 (1600/7410)	batch_time 0.09		data_time 0.01		loss 0.581	prec@1 82.00	prec@5 94.22	
Train: epoch-13 (1800/7410)	batch_time 0.09		data_time 0.01		loss 0.618	prec@1 81.44	prec@5 93.25	
Train: epoch-13 (2000/7410)	batch_time 0.09		data_time 0.01		loss 0.615	prec@1 81.22	prec@5 93.72	
Train: epoch-13 (2200/7410)	batch_time 0.09		data_time 0.01		loss 0.577	prec@1 82.78	prec@5 94.25	
Train: epoch-13 (2400/7410)	batch_time 0.09		data_time 0.01		loss 0.621	prec@1 81.34	prec@5 93.69	
Train: epoch-13 (2600/7410)	batch_time 0.09		data_time 0.01		loss 0.607	prec@1 81.16	prec@5 93.78	
Train: epoch-13 (2800/7410)	batch_time 0.09		data_time 0.01		loss 0.629	prec@1 80.84	prec@5 93.44	
Train: epoch-13 (3000/7410)	batch_time 0.09		data_time 0.01		loss 0.621	prec@1 81.69	prec@5 93.50	
Train: epoch-13 (3200/7410)	batch_time 0.09		data_time 0.01		loss 0.579	prec@1 82.38	prec@5 93.84	
Train: epoch-13 (3400/7410)	batch_time 0.09		data_time 0.01		loss 0.585	prec@1 82.41	prec@5 94.22	
Train: epoch-13 (3600/7410)	batch_time 0.09		data_time 0.01		loss 0.612	prec@1 81.75	prec@5 93.97	
Train: epoch-13 (3800/7410)	batch_time 0.09		data_time 0.01		loss 0.642	prec@1 80.38	prec@5 93.97	
Train: epoch-13 (4000/7410)	batch_time 0.09		data_time 0.01		loss 0.624	prec@1 81.53	prec@5 93.47	
Train: epoch-13 (4200/7410)	batch_time 0.09		data_time 0.01		loss 0.612	prec@1 81.00	prec@5 93.78	
Train: epoch-13 (4400/7410)	batch_time 0.09		data_time 0.01		loss 0.593	prec@1 82.38	prec@5 94.41	
Train: epoch-13 (4600/7410)	batch_time 0.09		data_time 0.01		loss 0.601	prec@1 81.75	prec@5 94.19	
Train: epoch-13 (4800/7410)	batch_time 0.09		data_time 0.01		loss 0.589	prec@1 81.91	prec@5 93.94	
Train: epoch-13 (5000/7410)	batch_time 0.09		data_time 0.01		loss 0.568	prec@1 82.72	prec@5 94.03	
Train: epoch-13 (5200/7410)	batch_time 0.09		data_time 0.01		loss 0.594	prec@1 82.12	prec@5 94.44	
Train: epoch-13 (5400/7410)	batch_time 0.09		data_time 0.01		loss 0.606	prec@1 80.75	prec@5 93.72	
Train: epoch-13 (5600/7410)	batch_time 0.09		data_time 0.01		loss 0.615	prec@1 81.38	prec@5 93.66	
Train: epoch-13 (5800/7410)	batch_time 0.09		data_time 0.01		loss 0.596	prec@1 81.31	prec@5 93.97	
Train: epoch-13 (6000/7410)	batch_time 0.09		data_time 0.01		loss 0.606	prec@1 81.78	prec@5 93.50	
Train: epoch-13 (6200/7410)	batch_time 0.09		data_time 0.01		loss 0.615	prec@1 81.44	prec@5 93.47	
Train: epoch-13 (6400/7410)	batch_time 0.09		data_time 0.01		loss 0.618	prec@1 81.38	prec@5 93.97	
Train: epoch-13 (6600/7410)	batch_time 0.09		data_time 0.01		loss 0.609	prec@1 81.44	prec@5 93.84	
Train: epoch-13 (6800/7410)	batch_time 0.09		data_time 0.01		loss 0.616	prec@1 81.22	prec@5 94.25	
Train: epoch-13 (7000/7410)	batch_time 0.09		data_time 0.01		loss 0.576	prec@1 82.81	prec@5 94.34	
Train: epoch-13 (7200/7410)	batch_time 0.09		data_time 0.01		loss 0.611	prec@1 81.50	prec@5 94.41	
Train: epoch-13 (7400/7410)	batch_time 0.09		data_time 0.01		loss 0.574	prec@1 82.56	prec@5 94.28	
Validate: Prec@1 92.64 Validate: Prec@5 99.47  Loss 0.238
Best Prec@1: 92.83

Train: epoch-14 (200/7410)	batch_time 0.19		data_time 0.12		loss 0.613	prec@1 81.47	prec@5 93.34	
Train: epoch-14 (400/7410)	batch_time 0.09		data_time 0.01		loss 0.598	prec@1 81.50	prec@5 94.78	
Train: epoch-14 (600/7410)	batch_time 0.08		data_time 0.01		loss 0.596	prec@1 81.81	prec@5 94.19	
Train: epoch-14 (800/7410)	batch_time 0.08		data_time 0.01		loss 0.586	prec@1 82.06	prec@5 94.03	
Train: epoch-14 (1000/7410)	batch_time 0.09		data_time 0.01		loss 0.595	prec@1 82.00	prec@5 94.03	
Train: epoch-14 (1200/7410)	batch_time 0.09		data_time 0.01		loss 0.600	prec@1 81.91	prec@5 94.00	
Train: epoch-14 (1400/7410)	batch_time 0.09		data_time 0.01		loss 0.569	prec@1 82.31	prec@5 94.44	
Train: epoch-14 (1600/7410)	batch_time 0.09		data_time 0.01		loss 0.591	prec@1 82.88	prec@5 93.75	
Train: epoch-14 (1800/7410)	batch_time 0.09		data_time 0.01		loss 0.627	prec@1 81.22	prec@5 93.66	
Train: epoch-14 (2000/7410)	batch_time 0.09		data_time 0.01		loss 0.614	prec@1 81.47	prec@5 93.88	
Train: epoch-14 (2200/7410)	batch_time 0.09		data_time 0.01		loss 0.594	prec@1 82.22	prec@5 94.59	
Train: epoch-14 (2400/7410)	batch_time 0.09		data_time 0.01		loss 0.600	prec@1 81.47	prec@5 93.66	
Train: epoch-14 (2600/7410)	batch_time 0.09		data_time 0.01		loss 0.606	prec@1 81.34	prec@5 93.91	
Train: epoch-14 (2800/7410)	batch_time 0.09		data_time 0.01		loss 0.579	prec@1 81.88	prec@5 93.97	
Train: epoch-14 (3000/7410)	batch_time 0.09		data_time 0.01		loss 0.614	prec@1 81.50	prec@5 93.62	
Train: epoch-14 (3200/7410)	batch_time 0.09		data_time 0.01		loss 0.550	prec@1 83.06	prec@5 94.66	
Train: epoch-14 (3400/7410)	batch_time 0.09		data_time 0.01		loss 0.630	prec@1 80.47	prec@5 93.00	
Train: epoch-14 (3600/7410)	batch_time 0.09		data_time 0.01		loss 0.570	prec@1 82.50	prec@5 94.12	
Train: epoch-14 (3800/7410)	batch_time 0.09		data_time 0.01		loss 0.631	prec@1 81.00	prec@5 93.72	
Train: epoch-14 (4000/7410)	batch_time 0.09		data_time 0.01		loss 0.567	prec@1 82.25	prec@5 95.28	
Train: epoch-14 (4200/7410)	batch_time 0.09		data_time 0.01		loss 0.588	prec@1 81.50	prec@5 94.62	
Train: epoch-14 (4400/7410)	batch_time 0.09		data_time 0.01		loss 0.610	prec@1 81.72	prec@5 94.28	
Train: epoch-14 (4600/7410)	batch_time 0.09		data_time 0.01		loss 0.609	prec@1 81.34	prec@5 94.41	
Train: epoch-14 (4800/7410)	batch_time 0.09		data_time 0.01		loss 0.624	prec@1 81.25	prec@5 93.69	
Train: epoch-14 (5000/7410)	batch_time 0.09		data_time 0.01		loss 0.612	prec@1 80.88	prec@5 93.84	
Train: epoch-14 (5200/7410)	batch_time 0.09		data_time 0.01		loss 0.643	prec@1 80.28	prec@5 93.59	
Train: epoch-14 (5400/7410)	batch_time 0.09		data_time 0.01		loss 0.602	prec@1 81.50	prec@5 93.28	
Train: epoch-14 (5600/7410)	batch_time 0.09		data_time 0.01		loss 0.620	prec@1 80.78	prec@5 94.03	
Train: epoch-14 (5800/7410)	batch_time 0.09		data_time 0.01		loss 0.588	prec@1 81.97	prec@5 94.25	
Train: epoch-14 (6000/7410)	batch_time 0.09		data_time 0.01		loss 0.600	prec@1 81.62	prec@5 94.44	
Train: epoch-14 (6200/7410)	batch_time 0.09		data_time 0.01		loss 0.593	prec@1 81.91	prec@5 94.66	
Train: epoch-14 (6400/7410)	batch_time 0.09		data_time 0.01		loss 0.565	prec@1 82.81	prec@5 94.59	
Train: epoch-14 (6600/7410)	batch_time 0.09		data_time 0.01		loss 0.553	prec@1 83.16	prec@5 94.72	
Train: epoch-14 (6800/7410)	batch_time 0.09		data_time 0.01		loss 0.617	prec@1 81.97	prec@5 93.28	
Train: epoch-14 (7000/7410)	batch_time 0.09		data_time 0.01		loss 0.603	prec@1 81.41	prec@5 93.38	
Train: epoch-14 (7200/7410)	batch_time 0.09		data_time 0.01		loss 0.613	prec@1 81.47	prec@5 94.00	
Train: epoch-14 (7400/7410)	batch_time 0.09		data_time 0.01		loss 0.584	prec@1 81.94	prec@5 94.25	
Validate: Prec@1 92.26 Validate: Prec@5 99.52  Loss 0.250
Best Prec@1: 92.83

Train: epoch-15 (200/7410)	batch_time 0.19		data_time 0.12		loss 0.571	prec@1 82.66	prec@5 94.62	
Train: epoch-15 (400/7410)	batch_time 0.09		data_time 0.01		loss 0.604	prec@1 81.50	prec@5 93.78	
Train: epoch-15 (600/7410)	batch_time 0.09		data_time 0.01		loss 0.574	prec@1 82.91	prec@5 94.22	
Train: epoch-15 (800/7410)	batch_time 0.09		data_time 0.01		loss 0.603	prec@1 82.09	prec@5 94.62	
Train: epoch-15 (1000/7410)	batch_time 0.09		data_time 0.01		loss 0.611	prec@1 80.84	prec@5 93.81	
Train: epoch-15 (1200/7410)	batch_time 0.09		data_time 0.01		loss 0.585	prec@1 82.19	prec@5 94.03	
Train: epoch-15 (1400/7410)	batch_time 0.09		data_time 0.01		loss 0.564	prec@1 83.31	prec@5 94.22	
Train: epoch-15 (1600/7410)	batch_time 0.09		data_time 0.01		loss 0.566	prec@1 83.03	prec@5 94.06	
Train: epoch-15 (1800/7410)	batch_time 0.09		data_time 0.01		loss 0.595	prec@1 82.34	prec@5 93.78	
Train: epoch-15 (2000/7410)	batch_time 0.09		data_time 0.01		loss 0.624	prec@1 81.34	prec@5 93.47	
Train: epoch-15 (2200/7410)	batch_time 0.09		data_time 0.01		loss 0.583	prec@1 81.94	prec@5 94.25	
Train: epoch-15 (2400/7410)	batch_time 0.09		data_time 0.01		loss 0.557	prec@1 83.25	prec@5 94.44	
Train: epoch-15 (2600/7410)	batch_time 0.09		data_time 0.01		loss 0.605	prec@1 82.44	prec@5 93.34	
Train: epoch-15 (2800/7410)	batch_time 0.09		data_time 0.01		loss 0.563	prec@1 83.03	prec@5 94.81	
Train: epoch-15 (3000/7410)	batch_time 0.09		data_time 0.01		loss 0.568	prec@1 82.88	prec@5 94.41	
Train: epoch-15 (3200/7410)	batch_time 0.09		data_time 0.01		loss 0.555	prec@1 83.00	prec@5 94.72	
Train: epoch-15 (3400/7410)	batch_time 0.09		data_time 0.01		loss 0.612	prec@1 81.94	prec@5 93.53	
Train: epoch-15 (3600/7410)	batch_time 0.09		data_time 0.01		loss 0.585	prec@1 81.78	prec@5 94.31	
Train: epoch-15 (3800/7410)	batch_time 0.09		data_time 0.01		loss 0.574	prec@1 82.56	prec@5 94.62	
Train: epoch-15 (4000/7410)	batch_time 0.09		data_time 0.01		loss 0.619	prec@1 81.31	prec@5 93.44	
Train: epoch-15 (4200/7410)	batch_time 0.09		data_time 0.01		loss 0.580	prec@1 81.53	prec@5 94.38	
Train: epoch-15 (4400/7410)	batch_time 0.09		data_time 0.01		loss 0.570	prec@1 82.84	prec@5 94.50	
Train: epoch-15 (4600/7410)	batch_time 0.09		data_time 0.01		loss 0.593	prec@1 81.69	prec@5 94.00	
Train: epoch-15 (4800/7410)	batch_time 0.09		data_time 0.01		loss 0.610	prec@1 81.62	prec@5 94.03	
Train: epoch-15 (5000/7410)	batch_time 0.09		data_time 0.01		loss 0.613	prec@1 81.34	prec@5 94.16	
Train: epoch-15 (5200/7410)	batch_time 0.09		data_time 0.01		loss 0.622	prec@1 81.16	prec@5 93.94	
Train: epoch-15 (5400/7410)	batch_time 0.08		data_time 0.01		loss 0.609	prec@1 81.97	prec@5 93.81	
Train: epoch-15 (5600/7410)	batch_time 0.09		data_time 0.01		loss 0.580	prec@1 82.31	prec@5 94.41	
Train: epoch-15 (5800/7410)	batch_time 0.08		data_time 0.01		loss 0.560	prec@1 82.97	prec@5 94.00	
Train: epoch-15 (6000/7410)	batch_time 0.09		data_time 0.01		loss 0.578	prec@1 82.53	prec@5 94.16	
Train: epoch-15 (6200/7410)	batch_time 0.08		data_time 0.01		loss 0.608	prec@1 81.56	prec@5 93.78	
Train: epoch-15 (6400/7410)	batch_time 0.08		data_time 0.01		loss 0.558	prec@1 82.75	prec@5 94.44	
Train: epoch-15 (6600/7410)	batch_time 0.08		data_time 0.01		loss 0.631	prec@1 81.25	prec@5 93.97	
Train: epoch-15 (6800/7410)	batch_time 0.09		data_time 0.01		loss 0.618	prec@1 81.66	prec@5 93.12	
Train: epoch-15 (7000/7410)	batch_time 0.08		data_time 0.01		loss 0.585	prec@1 82.41	prec@5 94.78	
Train: epoch-15 (7200/7410)	batch_time 0.08		data_time 0.01		loss 0.575	prec@1 82.94	prec@5 94.59	
Train: epoch-15 (7400/7410)	batch_time 0.08		data_time 0.01		loss 0.602	prec@1 81.41	prec@5 93.69	
Validate: Prec@1 92.49 Validate: Prec@5 99.47  Loss 0.241
Best Prec@1: 92.83

Train: epoch-16 (200/7410)	batch_time 0.19		data_time 0.11		loss 0.581	prec@1 82.50	prec@5 94.38	
Train: epoch-16 (400/7410)	batch_time 0.08		data_time 0.01		loss 0.600	prec@1 82.03	prec@5 94.19	
Train: epoch-16 (600/7410)	batch_time 0.08		data_time 0.01		loss 0.596	prec@1 81.53	prec@5 93.94	
Train: epoch-16 (800/7410)	batch_time 0.08		data_time 0.01		loss 0.579	prec@1 82.12	prec@5 94.03	
Train: epoch-16 (1000/7410)	batch_time 0.08		data_time 0.01		loss 0.573	prec@1 82.44	prec@5 94.44	
Train: epoch-16 (1200/7410)	batch_time 0.08		data_time 0.01		loss 0.597	prec@1 81.59	prec@5 93.84	
Train: epoch-16 (1400/7410)	batch_time 0.09		data_time 0.01		loss 0.579	prec@1 81.72	prec@5 94.53	
Train: epoch-16 (1600/7410)	batch_time 0.08		data_time 0.01		loss 0.550	prec@1 83.41	prec@5 93.91	
Train: epoch-16 (1800/7410)	batch_time 0.08		data_time 0.01		loss 0.618	prec@1 81.19	prec@5 94.03	
Train: epoch-16 (2000/7410)	batch_time 0.08		data_time 0.01		loss 0.582	prec@1 82.50	prec@5 94.16	
Train: epoch-16 (2200/7410)	batch_time 0.08		data_time 0.01		loss 0.584	prec@1 82.12	prec@5 94.47	
Train: epoch-16 (2400/7410)	batch_time 0.09		data_time 0.01		loss 0.597	prec@1 81.56	prec@5 94.03	
Train: epoch-16 (2600/7410)	batch_time 0.08		data_time 0.01		loss 0.525	prec@1 84.12	prec@5 94.69	
Train: epoch-16 (2800/7410)	batch_time 0.08		data_time 0.01		loss 0.586	prec@1 82.06	prec@5 94.28	
Train: epoch-16 (3000/7410)	batch_time 0.08		data_time 0.01		loss 0.612	prec@1 81.94	prec@5 93.59	
Train: epoch-16 (3200/7410)	batch_time 0.08		data_time 0.01		loss 0.590	prec@1 82.00	prec@5 93.66	
Train: epoch-16 (3400/7410)	batch_time 0.08		data_time 0.01		loss 0.563	prec@1 83.03	prec@5 94.34	
Train: epoch-16 (3600/7410)	batch_time 0.08		data_time 0.01		loss 0.564	prec@1 82.78	prec@5 94.12	
Train: epoch-16 (3800/7410)	batch_time 0.08		data_time 0.01		loss 0.566	prec@1 82.91	prec@5 94.34	
Train: epoch-16 (4000/7410)	batch_time 0.08		data_time 0.01		loss 0.574	prec@1 82.22	prec@5 94.69	
Train: epoch-16 (4200/7410)	batch_time 0.08		data_time 0.01		loss 0.613	prec@1 81.22	prec@5 93.91	
Train: epoch-16 (4400/7410)	batch_time 0.08		data_time 0.01		loss 0.585	prec@1 82.06	prec@5 94.66	
Train: epoch-16 (4600/7410)	batch_time 0.08		data_time 0.01		loss 0.555	prec@1 83.31	prec@5 94.31	
Train: epoch-16 (4800/7410)	batch_time 0.08		data_time 0.01		loss 0.601	prec@1 82.28	prec@5 94.12	
Train: epoch-16 (5000/7410)	batch_time 0.08		data_time 0.01		loss 0.601	prec@1 81.94	prec@5 93.69	
Train: epoch-16 (5200/7410)	batch_time 0.08		data_time 0.01		loss 0.613	prec@1 81.03	prec@5 93.38	
Train: epoch-16 (5400/7410)	batch_time 0.08		data_time 0.01		loss 0.560	prec@1 83.22	prec@5 94.50	
Train: epoch-16 (5600/7410)	batch_time 0.08		data_time 0.01		loss 0.588	prec@1 82.25	prec@5 93.94	
Train: epoch-16 (5800/7410)	batch_time 0.08		data_time 0.01		loss 0.582	prec@1 82.31	prec@5 94.09	
Train: epoch-16 (6000/7410)	batch_time 0.08		data_time 0.01		loss 0.567	prec@1 82.12	prec@5 94.50	
Train: epoch-16 (6200/7410)	batch_time 0.08		data_time 0.01		loss 0.611	prec@1 81.31	prec@5 93.91	
Train: epoch-16 (6400/7410)	batch_time 0.08		data_time 0.01		loss 0.589	prec@1 81.72	prec@5 93.62	
Train: epoch-16 (6600/7410)	batch_time 0.08		data_time 0.01		loss 0.574	prec@1 82.47	prec@5 94.31	
Train: epoch-16 (6800/7410)	batch_time 0.08		data_time 0.01		loss 0.576	prec@1 83.00	prec@5 94.25	
Train: epoch-16 (7000/7410)	batch_time 0.08		data_time 0.01		loss 0.550	prec@1 82.78	prec@5 93.84	
Train: epoch-16 (7200/7410)	batch_time 0.08		data_time 0.01		loss 0.555	prec@1 83.56	prec@5 94.25	
Train: epoch-16 (7400/7410)	batch_time 0.08		data_time 0.01		loss 0.587	prec@1 81.44	prec@5 94.31	
Validate: Prec@1 93.01 Validate: Prec@5 99.46  Loss 0.229
Best Prec@1: 93.01

Train: epoch-17 (200/7410)	batch_time 0.18		data_time 0.11		loss 0.543	prec@1 83.62	prec@5 94.69	
Train: epoch-17 (400/7410)	batch_time 0.08		data_time 0.01		loss 0.555	prec@1 82.91	prec@5 94.84	
Train: epoch-17 (600/7410)	batch_time 0.08		data_time 0.01		loss 0.549	prec@1 83.28	prec@5 93.94	
Train: epoch-17 (800/7410)	batch_time 0.08		data_time 0.01		loss 0.543	prec@1 82.88	prec@5 95.19	
Train: epoch-17 (1000/7410)	batch_time 0.08		data_time 0.01		loss 0.553	prec@1 82.97	prec@5 94.78	
Train: epoch-17 (1200/7410)	batch_time 0.08		data_time 0.01		loss 0.554	prec@1 83.25	prec@5 94.38	
Train: epoch-17 (1400/7410)	batch_time 0.08		data_time 0.01		loss 0.572	prec@1 82.50	prec@5 94.09	
Train: epoch-17 (1600/7410)	batch_time 0.08		data_time 0.01		loss 0.594	prec@1 81.91	prec@5 93.88	
Train: epoch-17 (1800/7410)	batch_time 0.08		data_time 0.01		loss 0.551	prec@1 83.28	prec@5 94.69	
Train: epoch-17 (2000/7410)	batch_time 0.08		data_time 0.01		loss 0.583	prec@1 82.31	prec@5 93.84	
Train: epoch-17 (2200/7410)	batch_time 0.08		data_time 0.01		loss 0.575	prec@1 83.12	prec@5 94.38	
Train: epoch-17 (2400/7410)	batch_time 0.08		data_time 0.01		loss 0.558	prec@1 82.59	prec@5 94.59	
Train: epoch-17 (2600/7410)	batch_time 0.08		data_time 0.01		loss 0.560	prec@1 82.56	prec@5 94.50	
Train: epoch-17 (2800/7410)	batch_time 0.08		data_time 0.01		loss 0.574	prec@1 83.31	prec@5 94.22	
Train: epoch-17 (3000/7410)	batch_time 0.08		data_time 0.01		loss 0.552	prec@1 82.62	prec@5 94.22	
Train: epoch-17 (3200/7410)	batch_time 0.08		data_time 0.01		loss 0.562	prec@1 82.06	prec@5 93.75	
Train: epoch-17 (3400/7410)	batch_time 0.08		data_time 0.01		loss 0.600	prec@1 81.31	prec@5 94.31	
Train: epoch-17 (3600/7410)	batch_time 0.08		data_time 0.01		loss 0.575	prec@1 83.00	prec@5 93.81	
Train: epoch-17 (3800/7410)	batch_time 0.08		data_time 0.01		loss 0.543	prec@1 83.53	prec@5 94.62	
Train: epoch-17 (4000/7410)	batch_time 0.08		data_time 0.01		loss 0.564	prec@1 83.12	prec@5 94.41	
Train: epoch-17 (4200/7410)	batch_time 0.08		data_time 0.01		loss 0.551	prec@1 83.03	prec@5 94.56	
Train: epoch-17 (4400/7410)	batch_time 0.08		data_time 0.01		loss 0.557	prec@1 83.22	prec@5 94.38	
Train: epoch-17 (4600/7410)	batch_time 0.08		data_time 0.01		loss 0.596	prec@1 82.50	prec@5 93.78	
Train: epoch-17 (4800/7410)	batch_time 0.08		data_time 0.01		loss 0.572	prec@1 82.38	prec@5 93.94	
Train: epoch-17 (5000/7410)	batch_time 0.08		data_time 0.01		loss 0.596	prec@1 81.91	prec@5 93.94	
Train: epoch-17 (5200/7410)	batch_time 0.08		data_time 0.01		loss 0.564	prec@1 82.31	prec@5 94.44	
Train: epoch-17 (5400/7410)	batch_time 0.09		data_time 0.01		loss 0.551	prec@1 82.88	prec@5 94.88	
Train: epoch-17 (5600/7410)	batch_time 0.08		data_time 0.01		loss 0.591	prec@1 81.56	prec@5 93.94	
Train: epoch-17 (5800/7410)	batch_time 0.08		data_time 0.01		loss 0.589	prec@1 81.91	prec@5 94.44	
Train: epoch-17 (6000/7410)	batch_time 0.08		data_time 0.01		loss 0.541	prec@1 83.00	prec@5 95.25	
Train: epoch-17 (6200/7410)	batch_time 0.08		data_time 0.01		loss 0.596	prec@1 81.84	prec@5 93.50	
Train: epoch-17 (6400/7410)	batch_time 0.08		data_time 0.01		loss 0.569	prec@1 82.88	prec@5 94.47	
Train: epoch-17 (6600/7410)	batch_time 0.08		data_time 0.01		loss 0.577	prec@1 82.09	prec@5 94.72	
Train: epoch-17 (6800/7410)	batch_time 0.08		data_time 0.01		loss 0.573	prec@1 82.78	prec@5 93.75	
Train: epoch-17 (7000/7410)	batch_time 0.08		data_time 0.01		loss 0.525	prec@1 84.16	prec@5 94.88	
Train: epoch-17 (7200/7410)	batch_time 0.08		data_time 0.01		loss 0.598	prec@1 82.22	prec@5 93.78	
Train: epoch-17 (7400/7410)	batch_time 0.08		data_time 0.01		loss 0.601	prec@1 82.06	prec@5 94.09	
Validate: Prec@1 93.05 Validate: Prec@5 99.54  Loss 0.228
Best Prec@1: 93.05

Train: epoch-18 (200/7410)	batch_time 0.18		data_time 0.11		loss 0.547	prec@1 83.72	prec@5 93.97	
Train: epoch-18 (400/7410)	batch_time 0.08		data_time 0.01		loss 0.607	prec@1 81.31	prec@5 93.16	
Train: epoch-18 (600/7410)	batch_time 0.08		data_time 0.01		loss 0.574	prec@1 82.84	prec@5 93.88	
Train: epoch-18 (800/7410)	batch_time 0.08		data_time 0.01		loss 0.575	prec@1 82.34	prec@5 94.00	
Train: epoch-18 (1000/7410)	batch_time 0.09		data_time 0.01		loss 0.566	prec@1 82.34	prec@5 95.12	
Train: epoch-18 (1200/7410)	batch_time 0.08		data_time 0.01		loss 0.556	prec@1 83.72	prec@5 94.31	
Train: epoch-18 (1400/7410)	batch_time 0.09		data_time 0.01		loss 0.587	prec@1 82.62	prec@5 93.75	
Train: epoch-18 (1600/7410)	batch_time 0.08		data_time 0.01		loss 0.567	prec@1 82.34	prec@5 93.88	
Train: epoch-18 (1800/7410)	batch_time 0.08		data_time 0.01		loss 0.579	prec@1 82.88	prec@5 94.59	
Train: epoch-18 (2000/7410)	batch_time 0.08		data_time 0.01		loss 0.601	prec@1 82.41	prec@5 93.75	
Train: epoch-18 (2200/7410)	batch_time 0.08		data_time 0.01		loss 0.553	prec@1 84.00	prec@5 94.66	
Train: epoch-18 (2400/7410)	batch_time 0.08		data_time 0.01		loss 0.554	prec@1 83.03	prec@5 94.91	
Train: epoch-18 (2600/7410)	batch_time 0.08		data_time 0.01		loss 0.581	prec@1 82.34	prec@5 93.97	
Train: epoch-18 (2800/7410)	batch_time 0.08		data_time 0.01		loss 0.539	prec@1 83.72	prec@5 94.88	
Train: epoch-18 (3000/7410)	batch_time 0.08		data_time 0.01		loss 0.582	prec@1 82.16	prec@5 93.72	
Train: epoch-18 (3200/7410)	batch_time 0.08		data_time 0.01		loss 0.573	prec@1 82.53	prec@5 93.59	
Train: epoch-18 (3400/7410)	batch_time 0.08		data_time 0.01		loss 0.545	prec@1 83.62	prec@5 94.34	
Train: epoch-18 (3600/7410)	batch_time 0.08		data_time 0.01		loss 0.566	prec@1 83.22	prec@5 94.41	
Train: epoch-18 (3800/7410)	batch_time 0.08		data_time 0.01		loss 0.596	prec@1 82.75	prec@5 93.59	
Train: epoch-18 (4000/7410)	batch_time 0.08		data_time 0.01		loss 0.543	prec@1 83.56	prec@5 94.81	
Train: epoch-18 (4200/7410)	batch_time 0.09		data_time 0.01		loss 0.574	prec@1 82.22	prec@5 94.56	
Train: epoch-18 (4400/7410)	batch_time 0.08		data_time 0.01		loss 0.558	prec@1 83.44	prec@5 94.53	
Train: epoch-18 (4600/7410)	batch_time 0.08		data_time 0.01		loss 0.594	prec@1 81.62	prec@5 94.09	
Train: epoch-18 (4800/7410)	batch_time 0.09		data_time 0.01		loss 0.559	prec@1 83.06	prec@5 93.72	
Train: epoch-18 (5000/7410)	batch_time 0.09		data_time 0.01		loss 0.548	prec@1 83.34	prec@5 94.22	
Train: epoch-18 (5200/7410)	batch_time 0.09		data_time 0.01		loss 0.566	prec@1 82.72	prec@5 94.84	
Train: epoch-18 (5400/7410)	batch_time 0.09		data_time 0.01		loss 0.560	prec@1 83.38	prec@5 94.22	
Train: epoch-18 (5600/7410)	batch_time 0.09		data_time 0.01		loss 0.597	prec@1 82.00	prec@5 94.19	
Train: epoch-18 (5800/7410)	batch_time 0.09		data_time 0.01		loss 0.550	prec@1 83.38	prec@5 94.19	
Train: epoch-18 (6000/7410)	batch_time 0.09		data_time 0.01		loss 0.560	prec@1 82.78	prec@5 94.16	
Train: epoch-18 (6200/7410)	batch_time 0.09		data_time 0.01		loss 0.555	prec@1 82.91	prec@5 94.62	
Train: epoch-18 (6400/7410)	batch_time 0.09		data_time 0.01		loss 0.565	prec@1 82.44	prec@5 94.25	
Train: epoch-18 (6600/7410)	batch_time 0.09		data_time 0.01		loss 0.555	prec@1 83.31	prec@5 94.91	
Train: epoch-18 (6800/7410)	batch_time 0.09		data_time 0.01		loss 0.546	prec@1 83.16	prec@5 94.69	
Train: epoch-18 (7000/7410)	batch_time 0.09		data_time 0.01		loss 0.546	prec@1 83.56	prec@5 94.25	
Train: epoch-18 (7200/7410)	batch_time 0.09		data_time 0.01		loss 0.575	prec@1 82.38	prec@5 94.00	
Train: epoch-18 (7400/7410)	batch_time 0.08		data_time 0.01		loss 0.522	prec@1 83.28	prec@5 95.12	
Validate: Prec@1 93.51 Validate: Prec@5 99.52  Loss 0.217
Best Prec@1: 93.51

Train: epoch-19 (200/7410)	batch_time 0.19		data_time 0.11		loss 0.581	prec@1 82.75	prec@5 93.84	
Train: epoch-19 (400/7410)	batch_time 0.08		data_time 0.01		loss 0.524	prec@1 83.75	prec@5 95.25	
Train: epoch-19 (600/7410)	batch_time 0.09		data_time 0.01		loss 0.575	prec@1 82.34	prec@5 94.09	
Train: epoch-19 (800/7410)	batch_time 0.08		data_time 0.01		loss 0.534	prec@1 83.59	prec@5 95.34	
Train: epoch-19 (1000/7410)	batch_time 0.09		data_time 0.01		loss 0.552	prec@1 83.47	prec@5 94.84	
Train: epoch-19 (1200/7410)	batch_time 0.09		data_time 0.01		loss 0.555	prec@1 83.34	prec@5 94.78	
Train: epoch-19 (1400/7410)	batch_time 0.09		data_time 0.01		loss 0.564	prec@1 83.56	prec@5 94.28	
Train: epoch-19 (1600/7410)	batch_time 0.09		data_time 0.01		loss 0.507	prec@1 84.06	prec@5 94.88	
Train: epoch-19 (1800/7410)	batch_time 0.09		data_time 0.01		loss 0.602	prec@1 81.75	prec@5 93.44	
Train: epoch-19 (2000/7410)	batch_time 0.09		data_time 0.01		loss 0.572	prec@1 82.41	prec@5 93.66	
Train: epoch-19 (2200/7410)	batch_time 0.09		data_time 0.01		loss 0.581	prec@1 82.38	prec@5 93.75	
Train: epoch-19 (2400/7410)	batch_time 0.09		data_time 0.01		loss 0.569	prec@1 82.62	prec@5 94.34	
Train: epoch-19 (2600/7410)	batch_time 0.09		data_time 0.01		loss 0.593	prec@1 82.38	prec@5 94.00	
Train: epoch-19 (2800/7410)	batch_time 0.09		data_time 0.01		loss 0.541	prec@1 84.06	prec@5 94.66	
Train: epoch-19 (3000/7410)	batch_time 0.09		data_time 0.01		loss 0.588	prec@1 82.16	prec@5 94.25	
Train: epoch-19 (3200/7410)	batch_time 0.09		data_time 0.01		loss 0.553	prec@1 83.34	prec@5 94.22	
Train: epoch-19 (3400/7410)	batch_time 0.09		data_time 0.01		loss 0.573	prec@1 82.62	prec@5 94.03	
Train: epoch-19 (3600/7410)	batch_time 0.09		data_time 0.01		loss 0.539	prec@1 83.28	prec@5 94.59	
Train: epoch-19 (3800/7410)	batch_time 0.09		data_time 0.01		loss 0.549	prec@1 83.41	prec@5 94.19	
Train: epoch-19 (4000/7410)	batch_time 0.09		data_time 0.01		loss 0.549	prec@1 83.19	prec@5 94.38	
Train: epoch-19 (4200/7410)	batch_time 0.09		data_time 0.01		loss 0.555	prec@1 83.62	prec@5 94.12	
Train: epoch-19 (4400/7410)	batch_time 0.09		data_time 0.01		loss 0.534	prec@1 84.03	prec@5 94.72	
Train: epoch-19 (4600/7410)	batch_time 0.09		data_time 0.01		loss 0.579	prec@1 82.44	prec@5 94.09	
Train: epoch-19 (4800/7410)	batch_time 0.09		data_time 0.01		loss 0.586	prec@1 81.72	prec@5 93.97	
Train: epoch-19 (5000/7410)	batch_time 0.09		data_time 0.01		loss 0.547	prec@1 82.75	prec@5 94.50	
Train: epoch-19 (5200/7410)	batch_time 0.09		data_time 0.01		loss 0.555	prec@1 82.88	prec@5 94.53	
Train: epoch-19 (5400/7410)	batch_time 0.09		data_time 0.01		loss 0.559	prec@1 82.97	prec@5 94.12	
Train: epoch-19 (5600/7410)	batch_time 0.09		data_time 0.01		loss 0.554	prec@1 83.00	prec@5 94.69	
Train: epoch-19 (5800/7410)	batch_time 0.09		data_time 0.01		loss 0.587	prec@1 82.00	prec@5 94.09	
Train: epoch-19 (6000/7410)	batch_time 0.09		data_time 0.01		loss 0.561	prec@1 83.12	prec@5 94.22	
Train: epoch-19 (6200/7410)	batch_time 0.09		data_time 0.01		loss 0.571	prec@1 82.25	prec@5 94.25	
Train: epoch-19 (6400/7410)	batch_time 0.09		data_time 0.01		loss 0.571	prec@1 82.09	prec@5 94.44	
Train: epoch-19 (6600/7410)	batch_time 0.09		data_time 0.01		loss 0.536	prec@1 84.06	prec@5 94.56	
Train: epoch-19 (6800/7410)	batch_time 0.09		data_time 0.01		loss 0.537	prec@1 83.97	prec@5 94.66	
Train: epoch-19 (7000/7410)	batch_time 0.09		data_time 0.01		loss 0.549	prec@1 83.12	prec@5 94.72	
Train: epoch-19 (7200/7410)	batch_time 0.09		data_time 0.01		loss 0.560	prec@1 83.62	prec@5 94.34	
Train: epoch-19 (7400/7410)	batch_time 0.09		data_time 0.01		loss 0.535	prec@1 83.34	prec@5 94.84	
Validate: Prec@1 93.41 Validate: Prec@5 99.55  Loss 0.216
Best Prec@1: 93.51

Train: epoch-20 (200/7410)	batch_time 0.19		data_time 0.11		loss 0.567	prec@1 83.25	prec@5 94.19	
Train: epoch-20 (400/7410)	batch_time 0.09		data_time 0.01		loss 0.584	prec@1 82.19	prec@5 94.16	
Train: epoch-20 (600/7410)	batch_time 0.08		data_time 0.01		loss 0.549	prec@1 82.84	prec@5 94.72	
Train: epoch-20 (800/7410)	batch_time 0.09		data_time 0.01		loss 0.562	prec@1 83.12	prec@5 94.16	
Train: epoch-20 (1000/7410)	batch_time 0.09		data_time 0.01		loss 0.542	prec@1 83.72	prec@5 94.62	
Train: epoch-20 (1200/7410)	batch_time 0.09		data_time 0.01		loss 0.554	prec@1 83.34	prec@5 94.31	
Train: epoch-20 (1400/7410)	batch_time 0.09		data_time 0.01		loss 0.577	prec@1 82.41	prec@5 94.19	
Train: epoch-20 (1600/7410)	batch_time 0.09		data_time 0.01		loss 0.527	prec@1 83.66	prec@5 94.75	
Train: epoch-20 (1800/7410)	batch_time 0.09		data_time 0.01		loss 0.511	prec@1 84.22	prec@5 94.91	
Train: epoch-20 (2000/7410)	batch_time 0.09		data_time 0.01		loss 0.547	prec@1 83.66	prec@5 94.16	
Train: epoch-20 (2200/7410)	batch_time 0.09		data_time 0.01		loss 0.550	prec@1 83.16	prec@5 94.75	
Train: epoch-20 (2400/7410)	batch_time 0.09		data_time 0.01		loss 0.571	prec@1 82.47	prec@5 94.06	
Train: epoch-20 (2600/7410)	batch_time 0.09		data_time 0.01		loss 0.554	prec@1 83.25	prec@5 94.47	
Train: epoch-20 (2800/7410)	batch_time 0.09		data_time 0.01		loss 0.558	prec@1 82.94	prec@5 94.28	
Train: epoch-20 (3000/7410)	batch_time 0.09		data_time 0.01		loss 0.529	prec@1 84.06	prec@5 95.16	
Train: epoch-20 (3200/7410)	batch_time 0.09		data_time 0.01		loss 0.583	prec@1 82.38	prec@5 93.59	
Train: epoch-20 (3400/7410)	batch_time 0.09		data_time 0.01		loss 0.503	prec@1 85.12	prec@5 95.03	
Train: epoch-20 (3600/7410)	batch_time 0.09		data_time 0.01		loss 0.567	prec@1 82.44	prec@5 94.31	
Train: epoch-20 (3800/7410)	batch_time 0.09		data_time 0.01		loss 0.518	prec@1 83.69	prec@5 95.09	
Train: epoch-20 (4000/7410)	batch_time 0.09		data_time 0.01		loss 0.568	prec@1 82.69	prec@5 94.25	
Train: epoch-20 (4200/7410)	batch_time 0.09		data_time 0.01		loss 0.574	prec@1 82.88	prec@5 94.34	
Train: epoch-20 (4400/7410)	batch_time 0.09		data_time 0.01		loss 0.549	prec@1 83.00	prec@5 94.56	
Train: epoch-20 (4600/7410)	batch_time 0.09		data_time 0.01		loss 0.546	prec@1 82.91	prec@5 94.19	
Train: epoch-20 (4800/7410)	batch_time 0.09		data_time 0.01		loss 0.592	prec@1 82.34	prec@5 93.97	
Train: epoch-20 (5000/7410)	batch_time 0.09		data_time 0.01		loss 0.572	prec@1 82.50	prec@5 94.78	
Train: epoch-20 (5200/7410)	batch_time 0.09		data_time 0.01		loss 0.553	prec@1 83.12	prec@5 94.25	
Train: epoch-20 (5400/7410)	batch_time 0.09		data_time 0.01		loss 0.560	prec@1 82.62	prec@5 94.16	
Train: epoch-20 (5600/7410)	batch_time 0.09		data_time 0.01		loss 0.551	prec@1 83.22	prec@5 94.81	
Train: epoch-20 (5800/7410)	batch_time 0.09		data_time 0.01		loss 0.537	prec@1 83.44	prec@5 94.81	
Train: epoch-20 (6000/7410)	batch_time 0.09		data_time 0.01		loss 0.548	prec@1 83.47	prec@5 94.59	
Train: epoch-20 (6200/7410)	batch_time 0.09		data_time 0.01		loss 0.602	prec@1 81.84	prec@5 93.41	
Train: epoch-20 (6400/7410)	batch_time 0.09		data_time 0.01		loss 0.550	prec@1 83.88	prec@5 93.88	
Train: epoch-20 (6600/7410)	batch_time 0.09		data_time 0.01		loss 0.541	prec@1 83.81	prec@5 94.47	
Train: epoch-20 (6800/7410)	batch_time 0.09		data_time 0.01		loss 0.582	prec@1 82.81	prec@5 94.12	
Train: epoch-20 (7000/7410)	batch_time 0.09		data_time 0.01		loss 0.541	prec@1 83.78	prec@5 94.72	
Train: epoch-20 (7200/7410)	batch_time 0.09		data_time 0.01		loss 0.582	prec@1 82.47	prec@5 94.06	
Train: epoch-20 (7400/7410)	batch_time 0.09		data_time 0.01		loss 0.568	prec@1 82.72	prec@5 94.19	
Validate: Prec@1 93.47 Validate: Prec@5 99.53  Loss 0.213
Best Prec@1: 93.51

Train: epoch-21 (200/7410)	batch_time 0.19		data_time 0.11		loss 0.579	prec@1 81.66	prec@5 94.34	
Train: epoch-21 (400/7410)	batch_time 0.09		data_time 0.01		loss 0.503	prec@1 84.44	prec@5 95.03	
Train: epoch-21 (600/7410)	batch_time 0.09		data_time 0.01		loss 0.537	prec@1 83.19	prec@5 95.16	
Train: epoch-21 (800/7410)	batch_time 0.08		data_time 0.01		loss 0.553	prec@1 82.50	prec@5 94.72	
Train: epoch-21 (1000/7410)	batch_time 0.08		data_time 0.01		loss 0.594	prec@1 82.62	prec@5 94.12	
Train: epoch-21 (1200/7410)	batch_time 0.09		data_time 0.01		loss 0.582	prec@1 82.34	prec@5 93.75	
Train: epoch-21 (1400/7410)	batch_time 0.09		data_time 0.01		loss 0.590	prec@1 82.66	prec@5 93.97	
Train: epoch-21 (1600/7410)	batch_time 0.09		data_time 0.01		loss 0.600	prec@1 82.22	prec@5 93.66	
Train: epoch-21 (1800/7410)	batch_time 0.09		data_time 0.01		loss 0.555	prec@1 82.53	prec@5 94.69	
Train: epoch-21 (2000/7410)	batch_time 0.09		data_time 0.01		loss 0.583	prec@1 82.44	prec@5 94.16	
Train: epoch-21 (2200/7410)	batch_time 0.09		data_time 0.01		loss 0.535	prec@1 83.59	prec@5 94.62	
Train: epoch-21 (2400/7410)	batch_time 0.09		data_time 0.01		loss 0.564	prec@1 82.62	prec@5 94.34	
Train: epoch-21 (2600/7410)	batch_time 0.09		data_time 0.01		loss 0.552	prec@1 82.44	prec@5 94.72	
Train: epoch-21 (2800/7410)	batch_time 0.09		data_time 0.01		loss 0.532	prec@1 83.41	prec@5 94.88	
Train: epoch-21 (3000/7410)	batch_time 0.09		data_time 0.01		loss 0.557	prec@1 82.84	prec@5 94.38	
Train: epoch-21 (3200/7410)	batch_time 0.09		data_time 0.01		loss 0.534	prec@1 83.19	prec@5 94.34	
Train: epoch-21 (3400/7410)	batch_time 0.09		data_time 0.01		loss 0.541	prec@1 83.41	prec@5 94.31	
Train: epoch-21 (3600/7410)	batch_time 0.09		data_time 0.01		loss 0.576	prec@1 82.84	prec@5 94.09	
Train: epoch-21 (3800/7410)	batch_time 0.09		data_time 0.01		loss 0.531	prec@1 84.50	prec@5 94.94	
Train: epoch-21 (4000/7410)	batch_time 0.09		data_time 0.01		loss 0.538	prec@1 84.09	prec@5 94.12	
Train: epoch-21 (4200/7410)	batch_time 0.09		data_time 0.01		loss 0.541	prec@1 83.81	prec@5 94.28	
Train: epoch-21 (4400/7410)	batch_time 0.09		data_time 0.01		loss 0.525	prec@1 83.47	prec@5 94.62	
Train: epoch-21 (4600/7410)	batch_time 0.09		data_time 0.01		loss 0.516	prec@1 84.62	prec@5 95.09	
Train: epoch-21 (4800/7410)	batch_time 0.09		data_time 0.01		loss 0.548	prec@1 83.66	prec@5 94.75	
Train: epoch-21 (5000/7410)	batch_time 0.09		data_time 0.01		loss 0.564	prec@1 82.62	prec@5 94.28	
Train: epoch-21 (5200/7410)	batch_time 0.09		data_time 0.01		loss 0.554	prec@1 82.69	prec@5 94.16	
Train: epoch-21 (5400/7410)	batch_time 0.09		data_time 0.01		loss 0.558	prec@1 82.88	prec@5 94.53	
Train: epoch-21 (5600/7410)	batch_time 0.09		data_time 0.01		loss 0.549	prec@1 83.72	prec@5 94.28	
Train: epoch-21 (5800/7410)	batch_time 0.09		data_time 0.01		loss 0.560	prec@1 83.16	prec@5 94.47	
Train: epoch-21 (6000/7410)	batch_time 0.09		data_time 0.01		loss 0.559	prec@1 82.72	prec@5 94.31	
Train: epoch-21 (6200/7410)	batch_time 0.09		data_time 0.01		loss 0.555	prec@1 83.06	prec@5 94.56	
Train: epoch-21 (6400/7410)	batch_time 0.09		data_time 0.01		loss 0.513	prec@1 83.94	prec@5 95.25	
Train: epoch-21 (6600/7410)	batch_time 0.09		data_time 0.01		loss 0.544	prec@1 83.50	prec@5 94.50	
Train: epoch-21 (6800/7410)	batch_time 0.09		data_time 0.01		loss 0.552	prec@1 83.44	prec@5 94.12	
Train: epoch-21 (7000/7410)	batch_time 0.09		data_time 0.01		loss 0.560	prec@1 82.69	prec@5 94.12	
Train: epoch-21 (7200/7410)	batch_time 0.09		data_time 0.01		loss 0.531	prec@1 84.25	prec@5 94.69	
Train: epoch-21 (7400/7410)	batch_time 0.09		data_time 0.01		loss 0.554	prec@1 83.06	prec@5 94.38	
Validate: Prec@1 93.49 Validate: Prec@5 99.56  Loss 0.214
Best Prec@1: 93.51

Train: epoch-22 (200/7410)	batch_time 0.19		data_time 0.11		loss 0.549	prec@1 83.38	prec@5 95.00	
Train: epoch-22 (400/7410)	batch_time 0.08		data_time 0.01		loss 0.523	prec@1 84.38	prec@5 94.59	
Train: epoch-22 (600/7410)	batch_time 0.08		data_time 0.01		loss 0.564	prec@1 82.91	prec@5 94.19	
Train: epoch-22 (800/7410)	batch_time 0.08		data_time 0.01		loss 0.520	prec@1 84.50	prec@5 95.25	
Train: epoch-22 (1000/7410)	batch_time 0.09		data_time 0.01		loss 0.558	prec@1 82.72	prec@5 94.22	
Train: epoch-22 (1200/7410)	batch_time 0.09		data_time 0.01		loss 0.576	prec@1 82.44	prec@5 94.16	
Train: epoch-22 (1400/7410)	batch_time 0.09		data_time 0.01		loss 0.536	prec@1 83.88	prec@5 94.62	
Train: epoch-22 (1600/7410)	batch_time 0.09		data_time 0.01		loss 0.538	prec@1 83.59	prec@5 94.84	
Train: epoch-22 (1800/7410)	batch_time 0.09		data_time 0.01		loss 0.571	prec@1 82.53	prec@5 94.25	
Train: epoch-22 (2000/7410)	batch_time 0.09		data_time 0.01		loss 0.546	prec@1 83.12	prec@5 94.47	
Train: epoch-22 (2200/7410)	batch_time 0.09		data_time 0.01		loss 0.542	prec@1 83.25	prec@5 94.84	
Train: epoch-22 (2400/7410)	batch_time 0.09		data_time 0.01		loss 0.568	prec@1 83.12	prec@5 94.62	
Train: epoch-22 (2600/7410)	batch_time 0.09		data_time 0.01		loss 0.550	prec@1 82.78	prec@5 94.62	
Train: epoch-22 (2800/7410)	batch_time 0.09		data_time 0.01		loss 0.581	prec@1 82.91	prec@5 93.91	
Train: epoch-22 (3000/7410)	batch_time 0.09		data_time 0.01		loss 0.539	prec@1 83.84	prec@5 94.75	
Train: epoch-22 (3200/7410)	batch_time 0.09		data_time 0.01		loss 0.571	prec@1 82.34	prec@5 94.31	
Train: epoch-22 (3400/7410)	batch_time 0.09		data_time 0.01		loss 0.552	prec@1 83.41	prec@5 94.28	
Train: epoch-22 (3600/7410)	batch_time 0.09		data_time 0.01		loss 0.561	prec@1 83.06	prec@5 94.16	
Train: epoch-22 (3800/7410)	batch_time 0.09		data_time 0.01		loss 0.534	prec@1 83.44	prec@5 94.69	
Train: epoch-22 (4000/7410)	batch_time 0.09		data_time 0.01		loss 0.544	prec@1 83.31	prec@5 94.31	
Train: epoch-22 (4200/7410)	batch_time 0.09		data_time 0.01		loss 0.565	prec@1 82.25	prec@5 94.53	
Train: epoch-22 (4400/7410)	batch_time 0.09		data_time 0.01		loss 0.537	prec@1 83.69	prec@5 95.00	
Train: epoch-22 (4600/7410)	batch_time 0.09		data_time 0.01		loss 0.543	prec@1 83.16	prec@5 94.97	
Train: epoch-22 (4800/7410)	batch_time 0.09		data_time 0.01		loss 0.534	prec@1 83.84	prec@5 94.53	
Train: epoch-22 (5000/7410)	batch_time 0.09		data_time 0.01		loss 0.551	prec@1 83.16	prec@5 94.47	
Train: epoch-22 (5200/7410)	batch_time 0.09		data_time 0.01		loss 0.497	prec@1 84.50	prec@5 95.34	
Train: epoch-22 (5400/7410)	batch_time 0.09		data_time 0.01		loss 0.547	prec@1 83.28	prec@5 93.78	
Train: epoch-22 (5600/7410)	batch_time 0.09		data_time 0.01		loss 0.541	prec@1 82.94	prec@5 95.09	
Train: epoch-22 (5800/7410)	batch_time 0.09		data_time 0.01		loss 0.530	prec@1 83.72	prec@5 94.94	
Train: epoch-22 (6000/7410)	batch_time 0.09		data_time 0.01		loss 0.560	prec@1 83.69	prec@5 94.19	
Train: epoch-22 (6200/7410)	batch_time 0.09		data_time 0.01		loss 0.508	prec@1 84.28	prec@5 95.03	
Train: epoch-22 (6400/7410)	batch_time 0.09		data_time 0.01		loss 0.575	prec@1 82.44	prec@5 94.12	
Train: epoch-22 (6600/7410)	batch_time 0.09		data_time 0.01		loss 0.533	prec@1 83.81	prec@5 94.66	
Train: epoch-22 (6800/7410)	batch_time 0.09		data_time 0.01		loss 0.549	prec@1 83.50	prec@5 94.31	
Train: epoch-22 (7000/7410)	batch_time 0.09		data_time 0.01		loss 0.555	prec@1 82.72	prec@5 94.19	
Train: epoch-22 (7200/7410)	batch_time 0.09		data_time 0.01		loss 0.518	prec@1 84.31	prec@5 95.06	
Train: epoch-22 (7400/7410)	batch_time 0.09		data_time 0.01		loss 0.555	prec@1 83.59	prec@5 94.38	
Validate: Prec@1 93.33 Validate: Prec@5 99.48  Loss 0.221
Best Prec@1: 93.51

Train: epoch-23 (200/7410)	batch_time 0.19		data_time 0.12		loss 0.563	prec@1 83.16	prec@5 94.44	
Train: epoch-23 (400/7410)	batch_time 0.08		data_time 0.01		loss 0.547	prec@1 83.53	prec@5 94.16	
Train: epoch-23 (600/7410)	batch_time 0.08		data_time 0.01		loss 0.546	prec@1 83.50	prec@5 94.50	
Train: epoch-23 (800/7410)	batch_time 0.08		data_time 0.01		loss 0.547	prec@1 83.94	prec@5 94.09	
Train: epoch-23 (1000/7410)	batch_time 0.08		data_time 0.01		loss 0.545	prec@1 82.66	prec@5 94.59	
Train: epoch-23 (1200/7410)	batch_time 0.08		data_time 0.01		loss 0.544	prec@1 83.53	prec@5 94.91	
Train: epoch-23 (1400/7410)	batch_time 0.08		data_time 0.01		loss 0.507	prec@1 84.41	prec@5 95.00	
Train: epoch-23 (1600/7410)	batch_time 0.08		data_time 0.01		loss 0.576	prec@1 81.94	prec@5 94.56	
Train: epoch-23 (1800/7410)	batch_time 0.08		data_time 0.01		loss 0.564	prec@1 81.97	prec@5 94.09	
Train: epoch-23 (2000/7410)	batch_time 0.08		data_time 0.01		loss 0.522	prec@1 84.22	prec@5 94.47	
Train: epoch-23 (2200/7410)	batch_time 0.08		data_time 0.01		loss 0.537	prec@1 83.91	prec@5 94.88	
Train: epoch-23 (2400/7410)	batch_time 0.09		data_time 0.01		loss 0.537	prec@1 83.31	prec@5 94.75	
Train: epoch-23 (2600/7410)	batch_time 0.08		data_time 0.01		loss 0.534	prec@1 83.88	prec@5 94.72	
Train: epoch-23 (2800/7410)	batch_time 0.08		data_time 0.01		loss 0.523	prec@1 83.69	prec@5 95.09	
Train: epoch-23 (3000/7410)	batch_time 0.08		data_time 0.01		loss 0.498	prec@1 84.66	prec@5 95.56	
Train: epoch-23 (3200/7410)	batch_time 0.08		data_time 0.01		loss 0.542	prec@1 83.28	prec@5 94.44	
Train: epoch-23 (3400/7410)	batch_time 0.08		data_time 0.01		loss 0.497	prec@1 85.28	prec@5 95.09	
Train: epoch-23 (3600/7410)	batch_time 0.08		data_time 0.01		loss 0.512	prec@1 84.44	prec@5 94.81	
Train: epoch-23 (3800/7410)	batch_time 0.08		data_time 0.01		loss 0.526	prec@1 84.00	prec@5 94.47	
Train: epoch-23 (4000/7410)	batch_time 0.08		data_time 0.01		loss 0.551	prec@1 82.78	prec@5 94.47	
Train: epoch-23 (4200/7410)	batch_time 0.08		data_time 0.01		loss 0.555	prec@1 83.06	prec@5 94.47	
Train: epoch-23 (4400/7410)	batch_time 0.08		data_time 0.01		loss 0.515	prec@1 84.19	prec@5 94.97	
Train: epoch-23 (4600/7410)	batch_time 0.08		data_time 0.01		loss 0.529	prec@1 84.28	prec@5 94.69	
Train: epoch-23 (4800/7410)	batch_time 0.08		data_time 0.01		loss 0.529	prec@1 83.56	prec@5 94.47	
Train: epoch-23 (5000/7410)	batch_time 0.08		data_time 0.01		loss 0.518	prec@1 83.75	prec@5 94.91	
Train: epoch-23 (5200/7410)	batch_time 0.08		data_time 0.01		loss 0.571	prec@1 82.66	prec@5 93.94	
Train: epoch-23 (5400/7410)	batch_time 0.08		data_time 0.01		loss 0.541	prec@1 83.22	prec@5 94.81	
Train: epoch-23 (5600/7410)	batch_time 0.08		data_time 0.01		loss 0.519	prec@1 83.66	prec@5 95.22	
Train: epoch-23 (5800/7410)	batch_time 0.08		data_time 0.01		loss 0.531	prec@1 84.09	prec@5 94.22	
Train: epoch-23 (6000/7410)	batch_time 0.08		data_time 0.01		loss 0.543	prec@1 83.19	prec@5 94.41	
Train: epoch-23 (6200/7410)	batch_time 0.08		data_time 0.01		loss 0.526	prec@1 84.12	prec@5 94.38	
Train: epoch-23 (6400/7410)	batch_time 0.08		data_time 0.01		loss 0.570	prec@1 83.00	prec@5 93.84	
Train: epoch-23 (6600/7410)	batch_time 0.08		data_time 0.01		loss 0.548	prec@1 83.31	prec@5 94.50	
Train: epoch-23 (6800/7410)	batch_time 0.08		data_time 0.01		loss 0.530	prec@1 84.25	prec@5 94.69	
Train: epoch-23 (7000/7410)	batch_time 0.08		data_time 0.01		loss 0.513	prec@1 84.00	prec@5 94.81	
Train: epoch-23 (7200/7410)	batch_time 0.08		data_time 0.01		loss 0.539	prec@1 84.00	prec@5 94.50	
Train: epoch-23 (7400/7410)	batch_time 0.08		data_time 0.01		loss 0.524	prec@1 84.06	prec@5 94.78	
Validate: Prec@1 93.58 Validate: Prec@5 99.63  Loss 0.208
Best Prec@1: 93.58

Train: epoch-24 (200/7410)	batch_time 0.19		data_time 0.12		loss 0.532	prec@1 84.16	prec@5 94.53	
Train: epoch-24 (400/7410)	batch_time 0.08		data_time 0.01		loss 0.496	prec@1 84.28	prec@5 95.12	
Train: epoch-24 (600/7410)	batch_time 0.08		data_time 0.01		loss 0.552	prec@1 83.34	prec@5 94.41	
Train: epoch-24 (800/7410)	batch_time 0.08		data_time 0.01		loss 0.514	prec@1 83.81	prec@5 95.25	
Train: epoch-24 (1000/7410)	batch_time 0.08		data_time 0.01		loss 0.515	prec@1 84.59	prec@5 95.03	
Train: epoch-24 (1200/7410)	batch_time 0.08		data_time 0.01		loss 0.554	prec@1 83.28	prec@5 94.31	
Train: epoch-24 (1400/7410)	batch_time 0.08		data_time 0.01		loss 0.524	prec@1 84.25	prec@5 94.41	
Train: epoch-24 (1600/7410)	batch_time 0.08		data_time 0.01		loss 0.521	prec@1 84.03	prec@5 94.88	
Train: epoch-24 (1800/7410)	batch_time 0.09		data_time 0.01		loss 0.553	prec@1 83.62	prec@5 94.44	
Train: epoch-24 (2000/7410)	batch_time 0.08		data_time 0.01		loss 0.520	prec@1 84.16	prec@5 94.88	
Train: epoch-24 (2200/7410)	batch_time 0.08		data_time 0.01		loss 0.535	prec@1 83.28	prec@5 94.38	
Train: epoch-24 (2400/7410)	batch_time 0.08		data_time 0.01		loss 0.517	prec@1 83.88	prec@5 94.62	
Train: epoch-24 (2600/7410)	batch_time 0.08		data_time 0.01		loss 0.558	prec@1 82.88	prec@5 94.66	
Train: epoch-24 (2800/7410)	batch_time 0.08		data_time 0.01		loss 0.542	prec@1 83.78	prec@5 94.66	
Train: epoch-24 (3000/7410)	batch_time 0.08		data_time 0.01		loss 0.562	prec@1 82.59	prec@5 94.12	
Train: epoch-24 (3200/7410)	batch_time 0.08		data_time 0.01		loss 0.546	prec@1 83.78	prec@5 94.28	
Train: epoch-24 (3400/7410)	batch_time 0.08		data_time 0.01		loss 0.542	prec@1 83.16	prec@5 94.72	
Train: epoch-24 (3600/7410)	batch_time 0.08		data_time 0.01		loss 0.554	prec@1 83.19	prec@5 94.34	
Train: epoch-24 (3800/7410)	batch_time 0.08		data_time 0.01		loss 0.570	prec@1 82.56	prec@5 93.91	
Train: epoch-24 (4000/7410)	batch_time 0.08		data_time 0.01		loss 0.540	prec@1 83.62	prec@5 94.56	
Train: epoch-24 (4200/7410)	batch_time 0.08		data_time 0.01		loss 0.545	prec@1 83.81	prec@5 94.19	
Train: epoch-24 (4400/7410)	batch_time 0.08		data_time 0.01		loss 0.539	prec@1 83.31	prec@5 94.59	
Train: epoch-24 (4600/7410)	batch_time 0.08		data_time 0.01		loss 0.521	prec@1 83.69	prec@5 94.97	
Train: epoch-24 (4800/7410)	batch_time 0.08		data_time 0.01		loss 0.571	prec@1 83.56	prec@5 93.91	
Train: epoch-24 (5000/7410)	batch_time 0.08		data_time 0.01		loss 0.512	prec@1 83.72	prec@5 94.69	
Train: epoch-24 (5200/7410)	batch_time 0.08		data_time 0.01		loss 0.532	prec@1 84.31	prec@5 94.78	
Train: epoch-24 (5400/7410)	batch_time 0.08		data_time 0.01		loss 0.564	prec@1 82.44	prec@5 94.00	
Train: epoch-24 (5600/7410)	batch_time 0.08		data_time 0.01		loss 0.537	prec@1 83.72	prec@5 95.22	
Train: epoch-24 (5800/7410)	batch_time 0.08		data_time 0.01		loss 0.552	prec@1 83.91	prec@5 94.56	
Train: epoch-24 (6000/7410)	batch_time 0.08		data_time 0.01		loss 0.515	prec@1 84.25	prec@5 94.62	
Train: epoch-24 (6200/7410)	batch_time 0.08		data_time 0.01		loss 0.587	prec@1 82.44	prec@5 93.59	
Train: epoch-24 (6400/7410)	batch_time 0.08		data_time 0.01		loss 0.527	prec@1 84.06	prec@5 94.84	
Train: epoch-24 (6600/7410)	batch_time 0.08		data_time 0.01		loss 0.549	prec@1 83.59	prec@5 94.34	
Train: epoch-24 (6800/7410)	batch_time 0.08		data_time 0.01		loss 0.511	prec@1 84.31	prec@5 95.34	
Train: epoch-24 (7000/7410)	batch_time 0.08		data_time 0.01		loss 0.571	prec@1 83.12	prec@5 94.50	
Train: epoch-24 (7200/7410)	batch_time 0.08		data_time 0.01		loss 0.550	prec@1 82.59	prec@5 94.72	
Train: epoch-24 (7400/7410)	batch_time 0.08		data_time 0.01		loss 0.544	prec@1 83.75	prec@5 94.16	
Validate: Prec@1 93.76 Validate: Prec@5 99.57  Loss 0.203
Best Prec@1: 93.76

Train: epoch-25 (200/7410)	batch_time 0.18		data_time 0.11		loss 0.513	prec@1 83.66	prec@5 95.22	
Train: epoch-25 (400/7410)	batch_time 0.08		data_time 0.01		loss 0.508	prec@1 83.75	prec@5 94.78	
Train: epoch-25 (600/7410)	batch_time 0.08		data_time 0.01		loss 0.535	prec@1 83.22	prec@5 94.88	
Train: epoch-25 (800/7410)	batch_time 0.08		data_time 0.01		loss 0.542	prec@1 83.56	prec@5 94.66	
Train: epoch-25 (1000/7410)	batch_time 0.08		data_time 0.01		loss 0.556	prec@1 82.53	prec@5 94.22	
Train: epoch-25 (1200/7410)	batch_time 0.08		data_time 0.01		loss 0.525	prec@1 83.94	prec@5 94.66	
Train: epoch-25 (1400/7410)	batch_time 0.08		data_time 0.01		loss 0.532	prec@1 84.16	prec@5 95.06	
Train: epoch-25 (1600/7410)	batch_time 0.08		data_time 0.01		loss 0.553	prec@1 83.56	prec@5 93.69	
Train: epoch-25 (1800/7410)	batch_time 0.08		data_time 0.01		loss 0.543	prec@1 83.06	prec@5 94.38	
Train: epoch-25 (2000/7410)	batch_time 0.08		data_time 0.01		loss 0.528	prec@1 83.50	prec@5 94.72	
Train: epoch-25 (2200/7410)	batch_time 0.08		data_time 0.01		loss 0.558	prec@1 83.31	prec@5 94.25	
Train: epoch-25 (2400/7410)	batch_time 0.08		data_time 0.01		loss 0.539	prec@1 83.34	prec@5 94.44	
Train: epoch-25 (2600/7410)	batch_time 0.08		data_time 0.01		loss 0.508	prec@1 84.19	prec@5 95.25	
Train: epoch-25 (2800/7410)	batch_time 0.08		data_time 0.01		loss 0.530	prec@1 84.06	prec@5 94.50	
Train: epoch-25 (3000/7410)	batch_time 0.08		data_time 0.01		loss 0.496	prec@1 84.75	prec@5 95.09	
Train: epoch-25 (3200/7410)	batch_time 0.08		data_time 0.01		loss 0.537	prec@1 83.09	prec@5 93.94	
Train: epoch-25 (3400/7410)	batch_time 0.08		data_time 0.01		loss 0.555	prec@1 83.25	prec@5 94.44	
Train: epoch-25 (3600/7410)	batch_time 0.09		data_time 0.01		loss 0.499	prec@1 84.41	prec@5 95.34	
Train: epoch-25 (3800/7410)	batch_time 0.08		data_time 0.01		loss 0.528	prec@1 83.84	prec@5 94.53	
Train: epoch-25 (4000/7410)	batch_time 0.08		data_time 0.01		loss 0.550	prec@1 82.50	prec@5 94.75	
Train: epoch-25 (4200/7410)	batch_time 0.09		data_time 0.01		loss 0.535	prec@1 83.88	prec@5 94.47	
Train: epoch-25 (4400/7410)	batch_time 0.08		data_time 0.01		loss 0.542	prec@1 83.03	prec@5 94.56	
Train: epoch-25 (4600/7410)	batch_time 0.08		data_time 0.01		loss 0.566	prec@1 82.16	prec@5 94.34	
Train: epoch-25 (4800/7410)	batch_time 0.08		data_time 0.01		loss 0.563	prec@1 83.09	prec@5 93.97	
Train: epoch-25 (5000/7410)	batch_time 0.08		data_time 0.01		loss 0.565	prec@1 83.09	prec@5 94.28	
Train: epoch-25 (5200/7410)	batch_time 0.08		data_time 0.01		loss 0.529	prec@1 83.84	prec@5 95.06	
Train: epoch-25 (5400/7410)	batch_time 0.08		data_time 0.01		loss 0.526	prec@1 83.22	prec@5 95.22	
Train: epoch-25 (5600/7410)	batch_time 0.08		data_time 0.01		loss 0.509	prec@1 83.97	prec@5 95.28	
Train: epoch-25 (5800/7410)	batch_time 0.08		data_time 0.01		loss 0.524	prec@1 83.91	prec@5 94.84	
Train: epoch-25 (6000/7410)	batch_time 0.08		data_time 0.01		loss 0.533	prec@1 83.41	prec@5 94.62	
Train: epoch-25 (6200/7410)	batch_time 0.08		data_time 0.01		loss 0.502	prec@1 84.62	prec@5 95.19	
Train: epoch-25 (6400/7410)	batch_time 0.09		data_time 0.01		loss 0.536	prec@1 83.38	prec@5 93.97	
Train: epoch-25 (6600/7410)	batch_time 0.08		data_time 0.01		loss 0.536	prec@1 83.69	prec@5 94.50	
Train: epoch-25 (6800/7410)	batch_time 0.08		data_time 0.01		loss 0.546	prec@1 83.34	prec@5 93.97	
Train: epoch-25 (7000/7410)	batch_time 0.08		data_time 0.01		loss 0.538	prec@1 83.22	prec@5 94.62	
Train: epoch-25 (7200/7410)	batch_time 0.08		data_time 0.01		loss 0.531	prec@1 83.94	prec@5 94.66	
Train: epoch-25 (7400/7410)	batch_time 0.08		data_time 0.01		loss 0.538	prec@1 83.19	prec@5 94.47	
Validate: Prec@1 93.79 Validate: Prec@5 99.59  Loss 0.211
Best Prec@1: 93.79

Train: epoch-26 (200/7410)	batch_time 0.20		data_time 0.12		loss 0.558	prec@1 83.16	prec@5 94.44	
Train: epoch-26 (400/7410)	batch_time 0.08		data_time 0.01		loss 0.530	prec@1 83.66	prec@5 94.22	
Train: epoch-26 (600/7410)	batch_time 0.08		data_time 0.01		loss 0.508	prec@1 84.16	prec@5 94.62	
Train: epoch-26 (800/7410)	batch_time 0.08		data_time 0.01		loss 0.548	prec@1 83.72	prec@5 94.66	
Train: epoch-26 (1000/7410)	batch_time 0.08		data_time 0.01		loss 0.523	prec@1 83.78	prec@5 95.12	
Train: epoch-26 (1200/7410)	batch_time 0.08		data_time 0.01		loss 0.525	prec@1 84.66	prec@5 94.62	
Train: epoch-26 (1400/7410)	batch_time 0.08		data_time 0.01		loss 0.528	prec@1 84.41	prec@5 94.09	
Train: epoch-26 (1600/7410)	batch_time 0.09		data_time 0.01		loss 0.537	prec@1 84.22	prec@5 94.19	
Train: epoch-26 (1800/7410)	batch_time 0.08		data_time 0.01		loss 0.550	prec@1 83.12	prec@5 94.31	
Train: epoch-26 (2000/7410)	batch_time 0.08		data_time 0.01		loss 0.528	prec@1 83.84	prec@5 94.72	
Train: epoch-26 (2200/7410)	batch_time 0.08		data_time 0.01		loss 0.552	prec@1 83.59	prec@5 94.34	
Train: epoch-26 (2400/7410)	batch_time 0.08		data_time 0.01		loss 0.491	prec@1 84.47	prec@5 95.28	
Train: epoch-26 (2600/7410)	batch_time 0.08		data_time 0.01		loss 0.503	prec@1 84.81	prec@5 94.91	
Train: epoch-26 (2800/7410)	batch_time 0.08		data_time 0.01		loss 0.518	prec@1 83.97	prec@5 94.69	
Train: epoch-26 (3000/7410)	batch_time 0.08		data_time 0.01		loss 0.542	prec@1 82.88	prec@5 94.25	
Train: epoch-26 (3200/7410)	batch_time 0.08		data_time 0.01		loss 0.531	prec@1 83.97	prec@5 95.16	
Train: epoch-26 (3400/7410)	batch_time 0.08		data_time 0.01		loss 0.550	prec@1 82.97	prec@5 94.44	
Train: epoch-26 (3600/7410)	batch_time 0.08		data_time 0.01		loss 0.522	prec@1 83.88	prec@5 94.81	
Train: epoch-26 (3800/7410)	batch_time 0.08		data_time 0.01		loss 0.511	prec@1 84.06	prec@5 95.31	
Train: epoch-26 (4000/7410)	batch_time 0.09		data_time 0.01		loss 0.524	prec@1 84.19	prec@5 94.62	
Train: epoch-26 (4200/7410)	batch_time 0.08		data_time 0.01		loss 0.500	prec@1 84.66	prec@5 95.22	
Train: epoch-26 (4400/7410)	batch_time 0.08		data_time 0.01		loss 0.523	prec@1 84.31	prec@5 94.50	
Train: epoch-26 (4600/7410)	batch_time 0.08		data_time 0.01		loss 0.483	prec@1 85.09	prec@5 95.66	
Train: epoch-26 (4800/7410)	batch_time 0.08		data_time 0.01		loss 0.513	prec@1 84.72	prec@5 94.88	
Train: epoch-26 (5000/7410)	batch_time 0.08		data_time 0.01		loss 0.508	prec@1 84.25	prec@5 94.91	
Train: epoch-26 (5200/7410)	batch_time 0.08		data_time 0.01		loss 0.515	prec@1 83.94	prec@5 94.94	
Train: epoch-26 (5400/7410)	batch_time 0.08		data_time 0.01		loss 0.535	prec@1 83.78	prec@5 94.25	
Train: epoch-26 (5600/7410)	batch_time 0.08		data_time 0.01		loss 0.505	prec@1 84.25	prec@5 95.03	
Train: epoch-26 (5800/7410)	batch_time 0.08		data_time 0.01		loss 0.509	prec@1 84.81	prec@5 95.50	
Train: epoch-26 (6000/7410)	batch_time 0.08		data_time 0.01		loss 0.544	prec@1 83.62	prec@5 95.09	
Train: epoch-26 (6200/7410)	batch_time 0.08		data_time 0.01		loss 0.555	prec@1 82.72	prec@5 93.81	
Train: epoch-26 (6400/7410)	batch_time 0.08		data_time 0.01		loss 0.524	prec@1 83.84	prec@5 94.38	
Train: epoch-26 (6600/7410)	batch_time 0.08		data_time 0.01		loss 0.507	prec@1 84.53	prec@5 95.22	
Train: epoch-26 (6800/7410)	batch_time 0.08		data_time 0.01		loss 0.528	prec@1 84.16	prec@5 95.28	
Train: epoch-26 (7000/7410)	batch_time 0.08		data_time 0.01		loss 0.525	prec@1 84.00	prec@5 94.59	
Train: epoch-26 (7200/7410)	batch_time 0.08		data_time 0.01		loss 0.508	prec@1 84.47	prec@5 94.66	
Train: epoch-26 (7400/7410)	batch_time 0.08		data_time 0.01		loss 0.562	prec@1 82.47	prec@5 94.41	
Validate: Prec@1 93.62 Validate: Prec@5 99.59  Loss 0.211
Best Prec@1: 93.79

Train: epoch-27 (200/7410)	batch_time 0.18		data_time 0.11		loss 0.558	prec@1 83.25	prec@5 94.50	
Train: epoch-27 (400/7410)	batch_time 0.08		data_time 0.01		loss 0.545	prec@1 83.38	prec@5 94.47	
Train: epoch-27 (600/7410)	batch_time 0.08		data_time 0.01		loss 0.519	prec@1 84.44	prec@5 94.81	
Train: epoch-27 (800/7410)	batch_time 0.08		data_time 0.01		loss 0.527	prec@1 84.06	prec@5 94.59	
Train: epoch-27 (1000/7410)	batch_time 0.09		data_time 0.01		loss 0.522	prec@1 84.06	prec@5 94.81	
Train: epoch-27 (1200/7410)	batch_time 0.09		data_time 0.01		loss 0.486	prec@1 85.16	prec@5 95.31	
Train: epoch-27 (1400/7410)	batch_time 0.09		data_time 0.01		loss 0.540	prec@1 83.38	prec@5 94.28	
Train: epoch-27 (1600/7410)	batch_time 0.08		data_time 0.01		loss 0.543	prec@1 83.38	prec@5 94.59	
Train: epoch-27 (1800/7410)	batch_time 0.09		data_time 0.01		loss 0.519	prec@1 84.16	prec@5 94.38	
Train: epoch-27 (2000/7410)	batch_time 0.09		data_time 0.01		loss 0.547	prec@1 83.31	prec@5 94.75	
Train: epoch-27 (2200/7410)	batch_time 0.09		data_time 0.01		loss 0.520	prec@1 84.16	prec@5 95.00	
Train: epoch-27 (2400/7410)	batch_time 0.09		data_time 0.01		loss 0.543	prec@1 83.12	prec@5 94.44	
Train: epoch-27 (2600/7410)	batch_time 0.09		data_time 0.01		loss 0.514	prec@1 84.12	prec@5 94.66	
Train: epoch-27 (2800/7410)	batch_time 0.09		data_time 0.01		loss 0.497	prec@1 84.72	prec@5 94.91	
Train: epoch-27 (3000/7410)	batch_time 0.09		data_time 0.01		loss 0.528	prec@1 83.97	prec@5 94.44	
Train: epoch-27 (3200/7410)	batch_time 0.09		data_time 0.01		loss 0.518	prec@1 84.03	prec@5 95.09	
Train: epoch-27 (3400/7410)	batch_time 0.09		data_time 0.01		loss 0.549	prec@1 83.09	prec@5 94.56	
Train: epoch-27 (3600/7410)	batch_time 0.09		data_time 0.01		loss 0.591	prec@1 82.06	prec@5 93.56	
Train: epoch-27 (3800/7410)	batch_time 0.09		data_time 0.01		loss 0.529	prec@1 83.00	prec@5 94.19	
Train: epoch-27 (4000/7410)	batch_time 0.09		data_time 0.01		loss 0.532	prec@1 83.78	prec@5 94.34	
Train: epoch-27 (4200/7410)	batch_time 0.09		data_time 0.01		loss 0.524	prec@1 84.03	prec@5 94.66	
Train: epoch-27 (4400/7410)	batch_time 0.09		data_time 0.01		loss 0.499	prec@1 84.19	prec@5 95.12	
Train: epoch-27 (4600/7410)	batch_time 0.09		data_time 0.01		loss 0.498	prec@1 84.97	prec@5 95.22	
Train: epoch-27 (4800/7410)	batch_time 0.09		data_time 0.01		loss 0.519	prec@1 84.09	prec@5 94.25	
Train: epoch-27 (5000/7410)	batch_time 0.09		data_time 0.01		loss 0.525	prec@1 83.97	prec@5 94.53	
Train: epoch-27 (5200/7410)	batch_time 0.09		data_time 0.01		loss 0.515	prec@1 84.59	prec@5 94.94	
Train: epoch-27 (5400/7410)	batch_time 0.09		data_time 0.01		loss 0.520	prec@1 84.09	prec@5 94.62	
Train: epoch-27 (5600/7410)	batch_time 0.09		data_time 0.01		loss 0.510	prec@1 84.47	prec@5 94.84	
Train: epoch-27 (5800/7410)	batch_time 0.09		data_time 0.01		loss 0.503	prec@1 84.38	prec@5 94.41	
Train: epoch-27 (6000/7410)	batch_time 0.09		data_time 0.01		loss 0.540	prec@1 83.31	prec@5 94.41	
Train: epoch-27 (6200/7410)	batch_time 0.09		data_time 0.01		loss 0.515	prec@1 83.78	prec@5 94.94	
Train: epoch-27 (6400/7410)	batch_time 0.09		data_time 0.01		loss 0.523	prec@1 83.78	prec@5 95.00	
Train: epoch-27 (6600/7410)	batch_time 0.09		data_time 0.01		loss 0.546	prec@1 83.22	prec@5 94.72	
Train: epoch-27 (6800/7410)	batch_time 0.08		data_time 0.01		loss 0.508	prec@1 84.72	prec@5 94.81	
Train: epoch-27 (7000/7410)	batch_time 0.09		data_time 0.01		loss 0.535	prec@1 83.88	prec@5 94.84	
Train: epoch-27 (7200/7410)	batch_time 0.08		data_time 0.01		loss 0.504	prec@1 84.72	prec@5 95.03	
Train: epoch-27 (7400/7410)	batch_time 0.08		data_time 0.01		loss 0.505	prec@1 84.78	prec@5 94.94	
Validate: Prec@1 94.35 Validate: Prec@5 99.63  Loss 0.192
Best Prec@1: 94.35

Train: epoch-28 (200/7410)	batch_time 0.18		data_time 0.11		loss 0.525	prec@1 84.22	prec@5 94.25	
Train: epoch-28 (400/7410)	batch_time 0.08		data_time 0.01		loss 0.496	prec@1 85.38	prec@5 95.50	
Train: epoch-28 (600/7410)	batch_time 0.08		data_time 0.01		loss 0.530	prec@1 83.72	prec@5 94.88	
Train: epoch-28 (800/7410)	batch_time 0.09		data_time 0.01		loss 0.557	prec@1 82.94	prec@5 94.09	
Train: epoch-28 (1000/7410)	batch_time 0.09		data_time 0.01		loss 0.526	prec@1 84.53	prec@5 94.25	
Train: epoch-28 (1200/7410)	batch_time 0.09		data_time 0.01		loss 0.488	prec@1 85.53	prec@5 95.16	
Train: epoch-28 (1400/7410)	batch_time 0.09		data_time 0.01		loss 0.508	prec@1 84.28	prec@5 94.41	
Train: epoch-28 (1600/7410)	batch_time 0.09		data_time 0.01		loss 0.511	prec@1 84.22	prec@5 94.56	
Train: epoch-28 (1800/7410)	batch_time 0.09		data_time 0.01		loss 0.537	prec@1 83.91	prec@5 94.91	
Train: epoch-28 (2000/7410)	batch_time 0.09		data_time 0.01		loss 0.538	prec@1 82.94	prec@5 94.75	
Train: epoch-28 (2200/7410)	batch_time 0.09		data_time 0.01		loss 0.495	prec@1 85.12	prec@5 94.66	
Train: epoch-28 (2400/7410)	batch_time 0.09		data_time 0.01		loss 0.516	prec@1 83.38	prec@5 95.03	
Train: epoch-28 (2600/7410)	batch_time 0.09		data_time 0.01		loss 0.525	prec@1 84.44	prec@5 94.62	
Train: epoch-28 (2800/7410)	batch_time 0.09		data_time 0.01		loss 0.492	prec@1 84.88	prec@5 94.94	
Train: epoch-28 (3000/7410)	batch_time 0.09		data_time 0.01		loss 0.515	prec@1 83.88	prec@5 94.16	
Train: epoch-28 (3200/7410)	batch_time 0.09		data_time 0.01		loss 0.518	prec@1 84.34	prec@5 94.53	
Train: epoch-28 (3400/7410)	batch_time 0.09		data_time 0.01		loss 0.561	prec@1 83.12	prec@5 93.41	
Train: epoch-28 (3600/7410)	batch_time 0.09		data_time 0.01		loss 0.518	prec@1 84.06	prec@5 94.75	
Train: epoch-28 (3800/7410)	batch_time 0.09		data_time 0.01		loss 0.500	prec@1 85.12	prec@5 94.97	
Train: epoch-28 (4000/7410)	batch_time 0.09		data_time 0.01		loss 0.503	prec@1 84.50	prec@5 94.41	
Train: epoch-28 (4200/7410)	batch_time 0.09		data_time 0.01		loss 0.460	prec@1 85.53	prec@5 95.78	
Train: epoch-28 (4400/7410)	batch_time 0.09		data_time 0.01		loss 0.500	prec@1 84.50	prec@5 95.28	
Train: epoch-28 (4600/7410)	batch_time 0.09		data_time 0.01		loss 0.520	prec@1 84.19	prec@5 95.09	
Train: epoch-28 (4800/7410)	batch_time 0.09		data_time 0.01		loss 0.519	prec@1 84.41	prec@5 94.84	
Train: epoch-28 (5000/7410)	batch_time 0.09		data_time 0.01		loss 0.540	prec@1 83.47	prec@5 94.66	
Train: epoch-28 (5200/7410)	batch_time 0.09		data_time 0.01		loss 0.528	prec@1 84.28	prec@5 94.12	
Train: epoch-28 (5400/7410)	batch_time 0.09		data_time 0.01		loss 0.557	prec@1 83.28	prec@5 94.94	
Train: epoch-28 (5600/7410)	batch_time 0.09		data_time 0.01		loss 0.505	prec@1 84.72	prec@5 95.06	
Train: epoch-28 (5800/7410)	batch_time 0.09		data_time 0.01		loss 0.532	prec@1 84.09	prec@5 94.25	
Train: epoch-28 (6000/7410)	batch_time 0.09		data_time 0.01		loss 0.515	prec@1 84.38	prec@5 94.75	
Train: epoch-28 (6200/7410)	batch_time 0.09		data_time 0.01		loss 0.501	prec@1 84.53	prec@5 94.81	
Train: epoch-28 (6400/7410)	batch_time 0.09		data_time 0.01		loss 0.545	prec@1 84.09	prec@5 94.38	
Train: epoch-28 (6600/7410)	batch_time 0.09		data_time 0.01		loss 0.515	prec@1 84.06	prec@5 94.47	
Train: epoch-28 (6800/7410)	batch_time 0.09		data_time 0.01		loss 0.561	prec@1 82.53	prec@5 93.66	
Train: epoch-28 (7000/7410)	batch_time 0.09		data_time 0.01		loss 0.525	prec@1 83.91	prec@5 95.00	
Train: epoch-28 (7200/7410)	batch_time 0.09		data_time 0.01		loss 0.501	prec@1 84.50	prec@5 94.62	
Train: epoch-28 (7400/7410)	batch_time 0.09		data_time 0.01		loss 0.539	prec@1 83.38	prec@5 94.41	
Validate: Prec@1 94.10 Validate: Prec@5 99.68  Loss 0.199
Best Prec@1: 94.35

Train: epoch-29 (200/7410)	batch_time 0.20		data_time 0.12		loss 0.501	prec@1 84.59	prec@5 94.88	
Train: epoch-29 (400/7410)	batch_time 0.08		data_time 0.01		loss 0.501	prec@1 84.94	prec@5 95.41	
Train: epoch-29 (600/7410)	batch_time 0.08		data_time 0.01		loss 0.588	prec@1 82.41	prec@5 94.25	
Train: epoch-29 (800/7410)	batch_time 0.09		data_time 0.01		loss 0.501	prec@1 84.12	prec@5 95.19	
Train: epoch-29 (1000/7410)	batch_time 0.09		data_time 0.01		loss 0.500	prec@1 84.91	prec@5 95.12	
Train: epoch-29 (1200/7410)	batch_time 0.09		data_time 0.01		loss 0.508	prec@1 84.31	prec@5 94.84	
Train: epoch-29 (1400/7410)	batch_time 0.09		data_time 0.01		loss 0.534	prec@1 83.69	prec@5 94.78	
Train: epoch-29 (1600/7410)	batch_time 0.09		data_time 0.01		loss 0.504	prec@1 84.59	prec@5 94.94	
Train: epoch-29 (1800/7410)	batch_time 0.09		data_time 0.01		loss 0.528	prec@1 83.59	prec@5 94.66	
Train: epoch-29 (2000/7410)	batch_time 0.09		data_time 0.01		loss 0.524	prec@1 84.34	prec@5 94.56	
Train: epoch-29 (2200/7410)	batch_time 0.09		data_time 0.01		loss 0.551	prec@1 83.47	prec@5 93.94	
Train: epoch-29 (2400/7410)	batch_time 0.09		data_time 0.01		loss 0.543	prec@1 83.06	prec@5 94.84	
Train: epoch-29 (2600/7410)	batch_time 0.09		data_time 0.01		loss 0.526	prec@1 83.59	prec@5 94.75	
Train: epoch-29 (2800/7410)	batch_time 0.09		data_time 0.01		loss 0.549	prec@1 82.56	prec@5 94.25	
Train: epoch-29 (3000/7410)	batch_time 0.09		data_time 0.01		loss 0.536	prec@1 83.72	prec@5 94.91	
Train: epoch-29 (3200/7410)	batch_time 0.09		data_time 0.01		loss 0.483	prec@1 85.00	prec@5 95.09	
Train: epoch-29 (3400/7410)	batch_time 0.09		data_time 0.01		loss 0.532	prec@1 83.59	prec@5 94.31	
Train: epoch-29 (3600/7410)	batch_time 0.09		data_time 0.01		loss 0.551	prec@1 83.12	prec@5 94.84	
Train: epoch-29 (3800/7410)	batch_time 0.09		data_time 0.01		loss 0.469	prec@1 85.41	prec@5 95.31	
Train: epoch-29 (4000/7410)	batch_time 0.09		data_time 0.01		loss 0.539	prec@1 83.81	prec@5 94.28	
Train: epoch-29 (4200/7410)	batch_time 0.09		data_time 0.01		loss 0.483	prec@1 85.03	prec@5 95.16	
Train: epoch-29 (4400/7410)	batch_time 0.09		data_time 0.01		loss 0.505	prec@1 84.09	prec@5 95.22	
Train: epoch-29 (4600/7410)	batch_time 0.09		data_time 0.01		loss 0.521	prec@1 84.19	prec@5 94.47	
Train: epoch-29 (4800/7410)	batch_time 0.09		data_time 0.01		loss 0.520	prec@1 84.03	prec@5 94.75	
Train: epoch-29 (5000/7410)	batch_time 0.09		data_time 0.01		loss 0.511	prec@1 84.94	prec@5 95.41	
Train: epoch-29 (5200/7410)	batch_time 0.09		data_time 0.01		loss 0.508	prec@1 84.41	prec@5 95.09	
Train: epoch-29 (5400/7410)	batch_time 0.09		data_time 0.01		loss 0.531	prec@1 83.00	prec@5 95.19	
Train: epoch-29 (5600/7410)	batch_time 0.09		data_time 0.01		loss 0.497	prec@1 85.12	prec@5 95.09	
Train: epoch-29 (5800/7410)	batch_time 0.09		data_time 0.01		loss 0.514	prec@1 84.16	prec@5 94.94	
Train: epoch-29 (6000/7410)	batch_time 0.09		data_time 0.01		loss 0.491	prec@1 85.09	prec@5 94.84	
Train: epoch-29 (6200/7410)	batch_time 0.09		data_time 0.01		loss 0.501	prec@1 85.00	prec@5 94.91	
Train: epoch-29 (6400/7410)	batch_time 0.09		data_time 0.01		loss 0.510	prec@1 84.97	prec@5 94.66	
Train: epoch-29 (6600/7410)	batch_time 0.09		data_time 0.01		loss 0.492	prec@1 84.41	prec@5 94.78	
Train: epoch-29 (6800/7410)	batch_time 0.09		data_time 0.01		loss 0.496	prec@1 84.94	prec@5 95.06	
Train: epoch-29 (7000/7410)	batch_time 0.09		data_time 0.01		loss 0.552	prec@1 83.56	prec@5 94.78	
Train: epoch-29 (7200/7410)	batch_time 0.09		data_time 0.01		loss 0.496	prec@1 84.97	prec@5 95.56	
Train: epoch-29 (7400/7410)	batch_time 0.09		data_time 0.01		loss 0.532	prec@1 83.75	prec@5 94.97	
Validate: Prec@1 94.06 Validate: Prec@5 99.63  Loss 0.198
Best Prec@1: 94.35

Train: epoch-30 (200/7410)	batch_time 0.19		data_time 0.11		loss 0.531	prec@1 83.16	prec@5 94.31	
Train: epoch-30 (400/7410)	batch_time 0.08		data_time 0.01		loss 0.526	prec@1 84.09	prec@5 94.53	
Train: epoch-30 (600/7410)	batch_time 0.08		data_time 0.01		loss 0.501	prec@1 84.84	prec@5 95.00	
Train: epoch-30 (800/7410)	batch_time 0.08		data_time 0.01		loss 0.473	prec@1 85.09	prec@5 95.44	
Train: epoch-30 (1000/7410)	batch_time 0.09		data_time 0.01		loss 0.510	prec@1 84.44	prec@5 94.53	
Train: epoch-30 (1200/7410)	batch_time 0.09		data_time 0.01		loss 0.505	prec@1 84.12	prec@5 95.44	
Train: epoch-30 (1400/7410)	batch_time 0.09		data_time 0.01		loss 0.498	prec@1 84.41	prec@5 94.94	
Train: epoch-30 (1600/7410)	batch_time 0.09		data_time 0.01		loss 0.485	prec@1 85.25	prec@5 94.69	
Train: epoch-30 (1800/7410)	batch_time 0.09		data_time 0.01		loss 0.508	prec@1 84.09	prec@5 95.06	
Train: epoch-30 (2000/7410)	batch_time 0.09		data_time 0.01		loss 0.512	prec@1 84.50	prec@5 94.78	
Train: epoch-30 (2200/7410)	batch_time 0.09		data_time 0.01		loss 0.542	prec@1 83.12	prec@5 94.00	
Train: epoch-30 (2400/7410)	batch_time 0.09		data_time 0.01		loss 0.504	prec@1 84.91	prec@5 94.28	
Train: epoch-30 (2600/7410)	batch_time 0.09		data_time 0.01		loss 0.518	prec@1 83.91	prec@5 94.66	
Train: epoch-30 (2800/7410)	batch_time 0.09		data_time 0.01		loss 0.490	prec@1 84.47	prec@5 95.25	
Train: epoch-30 (3000/7410)	batch_time 0.09		data_time 0.01		loss 0.515	prec@1 83.81	prec@5 94.34	
Train: epoch-30 (3200/7410)	batch_time 0.09		data_time 0.01		loss 0.519	prec@1 84.28	prec@5 95.22	
Train: epoch-30 (3400/7410)	batch_time 0.08		data_time 0.01		loss 0.510	prec@1 83.34	prec@5 94.41	
Train: epoch-30 (3600/7410)	batch_time 0.09		data_time 0.01		loss 0.494	prec@1 84.84	prec@5 95.16	
Train: epoch-30 (3800/7410)	batch_time 0.09		data_time 0.01		loss 0.524	prec@1 83.72	prec@5 95.19	
Train: epoch-30 (4000/7410)	batch_time 0.09		data_time 0.01		loss 0.522	prec@1 84.09	prec@5 95.22	
Train: epoch-30 (4200/7410)	batch_time 0.08		data_time 0.01		loss 0.504	prec@1 84.44	prec@5 95.06	
Train: epoch-30 (4400/7410)	batch_time 0.09		data_time 0.01		loss 0.498	prec@1 84.47	prec@5 95.00	
Train: epoch-30 (4600/7410)	batch_time 0.09		data_time 0.01		loss 0.528	prec@1 84.38	prec@5 94.91	
Train: epoch-30 (4800/7410)	batch_time 0.08		data_time 0.01		loss 0.538	prec@1 83.88	prec@5 94.59	
Train: epoch-30 (5000/7410)	batch_time 0.08		data_time 0.01		loss 0.537	prec@1 83.59	prec@5 94.56	
Train: epoch-30 (5200/7410)	batch_time 0.08		data_time 0.01		loss 0.481	prec@1 85.06	prec@5 95.66	
Train: epoch-30 (5400/7410)	batch_time 0.08		data_time 0.01		loss 0.542	prec@1 84.19	prec@5 94.31	
Train: epoch-30 (5600/7410)	batch_time 0.08		data_time 0.01		loss 0.524	prec@1 83.56	prec@5 94.88	
Train: epoch-30 (5800/7410)	batch_time 0.08		data_time 0.01		loss 0.499	prec@1 85.00	prec@5 94.78	
Train: epoch-30 (6000/7410)	batch_time 0.08		data_time 0.01		loss 0.492	prec@1 84.72	prec@5 95.41	
Train: epoch-30 (6200/7410)	batch_time 0.08		data_time 0.01		loss 0.514	prec@1 84.25	prec@5 94.41	
Train: epoch-30 (6400/7410)	batch_time 0.09		data_time 0.01		loss 0.535	prec@1 83.88	prec@5 94.47	
Train: epoch-30 (6600/7410)	batch_time 0.08		data_time 0.01		loss 0.530	prec@1 83.34	prec@5 94.50	
Train: epoch-30 (6800/7410)	batch_time 0.08		data_time 0.01		loss 0.530	prec@1 84.22	prec@5 94.47	
Train: epoch-30 (7000/7410)	batch_time 0.08		data_time 0.01		loss 0.491	prec@1 84.75	prec@5 94.88	
Train: epoch-30 (7200/7410)	batch_time 0.08		data_time 0.01		loss 0.524	prec@1 84.00	prec@5 94.69	
Train: epoch-30 (7400/7410)	batch_time 0.08		data_time 0.01		loss 0.513	prec@1 84.59	prec@5 94.56	
Validate: Prec@1 94.12 Validate: Prec@5 99.59  Loss 0.196
Best Prec@1: 94.35

Train: epoch-31 (200/7410)	batch_time 0.18		data_time 0.11		loss 0.476	prec@1 85.44	prec@5 94.69	
Train: epoch-31 (400/7410)	batch_time 0.08		data_time 0.01		loss 0.480	prec@1 85.69	prec@5 94.94	
Train: epoch-31 (600/7410)	batch_time 0.08		data_time 0.01		loss 0.477	prec@1 85.41	prec@5 95.59	
Train: epoch-31 (800/7410)	batch_time 0.08		data_time 0.01		loss 0.530	prec@1 83.53	prec@5 94.94	
Train: epoch-31 (1000/7410)	batch_time 0.08		data_time 0.01		loss 0.481	prec@1 85.53	prec@5 95.12	
Train: epoch-31 (1200/7410)	batch_time 0.08		data_time 0.01		loss 0.523	prec@1 83.50	prec@5 94.41	
Train: epoch-31 (1400/7410)	batch_time 0.08		data_time 0.01		loss 0.527	prec@1 84.03	prec@5 94.31	
Train: epoch-31 (1600/7410)	batch_time 0.08		data_time 0.01		loss 0.472	prec@1 85.25	prec@5 95.59	
Train: epoch-31 (1800/7410)	batch_time 0.08		data_time 0.01		loss 0.507	prec@1 84.34	prec@5 95.06	
Train: epoch-31 (2000/7410)	batch_time 0.08		data_time 0.01		loss 0.520	prec@1 84.41	prec@5 95.34	
Train: epoch-31 (2200/7410)	batch_time 0.08		data_time 0.01		loss 0.523	prec@1 83.78	prec@5 94.31	
Train: epoch-31 (2400/7410)	batch_time 0.08		data_time 0.01		loss 0.508	prec@1 84.91	prec@5 95.03	
Train: epoch-31 (2600/7410)	batch_time 0.08		data_time 0.01		loss 0.517	prec@1 83.25	prec@5 94.69	
Train: epoch-31 (2800/7410)	batch_time 0.08		data_time 0.01		loss 0.500	prec@1 84.50	prec@5 95.09	
Train: epoch-31 (3000/7410)	batch_time 0.08		data_time 0.01		loss 0.489	prec@1 84.62	prec@5 94.78	
Train: epoch-31 (3200/7410)	batch_time 0.08		data_time 0.01		loss 0.509	prec@1 84.28	prec@5 94.91	
Train: epoch-31 (3400/7410)	batch_time 0.08		data_time 0.01		loss 0.507	prec@1 84.09	prec@5 94.50	
Train: epoch-31 (3600/7410)	batch_time 0.08		data_time 0.01		loss 0.516	prec@1 84.22	prec@5 94.94	
Train: epoch-31 (3800/7410)	batch_time 0.08		data_time 0.01		loss 0.529	prec@1 83.53	prec@5 94.59	
Train: epoch-31 (4000/7410)	batch_time 0.08		data_time 0.01		loss 0.471	prec@1 86.03	prec@5 94.97	
Train: epoch-31 (4200/7410)	batch_time 0.08		data_time 0.01		loss 0.498	prec@1 84.41	prec@5 94.94	
Train: epoch-31 (4400/7410)	batch_time 0.08		data_time 0.01		loss 0.514	prec@1 84.06	prec@5 95.00	
Train: epoch-31 (4600/7410)	batch_time 0.09		data_time 0.01		loss 0.487	prec@1 84.97	prec@5 94.09	
Train: epoch-31 (4800/7410)	batch_time 0.08		data_time 0.01		loss 0.526	prec@1 83.69	prec@5 94.72	
Train: epoch-31 (5000/7410)	batch_time 0.09		data_time 0.01		loss 0.540	prec@1 83.66	prec@5 94.47	
Train: epoch-31 (5200/7410)	batch_time 0.08		data_time 0.01		loss 0.517	prec@1 83.88	prec@5 94.72	
Train: epoch-31 (5400/7410)	batch_time 0.08		data_time 0.01		loss 0.534	prec@1 84.16	prec@5 94.84	
Train: epoch-31 (5600/7410)	batch_time 0.08		data_time 0.01		loss 0.538	prec@1 83.59	prec@5 94.16	
Train: epoch-31 (5800/7410)	batch_time 0.08		data_time 0.01		loss 0.484	prec@1 84.62	prec@5 95.41	
Train: epoch-31 (6000/7410)	batch_time 0.08		data_time 0.01		loss 0.489	prec@1 84.88	prec@5 95.06	
Train: epoch-31 (6200/7410)	batch_time 0.08		data_time 0.01		loss 0.471	prec@1 85.84	prec@5 95.34	
Train: epoch-31 (6400/7410)	batch_time 0.08		data_time 0.01		loss 0.503	prec@1 84.06	prec@5 94.69	
Train: epoch-31 (6600/7410)	batch_time 0.08		data_time 0.01		loss 0.514	prec@1 84.44	prec@5 95.19	
Train: epoch-31 (6800/7410)	batch_time 0.08		data_time 0.01		loss 0.512	prec@1 84.53	prec@5 94.69	
Train: epoch-31 (7000/7410)	batch_time 0.08		data_time 0.01		loss 0.527	prec@1 83.47	prec@5 94.62	
Train: epoch-31 (7200/7410)	batch_time 0.08		data_time 0.01		loss 0.512	prec@1 84.03	prec@5 94.50	
Train: epoch-31 (7400/7410)	batch_time 0.08		data_time 0.01		loss 0.529	prec@1 84.19	prec@5 94.66	
Validate: Prec@1 94.18 Validate: Prec@5 99.64  Loss 0.190
Best Prec@1: 94.35

Train: epoch-32 (200/7410)	batch_time 0.19		data_time 0.11		loss 0.510	prec@1 84.38	prec@5 94.62	
Train: epoch-32 (400/7410)	batch_time 0.08		data_time 0.01		loss 0.488	prec@1 85.50	prec@5 95.19	
Train: epoch-32 (600/7410)	batch_time 0.08		data_time 0.01		loss 0.508	prec@1 85.03	prec@5 94.75	
Train: epoch-32 (800/7410)	batch_time 0.08		data_time 0.01		loss 0.507	prec@1 84.16	prec@5 94.97	
Train: epoch-32 (1000/7410)	batch_time 0.08		data_time 0.01		loss 0.492	prec@1 85.22	prec@5 94.97	
Train: epoch-32 (1200/7410)	batch_time 0.08		data_time 0.01		loss 0.530	prec@1 84.03	prec@5 94.59	
Train: epoch-32 (1400/7410)	batch_time 0.08		data_time 0.01		loss 0.528	prec@1 84.28	prec@5 94.56	
Train: epoch-32 (1600/7410)	batch_time 0.08		data_time 0.01		loss 0.526	prec@1 83.53	prec@5 94.59	
Train: epoch-32 (1800/7410)	batch_time 0.08		data_time 0.01		loss 0.457	prec@1 86.56	prec@5 95.28	
Train: epoch-32 (2000/7410)	batch_time 0.08		data_time 0.01		loss 0.514	prec@1 84.38	prec@5 94.84	
Train: epoch-32 (2200/7410)	batch_time 0.08		data_time 0.01		loss 0.507	prec@1 84.56	prec@5 94.69	
Train: epoch-32 (2400/7410)	batch_time 0.08		data_time 0.01		loss 0.535	prec@1 83.38	prec@5 94.28	
Train: epoch-32 (2600/7410)	batch_time 0.09		data_time 0.01		loss 0.487	prec@1 84.88	prec@5 95.66	
Train: epoch-32 (2800/7410)	batch_time 0.09		data_time 0.01		loss 0.521	prec@1 83.66	prec@5 94.97	
Train: epoch-32 (3000/7410)	batch_time 0.09		data_time 0.01		loss 0.493	prec@1 84.41	prec@5 95.12	
Train: epoch-32 (3200/7410)	batch_time 0.09		data_time 0.01		loss 0.500	prec@1 84.25	prec@5 94.59	
Train: epoch-32 (3400/7410)	batch_time 0.08		data_time 0.01		loss 0.511	prec@1 84.25	prec@5 94.97	
Train: epoch-32 (3600/7410)	batch_time 0.09		data_time 0.01		loss 0.498	prec@1 84.91	prec@5 95.03	
Train: epoch-32 (3800/7410)	batch_time 0.08		data_time 0.01		loss 0.539	prec@1 83.50	prec@5 94.31	
Train: epoch-32 (4000/7410)	batch_time 0.08		data_time 0.01		loss 0.502	prec@1 84.78	prec@5 94.84	
Train: epoch-32 (4200/7410)	batch_time 0.08		data_time 0.01		loss 0.529	prec@1 83.81	prec@5 94.66	
Train: epoch-32 (4400/7410)	batch_time 0.09		data_time 0.01		loss 0.478	prec@1 85.47	prec@5 95.19	
Train: epoch-32 (4600/7410)	batch_time 0.09		data_time 0.01		loss 0.535	prec@1 83.59	prec@5 94.19	
Train: epoch-32 (4800/7410)	batch_time 0.09		data_time 0.01		loss 0.523	prec@1 84.19	prec@5 94.38	
Train: epoch-32 (5000/7410)	batch_time 0.08		data_time 0.01		loss 0.480	prec@1 85.53	prec@5 95.16	
Train: epoch-32 (5200/7410)	batch_time 0.09		data_time 0.01		loss 0.515	prec@1 84.06	prec@5 94.47	
Train: epoch-32 (5400/7410)	batch_time 0.09		data_time 0.01		loss 0.482	prec@1 85.03	prec@5 94.97	
Train: epoch-32 (5600/7410)	batch_time 0.09		data_time 0.01		loss 0.530	prec@1 83.81	prec@5 94.31	
Train: epoch-32 (5800/7410)	batch_time 0.08		data_time 0.01		loss 0.486	prec@1 85.19	prec@5 95.16	
Train: epoch-32 (6000/7410)	batch_time 0.08		data_time 0.01		loss 0.478	prec@1 85.22	prec@5 94.94	
Train: epoch-32 (6200/7410)	batch_time 0.08		data_time 0.01		loss 0.474	prec@1 85.59	prec@5 95.38	
Train: epoch-32 (6400/7410)	batch_time 0.08		data_time 0.01		loss 0.523	prec@1 85.00	prec@5 94.28	
Train: epoch-32 (6600/7410)	batch_time 0.08		data_time 0.01		loss 0.522	prec@1 84.22	prec@5 94.59	
Train: epoch-32 (6800/7410)	batch_time 0.08		data_time 0.01		loss 0.512	prec@1 83.41	prec@5 94.44	
Train: epoch-32 (7000/7410)	batch_time 0.08		data_time 0.01		loss 0.494	prec@1 85.12	prec@5 95.31	
Train: epoch-32 (7200/7410)	batch_time 0.08		data_time 0.01		loss 0.516	prec@1 84.44	prec@5 94.59	
Train: epoch-32 (7400/7410)	batch_time 0.08		data_time 0.01		loss 0.506	prec@1 84.12	prec@5 94.94	
Validate: Prec@1 94.04 Validate: Prec@5 99.67  Loss 0.197
Best Prec@1: 94.35

Train: epoch-33 (200/7410)	batch_time 0.19		data_time 0.12		loss 0.468	prec@1 85.56	prec@5 95.66	
Train: epoch-33 (400/7410)	batch_time 0.08		data_time 0.01		loss 0.504	prec@1 84.50	prec@5 94.97	
Train: epoch-33 (600/7410)	batch_time 0.08		data_time 0.01		loss 0.516	prec@1 84.38	prec@5 94.25	
Train: epoch-33 (800/7410)	batch_time 0.08		data_time 0.01		loss 0.506	prec@1 84.91	prec@5 94.88	
Train: epoch-33 (1000/7410)	batch_time 0.09		data_time 0.01		loss 0.503	prec@1 85.38	prec@5 94.84	
Train: epoch-33 (1200/7410)	batch_time 0.09		data_time 0.01		loss 0.515	prec@1 84.44	prec@5 94.94	
Train: epoch-33 (1400/7410)	batch_time 0.09		data_time 0.01		loss 0.506	prec@1 84.62	prec@5 95.31	
Train: epoch-33 (1600/7410)	batch_time 0.08		data_time 0.01		loss 0.479	prec@1 85.25	prec@5 95.22	
Train: epoch-33 (1800/7410)	batch_time 0.09		data_time 0.01		loss 0.512	prec@1 84.31	prec@5 94.81	
Train: epoch-33 (2000/7410)	batch_time 0.09		data_time 0.01		loss 0.487	prec@1 85.47	prec@5 95.12	
Train: epoch-33 (2200/7410)	batch_time 0.09		data_time 0.01		loss 0.472	prec@1 85.81	prec@5 95.22	
Train: epoch-33 (2400/7410)	batch_time 0.08		data_time 0.01		loss 0.502	prec@1 85.41	prec@5 94.84	
Train: epoch-33 (2600/7410)	batch_time 0.09		data_time 0.01		loss 0.487	prec@1 85.06	prec@5 95.69	
Train: epoch-33 (2800/7410)	batch_time 0.09		data_time 0.01		loss 0.483	prec@1 84.88	prec@5 94.78	
Train: epoch-33 (3000/7410)	batch_time 0.09		data_time 0.01		loss 0.496	prec@1 84.81	prec@5 94.41	
Train: epoch-33 (3200/7410)	batch_time 0.09		data_time 0.01		loss 0.495	prec@1 84.50	prec@5 94.59	
Train: epoch-33 (3400/7410)	batch_time 0.09		data_time 0.01		loss 0.500	prec@1 84.47	prec@5 94.75	
Train: epoch-33 (3600/7410)	batch_time 0.09		data_time 0.01		loss 0.515	prec@1 84.25	prec@5 94.81	
Train: epoch-33 (3800/7410)	batch_time 0.09		data_time 0.01		loss 0.499	prec@1 84.53	prec@5 94.81	
Train: epoch-33 (4000/7410)	batch_time 0.09		data_time 0.01		loss 0.493	prec@1 84.53	prec@5 95.03	
Train: epoch-33 (4200/7410)	batch_time 0.09		data_time 0.01		loss 0.517	prec@1 83.94	prec@5 94.62	
Train: epoch-33 (4400/7410)	batch_time 0.09		data_time 0.01		loss 0.504	prec@1 84.28	prec@5 94.62	
Train: epoch-33 (4600/7410)	batch_time 0.09		data_time 0.01		loss 0.544	prec@1 83.31	prec@5 94.59	
Train: epoch-33 (4800/7410)	batch_time 0.09		data_time 0.01		loss 0.490	prec@1 84.38	prec@5 95.16	
Train: epoch-33 (5000/7410)	batch_time 0.09		data_time 0.01		loss 0.520	prec@1 84.09	prec@5 94.59	
Train: epoch-33 (5200/7410)	batch_time 0.09		data_time 0.01		loss 0.474	prec@1 85.53	prec@5 94.69	
Train: epoch-33 (5400/7410)	batch_time 0.09		data_time 0.01		loss 0.518	prec@1 84.25	prec@5 94.59	
Train: epoch-33 (5600/7410)	batch_time 0.09		data_time 0.01		loss 0.507	prec@1 84.28	prec@5 94.69	
Train: epoch-33 (5800/7410)	batch_time 0.09		data_time 0.01		loss 0.474	prec@1 85.06	prec@5 95.34	
Train: epoch-33 (6000/7410)	batch_time 0.09		data_time 0.01		loss 0.491	prec@1 84.56	prec@5 95.16	
Train: epoch-33 (6200/7410)	batch_time 0.08		data_time 0.01		loss 0.510	prec@1 83.91	prec@5 95.06	
Train: epoch-33 (6400/7410)	batch_time 0.09		data_time 0.01		loss 0.515	prec@1 84.12	prec@5 94.91	
Train: epoch-33 (6600/7410)	batch_time 0.09		data_time 0.01		loss 0.513	prec@1 84.09	prec@5 94.97	
Train: epoch-33 (6800/7410)	batch_time 0.09		data_time 0.01		loss 0.543	prec@1 83.47	prec@5 94.34	
Train: epoch-33 (7000/7410)	batch_time 0.09		data_time 0.01		loss 0.510	prec@1 84.19	prec@5 95.00	
Train: epoch-33 (7200/7410)	batch_time 0.09		data_time 0.01		loss 0.494	prec@1 84.97	prec@5 94.94	
Train: epoch-33 (7400/7410)	batch_time 0.09		data_time 0.01		loss 0.486	prec@1 84.62	prec@5 95.34	
Validate: Prec@1 94.14 Validate: Prec@5 99.61  Loss 0.192
Best Prec@1: 94.35

Train: epoch-34 (200/7410)	batch_time 0.19		data_time 0.11		loss 0.496	prec@1 83.72	prec@5 95.00	
Train: epoch-34 (400/7410)	batch_time 0.08		data_time 0.01		loss 0.488	prec@1 85.34	prec@5 95.22	
Train: epoch-34 (600/7410)	batch_time 0.08		data_time 0.01		loss 0.495	prec@1 84.53	prec@5 95.31	
Train: epoch-34 (800/7410)	batch_time 0.08		data_time 0.01		loss 0.474	prec@1 85.97	prec@5 95.44	
Train: epoch-34 (1000/7410)	batch_time 0.09		data_time 0.01		loss 0.503	prec@1 85.06	prec@5 95.22	
Train: epoch-34 (1200/7410)	batch_time 0.09		data_time 0.01		loss 0.477	prec@1 85.19	prec@5 95.00	
Train: epoch-34 (1400/7410)	batch_time 0.09		data_time 0.01		loss 0.504	prec@1 84.66	prec@5 95.09	
Train: epoch-34 (1600/7410)	batch_time 0.09		data_time 0.01		loss 0.475	prec@1 86.09	prec@5 94.91	
Train: epoch-34 (1800/7410)	batch_time 0.09		data_time 0.01		loss 0.517	prec@1 83.72	prec@5 94.69	
Train: epoch-34 (2000/7410)	batch_time 0.09		data_time 0.01		loss 0.509	prec@1 84.69	prec@5 95.19	
Train: epoch-34 (2200/7410)	batch_time 0.09		data_time 0.01		loss 0.478	prec@1 84.69	prec@5 94.97	
Train: epoch-34 (2400/7410)	batch_time 0.09		data_time 0.01		loss 0.510	prec@1 84.38	prec@5 94.88	
Train: epoch-34 (2600/7410)	batch_time 0.09		data_time 0.01		loss 0.508	prec@1 84.41	prec@5 94.12	
Train: epoch-34 (2800/7410)	batch_time 0.09		data_time 0.01		loss 0.482	prec@1 85.00	prec@5 94.94	
Train: epoch-34 (3000/7410)	batch_time 0.09		data_time 0.01		loss 0.458	prec@1 85.59	prec@5 95.50	
Train: epoch-34 (3200/7410)	batch_time 0.09		data_time 0.01		loss 0.511	prec@1 84.62	prec@5 94.19	
Train: epoch-34 (3400/7410)	batch_time 0.09		data_time 0.01		loss 0.495	prec@1 84.81	prec@5 94.88	
Train: epoch-34 (3600/7410)	batch_time 0.09		data_time 0.01		loss 0.533	prec@1 83.81	prec@5 94.06	
Train: epoch-34 (3800/7410)	batch_time 0.09		data_time 0.01		loss 0.481	prec@1 85.44	prec@5 95.16	
Train: epoch-34 (4000/7410)	batch_time 0.09		data_time 0.01		loss 0.505	prec@1 85.09	prec@5 95.09	
Train: epoch-34 (4200/7410)	batch_time 0.09		data_time 0.01		loss 0.486	prec@1 85.38	prec@5 95.06	
Train: epoch-34 (4400/7410)	batch_time 0.09		data_time 0.01		loss 0.508	prec@1 84.34	prec@5 94.69	
Train: epoch-34 (4600/7410)	batch_time 0.09		data_time 0.01		loss 0.446	prec@1 85.94	prec@5 95.62	
Train: epoch-34 (4800/7410)	batch_time 0.09		data_time 0.01		loss 0.448	prec@1 86.41	prec@5 95.41	
Train: epoch-34 (5000/7410)	batch_time 0.09		data_time 0.01		loss 0.516	prec@1 84.12	prec@5 95.06	
Train: epoch-34 (5200/7410)	batch_time 0.09		data_time 0.01		loss 0.520	prec@1 83.81	prec@5 94.91	
Train: epoch-34 (5400/7410)	batch_time 0.09		data_time 0.01		loss 0.485	prec@1 85.56	prec@5 94.94	
Train: epoch-34 (5600/7410)	batch_time 0.09		data_time 0.01		loss 0.486	prec@1 84.78	prec@5 95.22	
Train: epoch-34 (5800/7410)	batch_time 0.09		data_time 0.01		loss 0.492	prec@1 84.31	prec@5 95.22	
Train: epoch-34 (6000/7410)	batch_time 0.09		data_time 0.01		loss 0.481	prec@1 85.31	prec@5 95.19	
Train: epoch-34 (6200/7410)	batch_time 0.09		data_time 0.01		loss 0.541	prec@1 84.03	prec@5 94.03	
Train: epoch-34 (6400/7410)	batch_time 0.09		data_time 0.01		loss 0.461	prec@1 85.62	prec@5 95.28	
Train: epoch-34 (6600/7410)	batch_time 0.09		data_time 0.01		loss 0.530	prec@1 84.38	prec@5 94.56	
Train: epoch-34 (6800/7410)	batch_time 0.09		data_time 0.01		loss 0.464	prec@1 85.62	prec@5 95.44	
Train: epoch-34 (7000/7410)	batch_time 0.09		data_time 0.01		loss 0.468	prec@1 85.44	prec@5 95.66	
Train: epoch-34 (7200/7410)	batch_time 0.09		data_time 0.01		loss 0.509	prec@1 84.66	prec@5 95.03	
Train: epoch-34 (7400/7410)	batch_time 0.09		data_time 0.01		loss 0.528	prec@1 84.12	prec@5 94.75	
Validate: Prec@1 94.49 Validate: Prec@5 99.67  Loss 0.183
Best Prec@1: 94.49

Train: epoch-35 (200/7410)	batch_time 0.19		data_time 0.11		loss 0.486	prec@1 85.22	prec@5 95.53	
Train: epoch-35 (400/7410)	batch_time 0.08		data_time 0.01		loss 0.501	prec@1 84.50	prec@5 94.69	
Train: epoch-35 (600/7410)	batch_time 0.08		data_time 0.01		loss 0.501	prec@1 84.47	prec@5 95.31	
Train: epoch-35 (800/7410)	batch_time 0.09		data_time 0.01		loss 0.479	prec@1 85.34	prec@5 94.84	
Train: epoch-35 (1000/7410)	batch_time 0.09		data_time 0.01		loss 0.475	prec@1 84.97	prec@5 95.34	
Train: epoch-35 (1200/7410)	batch_time 0.09		data_time 0.01		loss 0.534	prec@1 83.50	prec@5 94.50	
Train: epoch-35 (1400/7410)	batch_time 0.09		data_time 0.01		loss 0.492	prec@1 85.00	prec@5 94.75	
Train: epoch-35 (1600/7410)	batch_time 0.09		data_time 0.01		loss 0.495	prec@1 84.75	prec@5 95.00	
Train: epoch-35 (1800/7410)	batch_time 0.09		data_time 0.01		loss 0.493	prec@1 85.62	prec@5 94.88	
Train: epoch-35 (2000/7410)	batch_time 0.09		data_time 0.01		loss 0.463	prec@1 85.12	prec@5 94.97	
Train: epoch-35 (2200/7410)	batch_time 0.09		data_time 0.01		loss 0.483	prec@1 85.25	prec@5 95.34	
Train: epoch-35 (2400/7410)	batch_time 0.09		data_time 0.01		loss 0.495	prec@1 84.72	prec@5 95.41	
Train: epoch-35 (2600/7410)	batch_time 0.09		data_time 0.01		loss 0.503	prec@1 84.91	prec@5 95.28	
Train: epoch-35 (2800/7410)	batch_time 0.09		data_time 0.01		loss 0.477	prec@1 85.19	prec@5 94.81	
Train: epoch-35 (3000/7410)	batch_time 0.09		data_time 0.01		loss 0.495	prec@1 84.88	prec@5 94.41	
Train: epoch-35 (3200/7410)	batch_time 0.09		data_time 0.01		loss 0.464	prec@1 85.31	prec@5 95.19	
Train: epoch-35 (3400/7410)	batch_time 0.09		data_time 0.01		loss 0.496	prec@1 84.09	prec@5 95.75	
Train: epoch-35 (3600/7410)	batch_time 0.08		data_time 0.01		loss 0.471	prec@1 86.25	prec@5 95.03	
Train: epoch-35 (3800/7410)	batch_time 0.09		data_time 0.01		loss 0.483	prec@1 85.19	prec@5 95.09	
Train: epoch-35 (4000/7410)	batch_time 0.09		data_time 0.01		loss 0.492	prec@1 84.41	prec@5 94.75	
Train: epoch-35 (4200/7410)	batch_time 0.09		data_time 0.01		loss 0.498	prec@1 85.12	prec@5 94.78	
Train: epoch-35 (4400/7410)	batch_time 0.08		data_time 0.01		loss 0.510	prec@1 84.50	prec@5 95.03	
Train: epoch-35 (4600/7410)	batch_time 0.09		data_time 0.01		loss 0.477	prec@1 85.91	prec@5 95.03	
Train: epoch-35 (4800/7410)	batch_time 0.09		data_time 0.01		loss 0.513	prec@1 84.06	prec@5 94.62	
Train: epoch-35 (5000/7410)	batch_time 0.09		data_time 0.01		loss 0.494	prec@1 84.81	prec@5 94.38	
Train: epoch-35 (5200/7410)	batch_time 0.09		data_time 0.01		loss 0.473	prec@1 85.47	prec@5 95.09	
Train: epoch-35 (5400/7410)	batch_time 0.09		data_time 0.01		loss 0.444	prec@1 86.34	prec@5 95.03	
Train: epoch-35 (5600/7410)	batch_time 0.08		data_time 0.01		loss 0.483	prec@1 84.44	prec@5 95.12	
Train: epoch-35 (5800/7410)	batch_time 0.09		data_time 0.01		loss 0.512	prec@1 84.59	prec@5 94.62	
Train: epoch-35 (6000/7410)	batch_time 0.08		data_time 0.01		loss 0.473	prec@1 85.69	prec@5 95.31	
Train: epoch-35 (6200/7410)	batch_time 0.08		data_time 0.01		loss 0.508	prec@1 84.38	prec@5 94.78	
Train: epoch-35 (6400/7410)	batch_time 0.08		data_time 0.01		loss 0.490	prec@1 84.84	prec@5 95.38	
Train: epoch-35 (6600/7410)	batch_time 0.08		data_time 0.01		loss 0.492	prec@1 85.38	prec@5 95.03	
Train: epoch-35 (6800/7410)	batch_time 0.08		data_time 0.01		loss 0.475	prec@1 85.50	prec@5 95.34	
Train: epoch-35 (7000/7410)	batch_time 0.09		data_time 0.01		loss 0.479	prec@1 85.19	prec@5 95.53	
Train: epoch-35 (7200/7410)	batch_time 0.08		data_time 0.01		loss 0.475	prec@1 85.25	prec@5 95.69	
Train: epoch-35 (7400/7410)	batch_time 0.08		data_time 0.01		loss 0.492	prec@1 85.19	prec@5 95.12	
Validate: Prec@1 94.44 Validate: Prec@5 99.63  Loss 0.183
Best Prec@1: 94.49

Train: epoch-36 (200/7410)	batch_time 0.19		data_time 0.12		loss 0.475	prec@1 85.31	prec@5 94.72	
Train: epoch-36 (400/7410)	batch_time 0.08		data_time 0.01		loss 0.503	prec@1 85.28	prec@5 94.38	
Train: epoch-36 (600/7410)	batch_time 0.08		data_time 0.01		loss 0.499	prec@1 84.72	prec@5 95.12	
Train: epoch-36 (800/7410)	batch_time 0.08		data_time 0.01		loss 0.470	prec@1 85.56	prec@5 95.19	
Train: epoch-36 (1000/7410)	batch_time 0.08		data_time 0.01		loss 0.495	prec@1 84.84	prec@5 95.38	
Train: epoch-36 (1200/7410)	batch_time 0.08		data_time 0.01		loss 0.457	prec@1 86.00	prec@5 95.19	
Train: epoch-36 (1400/7410)	batch_time 0.08		data_time 0.01		loss 0.495	prec@1 85.22	prec@5 94.81	
Train: epoch-36 (1600/7410)	batch_time 0.08		data_time 0.01		loss 0.480	prec@1 84.56	prec@5 95.41	
Train: epoch-36 (1800/7410)	batch_time 0.08		data_time 0.01		loss 0.500	prec@1 84.66	prec@5 95.22	
Train: epoch-36 (2000/7410)	batch_time 0.08		data_time 0.01		loss 0.489	prec@1 84.84	prec@5 95.41	
Train: epoch-36 (2200/7410)	batch_time 0.08		data_time 0.01		loss 0.487	prec@1 85.22	prec@5 95.12	
Train: epoch-36 (2400/7410)	batch_time 0.08		data_time 0.01		loss 0.476	prec@1 85.00	prec@5 95.31	
Train: epoch-36 (2600/7410)	batch_time 0.08		data_time 0.01		loss 0.517	prec@1 84.16	prec@5 94.69	
Train: epoch-36 (2800/7410)	batch_time 0.08		data_time 0.01		loss 0.462	prec@1 85.88	prec@5 95.38	
Train: epoch-36 (3000/7410)	batch_time 0.08		data_time 0.01		loss 0.499	prec@1 84.50	prec@5 94.00	
Train: epoch-36 (3200/7410)	batch_time 0.08		data_time 0.01		loss 0.520	prec@1 83.66	prec@5 94.84	
Train: epoch-36 (3400/7410)	batch_time 0.08		data_time 0.01		loss 0.528	prec@1 83.69	prec@5 94.22	
Train: epoch-36 (3600/7410)	batch_time 0.08		data_time 0.01		loss 0.498	prec@1 84.59	prec@5 95.22	
Train: epoch-36 (3800/7410)	batch_time 0.08		data_time 0.01		loss 0.498	prec@1 84.19	prec@5 95.00	
Train: epoch-36 (4000/7410)	batch_time 0.08		data_time 0.01		loss 0.517	prec@1 83.88	prec@5 94.81	
Train: epoch-36 (4200/7410)	batch_time 0.08		data_time 0.01		loss 0.482	prec@1 84.69	prec@5 95.34	
Train: epoch-36 (4400/7410)	batch_time 0.08		data_time 0.01		loss 0.486	prec@1 84.94	prec@5 94.62	
Train: epoch-36 (4600/7410)	batch_time 0.08		data_time 0.01		loss 0.532	prec@1 84.44	prec@5 94.97	
Train: epoch-36 (4800/7410)	batch_time 0.09		data_time 0.01		loss 0.489	prec@1 85.03	prec@5 95.19	
Train: epoch-36 (5000/7410)	batch_time 0.08		data_time 0.01		loss 0.462	prec@1 85.94	prec@5 95.53	
Train: epoch-36 (5200/7410)	batch_time 0.08		data_time 0.01		loss 0.498	prec@1 84.88	prec@5 95.22	
Train: epoch-36 (5400/7410)	batch_time 0.08		data_time 0.01		loss 0.513	prec@1 84.25	prec@5 94.91	
Train: epoch-36 (5600/7410)	batch_time 0.08		data_time 0.01		loss 0.471	prec@1 85.28	prec@5 95.31	
Train: epoch-36 (5800/7410)	batch_time 0.08		data_time 0.01		loss 0.478	prec@1 85.06	prec@5 95.78	
Train: epoch-36 (6000/7410)	batch_time 0.08		data_time 0.01		loss 0.492	prec@1 84.31	prec@5 95.09	
Train: epoch-36 (6200/7410)	batch_time 0.08		data_time 0.01		loss 0.502	prec@1 84.12	prec@5 94.66	
Train: epoch-36 (6400/7410)	batch_time 0.08		data_time 0.01		loss 0.484	prec@1 84.72	prec@5 95.28	
Train: epoch-36 (6600/7410)	batch_time 0.08		data_time 0.01		loss 0.468	prec@1 85.22	prec@5 95.47	
Train: epoch-36 (6800/7410)	batch_time 0.09		data_time 0.01		loss 0.496	prec@1 85.56	prec@5 94.56	
Train: epoch-36 (7000/7410)	batch_time 0.09		data_time 0.01		loss 0.498	prec@1 84.66	prec@5 94.81	
Train: epoch-36 (7200/7410)	batch_time 0.09		data_time 0.01		loss 0.443	prec@1 86.03	prec@5 95.62	
Train: epoch-36 (7400/7410)	batch_time 0.08		data_time 0.01		loss 0.488	prec@1 84.41	prec@5 95.19	
Validate: Prec@1 94.64 Validate: Prec@5 99.68  Loss 0.184
Best Prec@1: 94.64

Train: epoch-37 (200/7410)	batch_time 0.20		data_time 0.12		loss 0.476	prec@1 85.09	prec@5 95.59	
Train: epoch-37 (400/7410)	batch_time 0.08		data_time 0.01		loss 0.481	prec@1 84.84	prec@5 94.91	
Train: epoch-37 (600/7410)	batch_time 0.08		data_time 0.01		loss 0.459	prec@1 86.44	prec@5 95.19	
Train: epoch-37 (800/7410)	batch_time 0.08		data_time 0.01		loss 0.481	prec@1 85.41	prec@5 94.84	
Train: epoch-37 (1000/7410)	batch_time 0.09		data_time 0.01		loss 0.497	prec@1 84.81	prec@5 94.94	
Train: epoch-37 (1200/7410)	batch_time 0.09		data_time 0.01		loss 0.482	prec@1 84.91	prec@5 94.78	
Train: epoch-37 (1400/7410)	batch_time 0.08		data_time 0.01		loss 0.470	prec@1 85.41	prec@5 95.50	
Train: epoch-37 (1600/7410)	batch_time 0.09		data_time 0.01		loss 0.464	prec@1 85.75	prec@5 95.41	
Train: epoch-37 (1800/7410)	batch_time 0.09		data_time 0.01		loss 0.471	prec@1 85.12	prec@5 95.00	
Train: epoch-37 (2000/7410)	batch_time 0.09		data_time 0.01		loss 0.501	prec@1 85.16	prec@5 94.47	
Train: epoch-37 (2200/7410)	batch_time 0.09		data_time 0.01		loss 0.465	prec@1 85.44	prec@5 95.06	
Train: epoch-37 (2400/7410)	batch_time 0.09		data_time 0.01		loss 0.484	prec@1 85.72	prec@5 95.28	
Train: epoch-37 (2600/7410)	batch_time 0.09		data_time 0.01		loss 0.440	prec@1 86.19	prec@5 95.81	
Train: epoch-37 (2800/7410)	batch_time 0.09		data_time 0.01		loss 0.482	prec@1 85.34	prec@5 94.97	
Train: epoch-37 (3000/7410)	batch_time 0.09		data_time 0.01		loss 0.480	prec@1 85.22	prec@5 95.38	
Train: epoch-37 (3200/7410)	batch_time 0.09		data_time 0.01		loss 0.486	prec@1 84.75	prec@5 94.53	
Train: epoch-37 (3400/7410)	batch_time 0.09		data_time 0.01		loss 0.472	prec@1 86.06	prec@5 94.81	
Train: epoch-37 (3600/7410)	batch_time 0.09		data_time 0.01		loss 0.515	prec@1 84.72	prec@5 94.09	
Train: epoch-37 (3800/7410)	batch_time 0.09		data_time 0.01		loss 0.510	prec@1 83.81	prec@5 94.88	
Train: epoch-37 (4000/7410)	batch_time 0.09		data_time 0.01		loss 0.524	prec@1 84.88	prec@5 94.59	
Train: epoch-37 (4200/7410)	batch_time 0.09		data_time 0.01		loss 0.507	prec@1 84.28	prec@5 94.56	
Train: epoch-37 (4400/7410)	batch_time 0.09		data_time 0.01		loss 0.465	prec@1 85.44	prec@5 95.59	
Train: epoch-37 (4600/7410)	batch_time 0.09		data_time 0.01		loss 0.493	prec@1 85.06	prec@5 95.00	
Train: epoch-37 (4800/7410)	batch_time 0.09		data_time 0.01		loss 0.465	prec@1 85.84	prec@5 95.81	
Train: epoch-37 (5000/7410)	batch_time 0.08		data_time 0.01		loss 0.432	prec@1 86.38	prec@5 96.09	
Train: epoch-37 (5200/7410)	batch_time 0.09		data_time 0.01		loss 0.485	prec@1 84.50	prec@5 95.12	
Train: epoch-37 (5400/7410)	batch_time 0.09		data_time 0.01		loss 0.491	prec@1 84.47	prec@5 94.84	
Train: epoch-37 (5600/7410)	batch_time 0.09		data_time 0.01		loss 0.480	prec@1 85.28	prec@5 94.78	
Train: epoch-37 (5800/7410)	batch_time 0.09		data_time 0.01		loss 0.468	prec@1 85.88	prec@5 95.19	
Train: epoch-37 (6000/7410)	batch_time 0.09		data_time 0.01		loss 0.457	prec@1 86.25	prec@5 95.31	
Train: epoch-37 (6200/7410)	batch_time 0.08		data_time 0.01		loss 0.502	prec@1 84.28	prec@5 94.59	
Train: epoch-37 (6400/7410)	batch_time 0.08		data_time 0.01		loss 0.445	prec@1 86.38	prec@5 95.81	
Train: epoch-37 (6600/7410)	batch_time 0.09		data_time 0.01		loss 0.511	prec@1 84.59	prec@5 94.38	
Train: epoch-37 (6800/7410)	batch_time 0.08		data_time 0.01		loss 0.503	prec@1 84.91	prec@5 94.84	
Train: epoch-37 (7000/7410)	batch_time 0.08		data_time 0.01		loss 0.482	prec@1 85.72	prec@5 94.72	
Train: epoch-37 (7200/7410)	batch_time 0.09		data_time 0.01		loss 0.482	prec@1 84.53	prec@5 95.50	
Train: epoch-37 (7400/7410)	batch_time 0.08		data_time 0.01		loss 0.462	prec@1 86.00	prec@5 95.12	
Validate: Prec@1 94.31 Validate: Prec@5 99.63  Loss 0.191
Best Prec@1: 94.64

Train: epoch-38 (200/7410)	batch_time 0.19		data_time 0.11		loss 0.478	prec@1 84.47	prec@5 95.22	
Train: epoch-38 (400/7410)	batch_time 0.08		data_time 0.01		loss 0.474	prec@1 84.72	prec@5 95.12	
Train: epoch-38 (600/7410)	batch_time 0.08		data_time 0.01		loss 0.464	prec@1 85.81	prec@5 95.56	
Train: epoch-38 (800/7410)	batch_time 0.08		data_time 0.01		loss 0.484	prec@1 85.00	prec@5 95.31	
Train: epoch-38 (1000/7410)	batch_time 0.08		data_time 0.01		loss 0.499	prec@1 85.31	prec@5 94.78	
Train: epoch-38 (1200/7410)	batch_time 0.09		data_time 0.01		loss 0.488	prec@1 84.94	prec@5 95.16	
Train: epoch-38 (1400/7410)	batch_time 0.08		data_time 0.01		loss 0.487	prec@1 84.50	prec@5 94.88	
Train: epoch-38 (1600/7410)	batch_time 0.09		data_time 0.01		loss 0.485	prec@1 85.16	prec@5 95.22	
Train: epoch-38 (1800/7410)	batch_time 0.09		data_time 0.01		loss 0.469	prec@1 85.44	prec@5 95.44	
Train: epoch-38 (2000/7410)	batch_time 0.09		data_time 0.01		loss 0.466	prec@1 85.38	prec@5 95.25	
Train: epoch-38 (2200/7410)	batch_time 0.09		data_time 0.01		loss 0.472	prec@1 85.44	prec@5 95.44	
Train: epoch-38 (2400/7410)	batch_time 0.09		data_time 0.01		loss 0.486	prec@1 85.19	prec@5 95.19	
Train: epoch-38 (2600/7410)	batch_time 0.09		data_time 0.01		loss 0.467	prec@1 85.91	prec@5 95.38	
Train: epoch-38 (2800/7410)	batch_time 0.09		data_time 0.01		loss 0.471	prec@1 85.59	prec@5 95.31	
Train: epoch-38 (3000/7410)	batch_time 0.09		data_time 0.01		loss 0.439	prec@1 86.12	prec@5 95.50	
Train: epoch-38 (3200/7410)	batch_time 0.08		data_time 0.01		loss 0.481	prec@1 84.97	prec@5 95.19	
Train: epoch-38 (3400/7410)	batch_time 0.09		data_time 0.01		loss 0.498	prec@1 85.62	prec@5 95.16	
Train: epoch-38 (3600/7410)	batch_time 0.08		data_time 0.01		loss 0.451	prec@1 85.50	prec@5 95.34	
Train: epoch-38 (3800/7410)	batch_time 0.08		data_time 0.01		loss 0.451	prec@1 86.41	prec@5 95.31	
Train: epoch-38 (4000/7410)	batch_time 0.08		data_time 0.01		loss 0.492	prec@1 85.84	prec@5 95.12	
Train: epoch-38 (4200/7410)	batch_time 0.08		data_time 0.01		loss 0.479	prec@1 85.34	prec@5 94.75	
Train: epoch-38 (4400/7410)	batch_time 0.08		data_time 0.01		loss 0.460	prec@1 85.78	prec@5 95.03	
Train: epoch-38 (4600/7410)	batch_time 0.08		data_time 0.01		loss 0.505	prec@1 84.22	prec@5 94.66	
Train: epoch-38 (4800/7410)	batch_time 0.08		data_time 0.01		loss 0.487	prec@1 84.59	prec@5 95.25	
Train: epoch-38 (5000/7410)	batch_time 0.08		data_time 0.01		loss 0.502	prec@1 84.78	prec@5 94.78	
Train: epoch-38 (5200/7410)	batch_time 0.08		data_time 0.01		loss 0.467	prec@1 85.38	prec@5 94.94	
Train: epoch-38 (5400/7410)	batch_time 0.08		data_time 0.01		loss 0.490	prec@1 85.16	prec@5 94.44	
Train: epoch-38 (5600/7410)	batch_time 0.08		data_time 0.01		loss 0.495	prec@1 85.12	prec@5 94.56	
Train: epoch-38 (5800/7410)	batch_time 0.08		data_time 0.01		loss 0.513	prec@1 83.84	prec@5 94.38	
Train: epoch-38 (6000/7410)	batch_time 0.08		data_time 0.01		loss 0.459	prec@1 85.44	prec@5 95.47	
Train: epoch-38 (6200/7410)	batch_time 0.08		data_time 0.01		loss 0.480	prec@1 85.03	prec@5 94.97	
Train: epoch-38 (6400/7410)	batch_time 0.08		data_time 0.01		loss 0.481	prec@1 85.28	prec@5 94.88	
Train: epoch-38 (6600/7410)	batch_time 0.08		data_time 0.01		loss 0.474	prec@1 84.88	prec@5 94.81	
Train: epoch-38 (6800/7410)	batch_time 0.08		data_time 0.01		loss 0.495	prec@1 84.69	prec@5 94.72	
Train: epoch-38 (7000/7410)	batch_time 0.08		data_time 0.01		loss 0.493	prec@1 84.84	prec@5 94.75	
Train: epoch-38 (7200/7410)	batch_time 0.08		data_time 0.01		loss 0.498	prec@1 84.78	prec@5 95.19	
Train: epoch-38 (7400/7410)	batch_time 0.08		data_time 0.01		loss 0.493	prec@1 85.25	prec@5 95.16	
Validate: Prec@1 94.52 Validate: Prec@5 99.71  Loss 0.190
Best Prec@1: 94.64

Train: epoch-39 (200/7410)	batch_time 0.19		data_time 0.11		loss 0.486	prec@1 85.22	prec@5 94.84	
Train: epoch-39 (400/7410)	batch_time 0.08		data_time 0.01		loss 0.463	prec@1 85.84	prec@5 95.34	
Train: epoch-39 (600/7410)	batch_time 0.08		data_time 0.01		loss 0.501	prec@1 84.34	prec@5 95.06	
Train: epoch-39 (800/7410)	batch_time 0.08		data_time 0.01		loss 0.501	prec@1 84.72	prec@5 94.69	
Train: epoch-39 (1000/7410)	batch_time 0.08		data_time 0.01		loss 0.450	prec@1 86.47	prec@5 95.53	
Train: epoch-39 (1200/7410)	batch_time 0.08		data_time 0.01		loss 0.490	prec@1 85.31	prec@5 94.66	
Train: epoch-39 (1400/7410)	batch_time 0.08		data_time 0.01		loss 0.499	prec@1 84.78	prec@5 94.97	
Train: epoch-39 (1600/7410)	batch_time 0.08		data_time 0.01		loss 0.506	prec@1 84.44	prec@5 94.66	
Train: epoch-39 (1800/7410)	batch_time 0.08		data_time 0.01		loss 0.493	prec@1 85.81	prec@5 94.66	
Train: epoch-39 (2000/7410)	batch_time 0.08		data_time 0.01		loss 0.487	prec@1 85.53	prec@5 94.78	
Train: epoch-39 (2200/7410)	batch_time 0.08		data_time 0.01		loss 0.480	prec@1 85.00	prec@5 95.47	
Train: epoch-39 (2400/7410)	batch_time 0.08		data_time 0.01		loss 0.469	prec@1 85.97	prec@5 95.19	
Train: epoch-39 (2600/7410)	batch_time 0.08		data_time 0.01		loss 0.478	prec@1 85.25	prec@5 95.03	
Train: epoch-39 (2800/7410)	batch_time 0.09		data_time 0.01		loss 0.476	prec@1 85.53	prec@5 95.06	
Train: epoch-39 (3000/7410)	batch_time 0.08		data_time 0.01		loss 0.479	prec@1 85.16	prec@5 95.00	
Train: epoch-39 (3200/7410)	batch_time 0.08		data_time 0.01		loss 0.519	prec@1 84.38	prec@5 94.34	
Train: epoch-39 (3400/7410)	batch_time 0.08		data_time 0.01		loss 0.498	prec@1 84.44	prec@5 94.81	
Train: epoch-39 (3600/7410)	batch_time 0.08		data_time 0.01		loss 0.462	prec@1 85.97	prec@5 95.25	
Train: epoch-39 (3800/7410)	batch_time 0.08		data_time 0.01		loss 0.447	prec@1 86.09	prec@5 95.16	
Train: epoch-39 (4000/7410)	batch_time 0.08		data_time 0.01		loss 0.462	prec@1 86.19	prec@5 95.12	
Train: epoch-39 (4200/7410)	batch_time 0.08		data_time 0.01		loss 0.457	prec@1 85.69	prec@5 96.00	
Train: epoch-39 (4400/7410)	batch_time 0.08		data_time 0.01		loss 0.461	prec@1 85.66	prec@5 95.56	
Train: epoch-39 (4600/7410)	batch_time 0.08		data_time 0.01		loss 0.455	prec@1 85.84	prec@5 95.69	
Train: epoch-39 (4800/7410)	batch_time 0.08		data_time 0.01		loss 0.483	prec@1 85.41	prec@5 94.94	
Train: epoch-39 (5000/7410)	batch_time 0.08		data_time 0.01		loss 0.480	prec@1 84.81	prec@5 95.22	
Train: epoch-39 (5200/7410)	batch_time 0.08		data_time 0.01		loss 0.472	prec@1 85.75	prec@5 95.12	
Train: epoch-39 (5400/7410)	batch_time 0.08		data_time 0.01		loss 0.458	prec@1 86.25	prec@5 95.41	
Train: epoch-39 (5600/7410)	batch_time 0.08		data_time 0.01		loss 0.500	prec@1 84.56	prec@5 94.38	
Train: epoch-39 (5800/7410)	batch_time 0.08		data_time 0.01		loss 0.498	prec@1 84.34	prec@5 94.88	
Train: epoch-39 (6000/7410)	batch_time 0.08		data_time 0.01		loss 0.473	prec@1 86.06	prec@5 95.22	
Train: epoch-39 (6200/7410)	batch_time 0.08		data_time 0.01		loss 0.484	prec@1 84.53	prec@5 95.22	
Train: epoch-39 (6400/7410)	batch_time 0.08		data_time 0.01		loss 0.500	prec@1 84.22	prec@5 95.12	
Train: epoch-39 (6600/7410)	batch_time 0.08		data_time 0.01		loss 0.480	prec@1 85.66	prec@5 94.94	
Train: epoch-39 (6800/7410)	batch_time 0.08		data_time 0.01		loss 0.450	prec@1 86.47	prec@5 95.56	
Train: epoch-39 (7000/7410)	batch_time 0.08		data_time 0.01		loss 0.488	prec@1 85.03	prec@5 95.44	
Train: epoch-39 (7200/7410)	batch_time 0.08		data_time 0.01		loss 0.468	prec@1 86.06	prec@5 94.91	
Train: epoch-39 (7400/7410)	batch_time 0.08		data_time 0.01		loss 0.469	prec@1 85.66	prec@5 94.84	
Validate: Prec@1 94.76 Validate: Prec@5 99.72  Loss 0.182
Best Prec@1: 94.76

Train: epoch-40 (200/7410)	batch_time 0.19		data_time 0.12		loss 0.486	prec@1 85.41	prec@5 94.91	
Train: epoch-40 (400/7410)	batch_time 0.08		data_time 0.01		loss 0.450	prec@1 86.19	prec@5 95.44	
Train: epoch-40 (600/7410)	batch_time 0.08		data_time 0.01		loss 0.461	prec@1 85.62	prec@5 95.69	
Train: epoch-40 (800/7410)	batch_time 0.08		data_time 0.01		loss 0.459	prec@1 85.84	prec@5 94.78	
Train: epoch-40 (1000/7410)	batch_time 0.08		data_time 0.01		loss 0.474	prec@1 86.12	prec@5 95.38	
Train: epoch-40 (1200/7410)	batch_time 0.08		data_time 0.01		loss 0.465	prec@1 85.84	prec@5 95.19	
Train: epoch-40 (1400/7410)	batch_time 0.08		data_time 0.01		loss 0.468	prec@1 85.09	prec@5 95.16	
Train: epoch-40 (1600/7410)	batch_time 0.08		data_time 0.01		loss 0.456	prec@1 86.06	prec@5 95.31	
Train: epoch-40 (1800/7410)	batch_time 0.08		data_time 0.01		loss 0.449	prec@1 85.84	prec@5 95.97	
Train: epoch-40 (2000/7410)	batch_time 0.08		data_time 0.01		loss 0.475	prec@1 85.38	prec@5 95.53	
Train: epoch-40 (2200/7410)	batch_time 0.08		data_time 0.01		loss 0.478	prec@1 84.97	prec@5 95.50	
Train: epoch-40 (2400/7410)	batch_time 0.09		data_time 0.01		loss 0.461	prec@1 86.00	prec@5 95.62	
Train: epoch-40 (2600/7410)	batch_time 0.08		data_time 0.01		loss 0.481	prec@1 84.78	prec@5 94.94	
Train: epoch-40 (2800/7410)	batch_time 0.08		data_time 0.01		loss 0.474	prec@1 84.88	prec@5 95.84	
Train: epoch-40 (3000/7410)	batch_time 0.08		data_time 0.01		loss 0.469	prec@1 85.88	prec@5 95.16	
Train: epoch-40 (3200/7410)	batch_time 0.08		data_time 0.01		loss 0.476	prec@1 85.81	prec@5 95.09	
Train: epoch-40 (3400/7410)	batch_time 0.08		data_time 0.01		loss 0.455	prec@1 85.78	prec@5 95.12	
Train: epoch-40 (3600/7410)	batch_time 0.07		data_time 0.01		loss 0.479	prec@1 85.50	prec@5 94.88	
Train: epoch-40 (3800/7410)	batch_time 0.08		data_time 0.01		loss 0.495	prec@1 84.78	prec@5 94.72	
Train: epoch-40 (4000/7410)	batch_time 0.09		data_time 0.01		loss 0.479	prec@1 85.19	prec@5 94.84	
Train: epoch-40 (4200/7410)	batch_time 0.08		data_time 0.01		loss 0.505	prec@1 83.97	prec@5 94.47	
Train: epoch-40 (4400/7410)	batch_time 0.08		data_time 0.01		loss 0.478	prec@1 85.38	prec@5 94.81	
Train: epoch-40 (4600/7410)	batch_time 0.08		data_time 0.01		loss 0.455	prec@1 86.22	prec@5 95.44	
Train: epoch-40 (4800/7410)	batch_time 0.08		data_time 0.01		loss 0.496	prec@1 84.56	prec@5 94.84	
Train: epoch-40 (5000/7410)	batch_time 0.08		data_time 0.01		loss 0.477	prec@1 85.44	prec@5 95.28	
Train: epoch-40 (5200/7410)	batch_time 0.08		data_time 0.01		loss 0.501	prec@1 84.78	prec@5 94.69	
Train: epoch-40 (5400/7410)	batch_time 0.08		data_time 0.01		loss 0.453	prec@1 85.81	prec@5 95.62	
Train: epoch-40 (5600/7410)	batch_time 0.08		data_time 0.01		loss 0.460	prec@1 85.91	prec@5 95.34	
Train: epoch-40 (5800/7410)	batch_time 0.09		data_time 0.01		loss 0.472	prec@1 85.25	prec@5 95.50	
Train: epoch-40 (6000/7410)	batch_time 0.08		data_time 0.01		loss 0.441	prec@1 86.50	prec@5 96.12	
Train: epoch-40 (6200/7410)	batch_time 0.09		data_time 0.01		loss 0.482	prec@1 85.00	prec@5 95.62	
Train: epoch-40 (6400/7410)	batch_time 0.08		data_time 0.01		loss 0.454	prec@1 85.88	prec@5 95.69	
Train: epoch-40 (6600/7410)	batch_time 0.08		data_time 0.01		loss 0.484	prec@1 85.19	prec@5 95.38	
Train: epoch-40 (6800/7410)	batch_time 0.08		data_time 0.01		loss 0.455	prec@1 85.75	prec@5 95.38	
Train: epoch-40 (7000/7410)	batch_time 0.08		data_time 0.01		loss 0.454	prec@1 85.59	prec@5 94.81	
Train: epoch-40 (7200/7410)	batch_time 0.08		data_time 0.01		loss 0.476	prec@1 84.56	prec@5 95.56	
Train: epoch-40 (7400/7410)	batch_time 0.08		data_time 0.01		loss 0.477	prec@1 85.50	prec@5 94.81	
Validate: Prec@1 94.56 Validate: Prec@5 99.62  Loss 0.187
Best Prec@1: 94.76

Train: epoch-41 (200/7410)	batch_time 0.19		data_time 0.12		loss 0.450	prec@1 86.12	prec@5 95.38	
Train: epoch-41 (400/7410)	batch_time 0.08		data_time 0.01		loss 0.468	prec@1 85.84	prec@5 95.22	
Train: epoch-41 (600/7410)	batch_time 0.08		data_time 0.01		loss 0.468	prec@1 85.88	prec@5 95.03	
Train: epoch-41 (800/7410)	batch_time 0.08		data_time 0.01		loss 0.441	prec@1 85.84	prec@5 95.72	
Train: epoch-41 (1000/7410)	batch_time 0.08		data_time 0.01		loss 0.490	prec@1 84.50	prec@5 94.56	
Train: epoch-41 (1200/7410)	batch_time 0.08		data_time 0.01		loss 0.437	prec@1 86.12	prec@5 95.56	
Train: epoch-41 (1400/7410)	batch_time 0.09		data_time 0.01		loss 0.464	prec@1 85.81	prec@5 95.38	
Train: epoch-41 (1600/7410)	batch_time 0.08		data_time 0.01		loss 0.484	prec@1 85.47	prec@5 95.22	
Train: epoch-41 (1800/7410)	batch_time 0.08		data_time 0.01		loss 0.483	prec@1 85.31	prec@5 95.34	
Train: epoch-41 (2000/7410)	batch_time 0.08		data_time 0.01		loss 0.463	prec@1 85.94	prec@5 95.53	
Train: epoch-41 (2200/7410)	batch_time 0.08		data_time 0.01		loss 0.472	prec@1 85.31	prec@5 94.97	
Train: epoch-41 (2400/7410)	batch_time 0.08		data_time 0.01		loss 0.482	prec@1 85.94	prec@5 95.12	
Train: epoch-41 (2600/7410)	batch_time 0.08		data_time 0.01		loss 0.448	prec@1 86.50	prec@5 95.59	
Train: epoch-41 (2800/7410)	batch_time 0.08		data_time 0.01		loss 0.460	prec@1 85.91	prec@5 95.59	
Train: epoch-41 (3000/7410)	batch_time 0.08		data_time 0.01		loss 0.482	prec@1 85.09	prec@5 94.81	
Train: epoch-41 (3200/7410)	batch_time 0.09		data_time 0.01		loss 0.470	prec@1 85.53	prec@5 95.72	
Train: epoch-41 (3400/7410)	batch_time 0.08		data_time 0.01		loss 0.456	prec@1 86.28	prec@5 95.44	
Train: epoch-41 (3600/7410)	batch_time 0.08		data_time 0.01		loss 0.456	prec@1 86.00	prec@5 95.44	
Train: epoch-41 (3800/7410)	batch_time 0.08		data_time 0.01		loss 0.480	prec@1 85.41	prec@5 95.00	
Train: epoch-41 (4000/7410)	batch_time 0.08		data_time 0.01		loss 0.487	prec@1 85.38	prec@5 94.94	
Train: epoch-41 (4200/7410)	batch_time 0.08		data_time 0.01		loss 0.464	prec@1 86.09	prec@5 95.12	
Train: epoch-41 (4400/7410)	batch_time 0.08		data_time 0.01		loss 0.481	prec@1 85.28	prec@5 94.66	
Train: epoch-41 (4600/7410)	batch_time 0.08		data_time 0.01		loss 0.526	prec@1 84.03	prec@5 94.47	
Train: epoch-41 (4800/7410)	batch_time 0.08		data_time 0.01		loss 0.471	prec@1 85.56	prec@5 95.12	
Train: epoch-41 (5000/7410)	batch_time 0.08		data_time 0.01		loss 0.452	prec@1 86.47	prec@5 95.69	
Train: epoch-41 (5200/7410)	batch_time 0.08		data_time 0.01		loss 0.461	prec@1 85.56	prec@5 95.16	
Train: epoch-41 (5400/7410)	batch_time 0.08		data_time 0.01		loss 0.432	prec@1 86.59	prec@5 95.94	
Train: epoch-41 (5600/7410)	batch_time 0.08		data_time 0.01		loss 0.488	prec@1 84.56	prec@5 94.69	
Train: epoch-41 (5800/7410)	batch_time 0.08		data_time 0.01		loss 0.445	prec@1 86.72	prec@5 95.91	
Train: epoch-41 (6000/7410)	batch_time 0.08		data_time 0.01		loss 0.471	prec@1 85.47	prec@5 95.03	
Train: epoch-41 (6200/7410)	batch_time 0.08		data_time 0.01		loss 0.517	prec@1 84.50	prec@5 94.22	
Train: epoch-41 (6400/7410)	batch_time 0.08		data_time 0.01		loss 0.478	prec@1 85.50	prec@5 94.88	
Train: epoch-41 (6600/7410)	batch_time 0.08		data_time 0.01		loss 0.474	prec@1 85.81	prec@5 94.94	
Train: epoch-41 (6800/7410)	batch_time 0.08		data_time 0.01		loss 0.476	prec@1 85.66	prec@5 95.12	
Train: epoch-41 (7000/7410)	batch_time 0.08		data_time 0.01		loss 0.462	prec@1 85.41	prec@5 95.22	
Train: epoch-41 (7200/7410)	batch_time 0.09		data_time 0.01		loss 0.438	prec@1 86.03	prec@5 96.00	
Train: epoch-41 (7400/7410)	batch_time 0.09		data_time 0.01		loss 0.458	prec@1 86.12	prec@5 95.28	
Validate: Prec@1 94.58 Validate: Prec@5 99.70  Loss 0.182
Best Prec@1: 94.76

Train: epoch-42 (200/7410)	batch_time 0.19		data_time 0.12		loss 0.432	prec@1 86.41	prec@5 96.09	
Train: epoch-42 (400/7410)	batch_time 0.08		data_time 0.01		loss 0.477	prec@1 85.62	prec@5 94.81	
Train: epoch-42 (600/7410)	batch_time 0.08		data_time 0.01		loss 0.469	prec@1 85.78	prec@5 94.91	
Train: epoch-42 (800/7410)	batch_time 0.08		data_time 0.01		loss 0.440	prec@1 87.06	prec@5 95.34	
Train: epoch-42 (1000/7410)	batch_time 0.08		data_time 0.01		loss 0.447	prec@1 86.06	prec@5 95.47	
Train: epoch-42 (1200/7410)	batch_time 0.08		data_time 0.01		loss 0.466	prec@1 85.84	prec@5 94.91	
Train: epoch-42 (1400/7410)	batch_time 0.08		data_time 0.01		loss 0.478	prec@1 85.19	prec@5 95.28	
Train: epoch-42 (1600/7410)	batch_time 0.08		data_time 0.01		loss 0.480	prec@1 85.09	prec@5 95.09	
Train: epoch-42 (1800/7410)	batch_time 0.08		data_time 0.01		loss 0.476	prec@1 86.25	prec@5 95.03	
Train: epoch-42 (2000/7410)	batch_time 0.08		data_time 0.01		loss 0.444	prec@1 86.34	prec@5 95.66	
Train: epoch-42 (2200/7410)	batch_time 0.08		data_time 0.01		loss 0.455	prec@1 85.19	prec@5 95.47	
Train: epoch-42 (2400/7410)	batch_time 0.08		data_time 0.01		loss 0.469	prec@1 85.53	prec@5 95.12	
Train: epoch-42 (2600/7410)	batch_time 0.09		data_time 0.01		loss 0.460	prec@1 86.25	prec@5 95.84	
Train: epoch-42 (2800/7410)	batch_time 0.08		data_time 0.01		loss 0.459	prec@1 85.56	prec@5 95.03	
Train: epoch-42 (3000/7410)	batch_time 0.08		data_time 0.01		loss 0.461	prec@1 86.00	prec@5 95.12	
Train: epoch-42 (3200/7410)	batch_time 0.09		data_time 0.01		loss 0.435	prec@1 87.22	prec@5 95.59	
Train: epoch-42 (3400/7410)	batch_time 0.09		data_time 0.01		loss 0.485	prec@1 85.44	prec@5 95.16	
Train: epoch-42 (3600/7410)	batch_time 0.08		data_time 0.01		loss 0.465	prec@1 85.84	prec@5 95.25	
Train: epoch-42 (3800/7410)	batch_time 0.08		data_time 0.01		loss 0.471	prec@1 84.94	prec@5 95.09	
Train: epoch-42 (4000/7410)	batch_time 0.08		data_time 0.01		loss 0.475	prec@1 85.75	prec@5 95.56	
Train: epoch-42 (4200/7410)	batch_time 0.08		data_time 0.01		loss 0.434	prec@1 86.56	prec@5 96.16	
Train: epoch-42 (4400/7410)	batch_time 0.08		data_time 0.01		loss 0.431	prec@1 86.72	prec@5 95.97	
Train: epoch-42 (4600/7410)	batch_time 0.09		data_time 0.01		loss 0.473	prec@1 85.91	prec@5 95.53	
Train: epoch-42 (4800/7410)	batch_time 0.08		data_time 0.01		loss 0.492	prec@1 84.22	prec@5 95.19	
Train: epoch-42 (5000/7410)	batch_time 0.08		data_time 0.01		loss 0.480	prec@1 85.28	prec@5 95.31	
Train: epoch-42 (5200/7410)	batch_time 0.08		data_time 0.01		loss 0.471	prec@1 85.09	prec@5 94.84	
Train: epoch-42 (5400/7410)	batch_time 0.08		data_time 0.01		loss 0.462	prec@1 85.84	prec@5 95.12	
Train: epoch-42 (5600/7410)	batch_time 0.08		data_time 0.01		loss 0.482	prec@1 84.78	prec@5 95.34	
Train: epoch-42 (5800/7410)	batch_time 0.08		data_time 0.01		loss 0.456	prec@1 85.94	prec@5 95.25	
Train: epoch-42 (6000/7410)	batch_time 0.09		data_time 0.01		loss 0.454	prec@1 86.16	prec@5 95.75	
Train: epoch-42 (6200/7410)	batch_time 0.08		data_time 0.01		loss 0.488	prec@1 85.12	prec@5 94.62	
Train: epoch-42 (6400/7410)	batch_time 0.09		data_time 0.01		loss 0.480	prec@1 85.47	prec@5 95.16	
Train: epoch-42 (6600/7410)	batch_time 0.08		data_time 0.01		loss 0.477	prec@1 85.41	prec@5 95.22	
Train: epoch-42 (6800/7410)	batch_time 0.09		data_time 0.01		loss 0.455	prec@1 85.69	prec@5 95.81	
Train: epoch-42 (7000/7410)	batch_time 0.08		data_time 0.01		loss 0.453	prec@1 85.97	prec@5 95.62	
Train: epoch-42 (7200/7410)	batch_time 0.09		data_time 0.01		loss 0.448	prec@1 86.25	prec@5 95.53	
Train: epoch-42 (7400/7410)	batch_time 0.08		data_time 0.01		loss 0.481	prec@1 85.16	prec@5 95.16	
Validate: Prec@1 94.60 Validate: Prec@5 99.74  Loss 0.180
Best Prec@1: 94.76

Train: epoch-43 (200/7410)	batch_time 0.19		data_time 0.12		loss 0.462	prec@1 86.03	prec@5 95.06	
Train: epoch-43 (400/7410)	batch_time 0.08		data_time 0.01		loss 0.442	prec@1 86.25	prec@5 95.81	
Train: epoch-43 (600/7410)	batch_time 0.08		data_time 0.01		loss 0.460	prec@1 85.91	prec@5 95.41	
Train: epoch-43 (800/7410)	batch_time 0.08		data_time 0.01		loss 0.468	prec@1 86.06	prec@5 95.06	
Train: epoch-43 (1000/7410)	batch_time 0.09		data_time 0.01		loss 0.450	prec@1 86.03	prec@5 95.78	
Train: epoch-43 (1200/7410)	batch_time 0.08		data_time 0.01		loss 0.478	prec@1 84.97	prec@5 95.09	
Train: epoch-43 (1400/7410)	batch_time 0.08		data_time 0.01		loss 0.473	prec@1 85.44	prec@5 94.81	
Train: epoch-43 (1600/7410)	batch_time 0.08		data_time 0.01		loss 0.437	prec@1 86.22	prec@5 95.72	
Train: epoch-43 (1800/7410)	batch_time 0.08		data_time 0.01		loss 0.483	prec@1 85.34	prec@5 95.19	
Train: epoch-43 (2000/7410)	batch_time 0.08		data_time 0.01		loss 0.453	prec@1 86.31	prec@5 95.28	
Train: epoch-43 (2200/7410)	batch_time 0.08		data_time 0.01		loss 0.459	prec@1 86.09	prec@5 95.16	
Train: epoch-43 (2400/7410)	batch_time 0.08		data_time 0.01		loss 0.456	prec@1 86.53	prec@5 95.56	
Train: epoch-43 (2600/7410)	batch_time 0.08		data_time 0.01		loss 0.506	prec@1 85.00	prec@5 94.31	
Train: epoch-43 (2800/7410)	batch_time 0.08		data_time 0.01		loss 0.424	prec@1 86.94	prec@5 95.69	
Train: epoch-43 (3000/7410)	batch_time 0.08		data_time 0.01		loss 0.484	prec@1 85.12	prec@5 94.53	
Train: epoch-43 (3200/7410)	batch_time 0.08		data_time 0.01		loss 0.429	prec@1 86.66	prec@5 95.69	
Train: epoch-43 (3400/7410)	batch_time 0.08		data_time 0.01		loss 0.493	prec@1 83.97	prec@5 95.47	
Train: epoch-43 (3600/7410)	batch_time 0.08		data_time 0.01		loss 0.453	prec@1 86.41	prec@5 94.81	
Train: epoch-43 (3800/7410)	batch_time 0.08		data_time 0.01		loss 0.511	prec@1 84.12	prec@5 94.19	
Train: epoch-43 (4000/7410)	batch_time 0.08		data_time 0.01		loss 0.490	prec@1 85.09	prec@5 94.88	
Train: epoch-43 (4200/7410)	batch_time 0.08		data_time 0.01		loss 0.462	prec@1 85.91	prec@5 95.09	
Train: epoch-43 (4400/7410)	batch_time 0.08		data_time 0.01		loss 0.479	prec@1 84.91	prec@5 94.81	
Train: epoch-43 (4600/7410)	batch_time 0.08		data_time 0.01		loss 0.472	prec@1 85.44	prec@5 95.41	
Train: epoch-43 (4800/7410)	batch_time 0.08		data_time 0.01		loss 0.479	prec@1 85.19	prec@5 95.25	
Train: epoch-43 (5000/7410)	batch_time 0.08		data_time 0.01		loss 0.486	prec@1 85.44	prec@5 95.16	
Train: epoch-43 (5200/7410)	batch_time 0.08		data_time 0.01		loss 0.452	prec@1 85.97	prec@5 95.38	
Train: epoch-43 (5400/7410)	batch_time 0.08		data_time 0.01		loss 0.423	prec@1 87.19	prec@5 95.94	
Train: epoch-43 (5600/7410)	batch_time 0.08		data_time 0.01		loss 0.449	prec@1 86.41	prec@5 95.50	
Train: epoch-43 (5800/7410)	batch_time 0.08		data_time 0.01		loss 0.500	prec@1 84.94	prec@5 94.47	
Train: epoch-43 (6000/7410)	batch_time 0.08		data_time 0.01		loss 0.457	prec@1 85.91	prec@5 95.34	
Train: epoch-43 (6200/7410)	batch_time 0.08		data_time 0.01		loss 0.461	prec@1 86.00	prec@5 95.03	
Train: epoch-43 (6400/7410)	batch_time 0.08		data_time 0.01		loss 0.461	prec@1 85.91	prec@5 95.25	
Train: epoch-43 (6600/7410)	batch_time 0.08		data_time 0.01		loss 0.456	prec@1 86.09	prec@5 95.50	
Train: epoch-43 (6800/7410)	batch_time 0.08		data_time 0.01		loss 0.491	prec@1 84.84	prec@5 95.28	
Train: epoch-43 (7000/7410)	batch_time 0.08		data_time 0.01		loss 0.502	prec@1 84.66	prec@5 94.56	
Train: epoch-43 (7200/7410)	batch_time 0.08		data_time 0.01		loss 0.443	prec@1 86.25	prec@5 95.44	
Train: epoch-43 (7400/7410)	batch_time 0.08		data_time 0.01		loss 0.452	prec@1 86.06	prec@5 95.66	
Validate: Prec@1 94.97 Validate: Prec@5 99.74  Loss 0.174
Best Prec@1: 94.97

Train: epoch-44 (200/7410)	batch_time 0.20		data_time 0.12		loss 0.474	prec@1 85.19	prec@5 94.66	
Train: epoch-44 (400/7410)	batch_time 0.08		data_time 0.01		loss 0.451	prec@1 86.06	prec@5 95.62	
Train: epoch-44 (600/7410)	batch_time 0.08		data_time 0.01		loss 0.467	prec@1 85.84	prec@5 94.81	
Train: epoch-44 (800/7410)	batch_time 0.08		data_time 0.01		loss 0.476	prec@1 85.72	prec@5 94.81	
Train: epoch-44 (1000/7410)	batch_time 0.08		data_time 0.01		loss 0.429	prec@1 86.34	prec@5 95.81	
Train: epoch-44 (1200/7410)	batch_time 0.09		data_time 0.01		loss 0.428	prec@1 86.94	prec@5 96.06	
Train: epoch-44 (1400/7410)	batch_time 0.08		data_time 0.01		loss 0.457	prec@1 86.44	prec@5 95.16	
Train: epoch-44 (1600/7410)	batch_time 0.09		data_time 0.01		loss 0.469	prec@1 85.66	prec@5 95.22	
Train: epoch-44 (1800/7410)	batch_time 0.09		data_time 0.01		loss 0.454	prec@1 86.09	prec@5 95.12	
Train: epoch-44 (2000/7410)	batch_time 0.09		data_time 0.01		loss 0.480	prec@1 85.59	prec@5 94.91	
Train: epoch-44 (2200/7410)	batch_time 0.09		data_time 0.01		loss 0.442	prec@1 86.19	prec@5 95.22	
Train: epoch-44 (2400/7410)	batch_time 0.09		data_time 0.01		loss 0.450	prec@1 85.84	prec@5 96.03	
Train: epoch-44 (2600/7410)	batch_time 0.09		data_time 0.01		loss 0.485	prec@1 84.72	prec@5 95.44	
Train: epoch-44 (2800/7410)	batch_time 0.09		data_time 0.01		loss 0.440	prec@1 86.34	prec@5 95.62	
Train: epoch-44 (3000/7410)	batch_time 0.09		data_time 0.01		loss 0.477	prec@1 85.19	prec@5 95.44	
Train: epoch-44 (3200/7410)	batch_time 0.08		data_time 0.01		loss 0.457	prec@1 85.75	prec@5 94.72	
Train: epoch-44 (3400/7410)	batch_time 0.08		data_time 0.01		loss 0.462	prec@1 85.69	prec@5 95.41	
Train: epoch-44 (3600/7410)	batch_time 0.08		data_time 0.01		loss 0.468	prec@1 85.31	prec@5 95.50	
Train: epoch-44 (3800/7410)	batch_time 0.08		data_time 0.01		loss 0.459	prec@1 85.66	prec@5 95.31	
Train: epoch-44 (4000/7410)	batch_time 0.08		data_time 0.01		loss 0.471	prec@1 85.31	prec@5 95.78	
Train: epoch-44 (4200/7410)	batch_time 0.09		data_time 0.01		loss 0.452	prec@1 86.28	prec@5 95.16	
Train: epoch-44 (4400/7410)	batch_time 0.08		data_time 0.01		loss 0.470	prec@1 86.06	prec@5 94.91	
Train: epoch-44 (4600/7410)	batch_time 0.09		data_time 0.01		loss 0.447	prec@1 86.06	prec@5 95.31	
Train: epoch-44 (4800/7410)	batch_time 0.09		data_time 0.01		loss 0.448	prec@1 85.53	prec@5 96.19	
Train: epoch-44 (5000/7410)	batch_time 0.08		data_time 0.01		loss 0.436	prec@1 86.50	prec@5 95.91	
Train: epoch-44 (5200/7410)	batch_time 0.08		data_time 0.01		loss 0.433	prec@1 87.31	prec@5 95.50	
Train: epoch-44 (5400/7410)	batch_time 0.09		data_time 0.01		loss 0.451	prec@1 86.34	prec@5 94.84	
Train: epoch-44 (5600/7410)	batch_time 0.08		data_time 0.01		loss 0.454	prec@1 85.88	prec@5 95.75	
Train: epoch-44 (5800/7410)	batch_time 0.08		data_time 0.01		loss 0.470	prec@1 85.62	prec@5 95.09	
Train: epoch-44 (6000/7410)	batch_time 0.08		data_time 0.01		loss 0.467	prec@1 85.59	prec@5 95.34	
Train: epoch-44 (6200/7410)	batch_time 0.08		data_time 0.01		loss 0.457	prec@1 85.94	prec@5 95.53	
Train: epoch-44 (6400/7410)	batch_time 0.08		data_time 0.01		loss 0.470	prec@1 85.81	prec@5 94.66	
Train: epoch-44 (6600/7410)	batch_time 0.09		data_time 0.01		loss 0.474	prec@1 84.84	prec@5 94.91	
Train: epoch-44 (6800/7410)	batch_time 0.09		data_time 0.01		loss 0.443	prec@1 86.88	prec@5 95.41	
Train: epoch-44 (7000/7410)	batch_time 0.08		data_time 0.01		loss 0.458	prec@1 85.97	prec@5 95.28	
Train: epoch-44 (7200/7410)	batch_time 0.08		data_time 0.01		loss 0.498	prec@1 84.31	prec@5 94.53	
Train: epoch-44 (7400/7410)	batch_time 0.08		data_time 0.01		loss 0.462	prec@1 86.00	prec@5 95.38	
Validate: Prec@1 94.91 Validate: Prec@5 99.73  Loss 0.175
Best Prec@1: 94.97

Train: epoch-45 (200/7410)	batch_time 0.18		data_time 0.11		loss 0.427	prec@1 86.59	prec@5 95.94	
Train: epoch-45 (400/7410)	batch_time 0.08		data_time 0.01		loss 0.462	prec@1 85.25	prec@5 95.72	
Train: epoch-45 (600/7410)	batch_time 0.08		data_time 0.01		loss 0.428	prec@1 86.91	prec@5 95.25	
Train: epoch-45 (800/7410)	batch_time 0.08		data_time 0.01		loss 0.439	prec@1 86.56	prec@5 95.72	
Train: epoch-45 (1000/7410)	batch_time 0.08		data_time 0.01		loss 0.446	prec@1 86.16	prec@5 95.56	
Train: epoch-45 (1200/7410)	batch_time 0.08		data_time 0.01		loss 0.463	prec@1 85.72	prec@5 95.28	
Train: epoch-45 (1400/7410)	batch_time 0.08		data_time 0.01		loss 0.449	prec@1 86.31	prec@5 95.69	
Train: epoch-45 (1600/7410)	batch_time 0.08		data_time 0.01		loss 0.493	prec@1 85.12	prec@5 94.62	
Train: epoch-45 (1800/7410)	batch_time 0.09		data_time 0.01		loss 0.459	prec@1 85.56	prec@5 94.97	
Train: epoch-45 (2000/7410)	batch_time 0.08		data_time 0.01		loss 0.448	prec@1 85.97	prec@5 95.22	
Train: epoch-45 (2200/7410)	batch_time 0.08		data_time 0.01		loss 0.425	prec@1 86.88	prec@5 95.75	
Train: epoch-45 (2400/7410)	batch_time 0.08		data_time 0.01		loss 0.480	prec@1 86.03	prec@5 94.88	
Train: epoch-45 (2600/7410)	batch_time 0.09		data_time 0.01		loss 0.436	prec@1 86.38	prec@5 95.66	
Train: epoch-45 (2800/7410)	batch_time 0.08		data_time 0.01		loss 0.467	prec@1 85.53	prec@5 95.19	
Train: epoch-45 (3000/7410)	batch_time 0.08		data_time 0.01		loss 0.458	prec@1 85.28	prec@5 95.69	
Train: epoch-45 (3200/7410)	batch_time 0.08		data_time 0.01		loss 0.475	prec@1 85.19	prec@5 95.09	
Train: epoch-45 (3400/7410)	batch_time 0.08		data_time 0.01		loss 0.457	prec@1 86.06	prec@5 95.38	
Train: epoch-45 (3600/7410)	batch_time 0.08		data_time 0.01		loss 0.446	prec@1 86.19	prec@5 95.34	
Train: epoch-45 (3800/7410)	batch_time 0.08		data_time 0.01		loss 0.465	prec@1 85.50	prec@5 94.91	
Train: epoch-45 (4000/7410)	batch_time 0.08		data_time 0.01		loss 0.452	prec@1 85.97	prec@5 95.94	
Train: epoch-45 (4200/7410)	batch_time 0.08		data_time 0.01		loss 0.481	prec@1 85.19	prec@5 95.22	
Train: epoch-45 (4400/7410)	batch_time 0.08		data_time 0.01		loss 0.463	prec@1 85.88	prec@5 95.25	
Train: epoch-45 (4600/7410)	batch_time 0.08		data_time 0.01		loss 0.474	prec@1 86.06	prec@5 94.84	
Train: epoch-45 (4800/7410)	batch_time 0.09		data_time 0.01		loss 0.484	prec@1 85.34	prec@5 95.06	
Train: epoch-45 (5000/7410)	batch_time 0.08		data_time 0.01		loss 0.450	prec@1 86.44	prec@5 94.94	
Train: epoch-45 (5200/7410)	batch_time 0.08		data_time 0.01		loss 0.479	prec@1 84.97	prec@5 95.12	
Train: epoch-45 (5400/7410)	batch_time 0.08		data_time 0.01		loss 0.431	prec@1 86.34	prec@5 95.84	
Train: epoch-45 (5600/7410)	batch_time 0.08		data_time 0.01		loss 0.429	prec@1 87.03	prec@5 95.94	
Train: epoch-45 (5800/7410)	batch_time 0.08		data_time 0.01		loss 0.466	prec@1 86.09	prec@5 95.09	
Train: epoch-45 (6000/7410)	batch_time 0.08		data_time 0.01		loss 0.438	prec@1 86.56	prec@5 95.81	
Train: epoch-45 (6200/7410)	batch_time 0.09		data_time 0.01		loss 0.493	prec@1 85.16	prec@5 93.91	
Train: epoch-45 (6400/7410)	batch_time 0.08		data_time 0.01		loss 0.427	prec@1 86.94	prec@5 95.75	
Train: epoch-45 (6600/7410)	batch_time 0.08		data_time 0.01		loss 0.445	prec@1 86.12	prec@5 95.12	
Train: epoch-45 (6800/7410)	batch_time 0.08		data_time 0.01		loss 0.439	prec@1 86.75	prec@5 95.56	
Train: epoch-45 (7000/7410)	batch_time 0.08		data_time 0.01		loss 0.463	prec@1 85.66	prec@5 95.19	
Train: epoch-45 (7200/7410)	batch_time 0.08		data_time 0.01		loss 0.458	prec@1 86.03	prec@5 95.19	
Train: epoch-45 (7400/7410)	batch_time 0.08		data_time 0.01		loss 0.441	prec@1 86.62	prec@5 95.28	
Validate: Prec@1 94.48 Validate: Prec@5 99.65  Loss 0.184
Best Prec@1: 94.97

Train: epoch-46 (200/7410)	batch_time 0.19		data_time 0.12		loss 0.464	prec@1 85.62	prec@5 95.06	
Train: epoch-46 (400/7410)	batch_time 0.08		data_time 0.01		loss 0.433	prec@1 86.22	prec@5 95.66	
Train: epoch-46 (600/7410)	batch_time 0.08		data_time 0.01		loss 0.460	prec@1 86.06	prec@5 95.22	
Train: epoch-46 (800/7410)	batch_time 0.08		data_time 0.01		loss 0.449	prec@1 86.56	prec@5 95.28	
Train: epoch-46 (1000/7410)	batch_time 0.08		data_time 0.01		loss 0.432	prec@1 86.56	prec@5 95.44	
Train: epoch-46 (1200/7410)	batch_time 0.08		data_time 0.01		loss 0.409	prec@1 87.22	prec@5 95.59	
Train: epoch-46 (1400/7410)	batch_time 0.08		data_time 0.01		loss 0.443	prec@1 86.19	prec@5 95.84	
Train: epoch-46 (1600/7410)	batch_time 0.08		data_time 0.01		loss 0.437	prec@1 86.94	prec@5 95.72	
Train: epoch-46 (1800/7410)	batch_time 0.08		data_time 0.01		loss 0.455	prec@1 86.06	prec@5 95.09	
Train: epoch-46 (2000/7410)	batch_time 0.08		data_time 0.01		loss 0.459	prec@1 86.38	prec@5 95.12	
Train: epoch-46 (2200/7410)	batch_time 0.08		data_time 0.01		loss 0.416	prec@1 86.94	prec@5 95.88	
Train: epoch-46 (2400/7410)	batch_time 0.08		data_time 0.01		loss 0.474	prec@1 85.31	prec@5 94.47	
Train: epoch-46 (2600/7410)	batch_time 0.08		data_time 0.01		loss 0.430	prec@1 86.94	prec@5 96.03	
Train: epoch-46 (2800/7410)	batch_time 0.08		data_time 0.01		loss 0.440	prec@1 86.03	prec@5 95.72	
Train: epoch-46 (3000/7410)	batch_time 0.08		data_time 0.01		loss 0.450	prec@1 86.12	prec@5 95.38	
Train: epoch-46 (3200/7410)	batch_time 0.08		data_time 0.01		loss 0.466	prec@1 86.09	prec@5 95.78	
Train: epoch-46 (3400/7410)	batch_time 0.08		data_time 0.01		loss 0.459	prec@1 85.84	prec@5 95.44	
Train: epoch-46 (3600/7410)	batch_time 0.08		data_time 0.01		loss 0.455	prec@1 86.47	prec@5 95.53	
Train: epoch-46 (3800/7410)	batch_time 0.08		data_time 0.01		loss 0.453	prec@1 86.22	prec@5 95.34	
Train: epoch-46 (4000/7410)	batch_time 0.08		data_time 0.01		loss 0.453	prec@1 86.28	prec@5 95.38	
Train: epoch-46 (4200/7410)	batch_time 0.08		data_time 0.01		loss 0.467	prec@1 85.56	prec@5 95.69	
Train: epoch-46 (4400/7410)	batch_time 0.08		data_time 0.01		loss 0.441	prec@1 85.97	prec@5 95.81	
Train: epoch-46 (4600/7410)	batch_time 0.08		data_time 0.01		loss 0.452	prec@1 85.94	prec@5 95.06	
Train: epoch-46 (4800/7410)	batch_time 0.08		data_time 0.01		loss 0.427	prec@1 87.19	prec@5 95.72	
Train: epoch-46 (5000/7410)	batch_time 0.08		data_time 0.01		loss 0.457	prec@1 86.22	prec@5 95.31	
Train: epoch-46 (5200/7410)	batch_time 0.09		data_time 0.01		loss 0.472	prec@1 85.19	prec@5 95.44	
Train: epoch-46 (5400/7410)	batch_time 0.08		data_time 0.01		loss 0.429	prec@1 87.12	prec@5 95.94	
Train: epoch-46 (5600/7410)	batch_time 0.08		data_time 0.01		loss 0.488	prec@1 84.47	prec@5 94.59	
Train: epoch-46 (5800/7410)	batch_time 0.08		data_time 0.01		loss 0.462	prec@1 85.78	prec@5 95.16	
Train: epoch-46 (6000/7410)	batch_time 0.08		data_time 0.01		loss 0.482	prec@1 85.25	prec@5 94.56	
Train: epoch-46 (6200/7410)	batch_time 0.08		data_time 0.01		loss 0.476	prec@1 85.53	prec@5 94.81	
Train: epoch-46 (6400/7410)	batch_time 0.08		data_time 0.01		loss 0.471	prec@1 85.59	prec@5 95.44	
Train: epoch-46 (6600/7410)	batch_time 0.08		data_time 0.01		loss 0.466	prec@1 85.28	prec@5 95.34	
Train: epoch-46 (6800/7410)	batch_time 0.08		data_time 0.01		loss 0.450	prec@1 86.31	prec@5 95.38	
Train: epoch-46 (7000/7410)	batch_time 0.08		data_time 0.01		loss 0.420	prec@1 86.78	prec@5 95.81	
Train: epoch-46 (7200/7410)	batch_time 0.08		data_time 0.01		loss 0.439	prec@1 86.03	prec@5 95.25	
Train: epoch-46 (7400/7410)	batch_time 0.08		data_time 0.01		loss 0.432	prec@1 86.91	prec@5 95.91	
Validate: Prec@1 94.83 Validate: Prec@5 99.68  Loss 0.176
Best Prec@1: 94.97

Train: epoch-47 (200/7410)	batch_time 0.18		data_time 0.11		loss 0.462	prec@1 86.12	prec@5 94.94	
Train: epoch-47 (400/7410)	batch_time 0.08		data_time 0.01		loss 0.458	prec@1 85.94	prec@5 95.19	
Train: epoch-47 (600/7410)	batch_time 0.08		data_time 0.01		loss 0.438	prec@1 86.88	prec@5 95.31	
Train: epoch-47 (800/7410)	batch_time 0.08		data_time 0.01		loss 0.467	prec@1 85.41	prec@5 95.19	
Train: epoch-47 (1000/7410)	batch_time 0.08		data_time 0.01		loss 0.456	prec@1 85.69	prec@5 95.44	
Train: epoch-47 (1200/7410)	batch_time 0.08		data_time 0.01		loss 0.430	prec@1 86.41	prec@5 95.81	
Train: epoch-47 (1400/7410)	batch_time 0.08		data_time 0.01		loss 0.444	prec@1 86.00	prec@5 95.06	
Train: epoch-47 (1600/7410)	batch_time 0.08		data_time 0.01		loss 0.431	prec@1 86.91	prec@5 95.56	
Train: epoch-47 (1800/7410)	batch_time 0.08		data_time 0.01		loss 0.449	prec@1 86.06	prec@5 94.97	
Train: epoch-47 (2000/7410)	batch_time 0.09		data_time 0.01		loss 0.451	prec@1 86.12	prec@5 95.31	
Train: epoch-47 (2200/7410)	batch_time 0.08		data_time 0.01		loss 0.456	prec@1 85.41	prec@5 95.56	
Train: epoch-47 (2400/7410)	batch_time 0.08		data_time 0.01		loss 0.441	prec@1 86.00	prec@5 95.72	
Train: epoch-47 (2600/7410)	batch_time 0.08		data_time 0.01		loss 0.469	prec@1 85.59	prec@5 95.28	
Train: epoch-47 (2800/7410)	batch_time 0.08		data_time 0.01		loss 0.427	prec@1 87.31	prec@5 95.84	
Train: epoch-47 (3000/7410)	batch_time 0.08		data_time 0.01		loss 0.431	prec@1 86.75	prec@5 95.69	
Train: epoch-47 (3200/7410)	batch_time 0.09		data_time 0.01		loss 0.445	prec@1 86.25	prec@5 95.38	
Train: epoch-47 (3400/7410)	batch_time 0.08		data_time 0.01		loss 0.457	prec@1 86.28	prec@5 95.28	
Train: epoch-47 (3600/7410)	batch_time 0.08		data_time 0.01		loss 0.443	prec@1 86.03	prec@5 95.12	
Train: epoch-47 (3800/7410)	batch_time 0.08		data_time 0.01		loss 0.476	prec@1 85.50	prec@5 95.19	
Train: epoch-47 (4000/7410)	batch_time 0.08		data_time 0.01		loss 0.435	prec@1 86.34	prec@5 95.81	
Train: epoch-47 (4200/7410)	batch_time 0.08		data_time 0.01		loss 0.443	prec@1 85.81	prec@5 95.25	
Train: epoch-47 (4400/7410)	batch_time 0.08		data_time 0.01		loss 0.459	prec@1 85.00	prec@5 95.47	
Train: epoch-47 (4600/7410)	batch_time 0.08		data_time 0.01		loss 0.449	prec@1 86.25	prec@5 95.06	
Train: epoch-47 (4800/7410)	batch_time 0.08		data_time 0.01		loss 0.452	prec@1 86.12	prec@5 95.38	
Train: epoch-47 (5000/7410)	batch_time 0.08		data_time 0.01		loss 0.440	prec@1 86.41	prec@5 95.72	
Train: epoch-47 (5200/7410)	batch_time 0.08		data_time 0.01		loss 0.432	prec@1 86.62	prec@5 95.81	
Train: epoch-47 (5400/7410)	batch_time 0.08		data_time 0.01		loss 0.451	prec@1 85.75	prec@5 95.06	
Train: epoch-47 (5600/7410)	batch_time 0.08		data_time 0.01		loss 0.470	prec@1 85.41	prec@5 95.59	
Train: epoch-47 (5800/7410)	batch_time 0.08		data_time 0.01		loss 0.450	prec@1 85.91	prec@5 95.75	
Train: epoch-47 (6000/7410)	batch_time 0.08		data_time 0.01		loss 0.439	prec@1 86.81	prec@5 95.28	
Train: epoch-47 (6200/7410)	batch_time 0.08		data_time 0.01		loss 0.447	prec@1 86.56	prec@5 95.75	
Train: epoch-47 (6400/7410)	batch_time 0.08		data_time 0.01		loss 0.446	prec@1 87.03	prec@5 95.06	
Train: epoch-47 (6600/7410)	batch_time 0.08		data_time 0.01		loss 0.440	prec@1 86.00	prec@5 95.47	
Train: epoch-47 (6800/7410)	batch_time 0.08		data_time 0.01		loss 0.468	prec@1 85.38	prec@5 95.28	
Train: epoch-47 (7000/7410)	batch_time 0.09		data_time 0.01		loss 0.447	prec@1 86.84	prec@5 95.78	
Train: epoch-47 (7200/7410)	batch_time 0.08		data_time 0.01		loss 0.445	prec@1 86.19	prec@5 95.34	
Train: epoch-47 (7400/7410)	batch_time 0.08		data_time 0.01		loss 0.427	prec@1 86.75	prec@5 96.38	
Validate: Prec@1 94.65 Validate: Prec@5 99.74  Loss 0.179
Best Prec@1: 94.97

Train: epoch-48 (200/7410)	batch_time 0.18		data_time 0.11		loss 0.425	prec@1 87.09	prec@5 96.16	
Train: epoch-48 (400/7410)	batch_time 0.08		data_time 0.01		loss 0.463	prec@1 85.88	prec@5 94.97	
Train: epoch-48 (600/7410)	batch_time 0.08		data_time 0.01		loss 0.453	prec@1 86.03	prec@5 95.50	
Train: epoch-48 (800/7410)	batch_time 0.08		data_time 0.01		loss 0.448	prec@1 85.56	prec@5 96.09	
Train: epoch-48 (1000/7410)	batch_time 0.08		data_time 0.01		loss 0.430	prec@1 86.78	prec@5 95.56	
Train: epoch-48 (1200/7410)	batch_time 0.08		data_time 0.01		loss 0.441	prec@1 86.50	prec@5 95.59	
Train: epoch-48 (1400/7410)	batch_time 0.08		data_time 0.01		loss 0.439	prec@1 86.28	prec@5 95.62	
Train: epoch-48 (1600/7410)	batch_time 0.08		data_time 0.01		loss 0.436	prec@1 86.81	prec@5 95.16	
Train: epoch-48 (1800/7410)	batch_time 0.08		data_time 0.01		loss 0.482	prec@1 85.31	prec@5 94.94	
Train: epoch-48 (2000/7410)	batch_time 0.08		data_time 0.01		loss 0.464	prec@1 85.75	prec@5 95.09	
Train: epoch-48 (2200/7410)	batch_time 0.08		data_time 0.01		loss 0.451	prec@1 86.47	prec@5 95.22	
Train: epoch-48 (2400/7410)	batch_time 0.08		data_time 0.01		loss 0.454	prec@1 86.41	prec@5 95.41	
Train: epoch-48 (2600/7410)	batch_time 0.08		data_time 0.01		loss 0.415	prec@1 87.53	prec@5 95.75	
Train: epoch-48 (2800/7410)	batch_time 0.08		data_time 0.01		loss 0.474	prec@1 85.44	prec@5 94.69	
Train: epoch-48 (3000/7410)	batch_time 0.08		data_time 0.01		loss 0.440	prec@1 86.28	prec@5 95.06	
Train: epoch-48 (3200/7410)	batch_time 0.08		data_time 0.01		loss 0.433	prec@1 86.78	prec@5 95.81	
Train: epoch-48 (3400/7410)	batch_time 0.08		data_time 0.01		loss 0.436	prec@1 86.34	prec@5 95.31	
Train: epoch-48 (3600/7410)	batch_time 0.08		data_time 0.01		loss 0.451	prec@1 86.44	prec@5 95.41	
Train: epoch-48 (3800/7410)	batch_time 0.08		data_time 0.01		loss 0.472	prec@1 85.28	prec@5 94.94	
Train: epoch-48 (4000/7410)	batch_time 0.08		data_time 0.01		loss 0.444	prec@1 86.25	prec@5 95.59	
Train: epoch-48 (4200/7410)	batch_time 0.08		data_time 0.01		loss 0.432	prec@1 86.31	prec@5 96.00	
Train: epoch-48 (4400/7410)	batch_time 0.08		data_time 0.01		loss 0.436	prec@1 86.16	prec@5 95.25	
Train: epoch-48 (4600/7410)	batch_time 0.08		data_time 0.01		loss 0.438	prec@1 86.44	prec@5 95.62	
Train: epoch-48 (4800/7410)	batch_time 0.08		data_time 0.01		loss 0.426	prec@1 87.25	prec@5 95.94	
Train: epoch-48 (5000/7410)	batch_time 0.08		data_time 0.01		loss 0.471	prec@1 85.44	prec@5 95.47	
Train: epoch-48 (5200/7410)	batch_time 0.08		data_time 0.01		loss 0.444	prec@1 86.56	prec@5 95.66	
Train: epoch-48 (5400/7410)	batch_time 0.08		data_time 0.01		loss 0.456	prec@1 85.75	prec@5 95.31	
Train: epoch-48 (5600/7410)	batch_time 0.08		data_time 0.01		loss 0.434	prec@1 86.75	prec@5 95.69	
Train: epoch-48 (5800/7410)	batch_time 0.08		data_time 0.01		loss 0.432	prec@1 87.28	prec@5 95.25	
Train: epoch-48 (6000/7410)	batch_time 0.08		data_time 0.01		loss 0.474	prec@1 85.97	prec@5 95.03	
Train: epoch-48 (6200/7410)	batch_time 0.08		data_time 0.01		loss 0.489	prec@1 84.91	prec@5 94.84	
Train: epoch-48 (6400/7410)	batch_time 0.08		data_time 0.01		loss 0.462	prec@1 85.75	prec@5 95.53	
Train: epoch-48 (6600/7410)	batch_time 0.08		data_time 0.01		loss 0.440	prec@1 86.47	prec@5 95.44	
Train: epoch-48 (6800/7410)	batch_time 0.08		data_time 0.01		loss 0.458	prec@1 85.78	prec@5 95.53	
Train: epoch-48 (7000/7410)	batch_time 0.08		data_time 0.01		loss 0.444	prec@1 86.62	prec@5 95.88	
Train: epoch-48 (7200/7410)	batch_time 0.08		data_time 0.01		loss 0.429	prec@1 87.16	prec@5 95.69	
Train: epoch-48 (7400/7410)	batch_time 0.08		data_time 0.01		loss 0.472	prec@1 85.50	prec@5 94.88	
Validate: Prec@1 94.77 Validate: Prec@5 99.74  Loss 0.182
Best Prec@1: 94.97

Train: epoch-49 (200/7410)	batch_time 0.18		data_time 0.11		loss 0.450	prec@1 85.22	prec@5 95.22	
Train: epoch-49 (400/7410)	batch_time 0.08		data_time 0.01		loss 0.392	prec@1 88.25	prec@5 95.84	
Train: epoch-49 (600/7410)	batch_time 0.08		data_time 0.01		loss 0.459	prec@1 85.41	prec@5 95.22	
Train: epoch-49 (800/7410)	batch_time 0.08		data_time 0.01		loss 0.466	prec@1 86.16	prec@5 95.31	
Train: epoch-49 (1000/7410)	batch_time 0.08		data_time 0.01		loss 0.473	prec@1 84.69	prec@5 95.56	
Train: epoch-49 (1200/7410)	batch_time 0.08		data_time 0.01		loss 0.427	prec@1 86.62	prec@5 95.41	
Train: epoch-49 (1400/7410)	batch_time 0.08		data_time 0.01		loss 0.458	prec@1 86.09	prec@5 95.03	
Train: epoch-49 (1600/7410)	batch_time 0.08		data_time 0.01		loss 0.480	prec@1 85.75	prec@5 95.22	
Train: epoch-49 (1800/7410)	batch_time 0.08		data_time 0.01		loss 0.435	prec@1 86.38	prec@5 96.16	
Train: epoch-49 (2000/7410)	batch_time 0.08		data_time 0.01		loss 0.458	prec@1 86.00	prec@5 95.16	
Train: epoch-49 (2200/7410)	batch_time 0.08		data_time 0.01		loss 0.407	prec@1 87.38	prec@5 96.59	
Train: epoch-49 (2400/7410)	batch_time 0.08		data_time 0.01		loss 0.458	prec@1 85.44	prec@5 94.78	
Train: epoch-49 (2600/7410)	batch_time 0.08		data_time 0.01		loss 0.425	prec@1 86.94	prec@5 95.62	
Train: epoch-49 (2800/7410)	batch_time 0.08		data_time 0.01		loss 0.390	prec@1 87.62	prec@5 96.34	
Train: epoch-49 (3000/7410)	batch_time 0.08		data_time 0.01		loss 0.451	prec@1 85.75	prec@5 95.28	
Train: epoch-49 (3200/7410)	batch_time 0.08		data_time 0.01		loss 0.444	prec@1 86.81	prec@5 95.72	
Train: epoch-49 (3400/7410)	batch_time 0.08		data_time 0.01		loss 0.454	prec@1 85.91	prec@5 95.56	
Train: epoch-49 (3600/7410)	batch_time 0.08		data_time 0.01		loss 0.449	prec@1 86.56	prec@5 95.59	
Train: epoch-49 (3800/7410)	batch_time 0.08		data_time 0.01		loss 0.465	prec@1 85.47	prec@5 95.06	
Train: epoch-49 (4000/7410)	batch_time 0.08		data_time 0.01		loss 0.453	prec@1 85.84	prec@5 95.66	
Train: epoch-49 (4200/7410)	batch_time 0.08		data_time 0.01		loss 0.427	prec@1 86.91	prec@5 95.56	
Train: epoch-49 (4400/7410)	batch_time 0.09		data_time 0.01		loss 0.415	prec@1 87.09	prec@5 95.88	
Train: epoch-49 (4600/7410)	batch_time 0.09		data_time 0.01		loss 0.449	prec@1 86.16	prec@5 95.16	
Train: epoch-49 (4800/7410)	batch_time 0.09		data_time 0.01		loss 0.433	prec@1 87.03	prec@5 95.78	
Train: epoch-49 (5000/7410)	batch_time 0.09		data_time 0.01		loss 0.435	prec@1 86.62	prec@5 95.19	
Train: epoch-49 (5200/7410)	batch_time 0.09		data_time 0.01		loss 0.435	prec@1 86.66	prec@5 95.69	
Train: epoch-49 (5400/7410)	batch_time 0.09		data_time 0.01		loss 0.416	prec@1 87.00	prec@5 95.88	
Train: epoch-49 (5600/7410)	batch_time 0.09		data_time 0.01		loss 0.443	prec@1 86.84	prec@5 95.28	
Train: epoch-49 (5800/7410)	batch_time 0.09		data_time 0.01		loss 0.473	prec@1 85.81	prec@5 95.31	
Train: epoch-49 (6000/7410)	batch_time 0.09		data_time 0.01		loss 0.428	prec@1 86.91	prec@5 95.88	
Train: epoch-49 (6200/7410)	batch_time 0.09		data_time 0.01		loss 0.414	prec@1 87.50	prec@5 95.34	
Train: epoch-49 (6400/7410)	batch_time 0.09		data_time 0.01		loss 0.434	prec@1 86.69	prec@5 95.50	
Train: epoch-49 (6600/7410)	batch_time 0.09		data_time 0.01		loss 0.411	prec@1 87.47	prec@5 96.09	
Train: epoch-49 (6800/7410)	batch_time 0.09		data_time 0.01		loss 0.453	prec@1 86.28	prec@5 95.31	
Train: epoch-49 (7000/7410)	batch_time 0.09		data_time 0.01		loss 0.444	prec@1 86.25	prec@5 95.38	
Train: epoch-49 (7200/7410)	batch_time 0.09		data_time 0.01		loss 0.420	prec@1 86.84	prec@5 96.22	
Train: epoch-49 (7400/7410)	batch_time 0.09		data_time 0.01		loss 0.454	prec@1 86.69	prec@5 95.34	
Validate: Prec@1 95.00 Validate: Prec@5 99.74  Loss 0.171
Best Prec@1: 95.00

Train: epoch-50 (200/7410)	batch_time 0.20		data_time 0.12		loss 0.417	prec@1 87.16	prec@5 95.88	
Train: epoch-50 (400/7410)	batch_time 0.08		data_time 0.01		loss 0.480	prec@1 85.62	prec@5 95.03	
Train: epoch-50 (600/7410)	batch_time 0.08		data_time 0.01		loss 0.457	prec@1 86.31	prec@5 95.50	
Train: epoch-50 (800/7410)	batch_time 0.08		data_time 0.01		loss 0.452	prec@1 86.03	prec@5 95.31	
Train: epoch-50 (1000/7410)	batch_time 0.08		data_time 0.01		loss 0.447	prec@1 86.31	prec@5 95.44	
Train: epoch-50 (1200/7410)	batch_time 0.08		data_time 0.01		loss 0.423	prec@1 86.72	prec@5 95.75	
Train: epoch-50 (1400/7410)	batch_time 0.08		data_time 0.01		loss 0.470	prec@1 85.38	prec@5 95.44	
Train: epoch-50 (1600/7410)	batch_time 0.08		data_time 0.01		loss 0.405	prec@1 87.16	prec@5 95.94	
Train: epoch-50 (1800/7410)	batch_time 0.08		data_time 0.01		loss 0.459	prec@1 85.34	prec@5 95.22	
Train: epoch-50 (2000/7410)	batch_time 0.08		data_time 0.01		loss 0.452	prec@1 86.59	prec@5 95.44	
Train: epoch-50 (2200/7410)	batch_time 0.08		data_time 0.01		loss 0.417	prec@1 86.81	prec@5 95.91	
Train: epoch-50 (2400/7410)	batch_time 0.08		data_time 0.01		loss 0.426	prec@1 87.28	prec@5 95.53	
Train: epoch-50 (2600/7410)	batch_time 0.08		data_time 0.01		loss 0.454	prec@1 85.84	prec@5 95.53	
Train: epoch-50 (2800/7410)	batch_time 0.09		data_time 0.01		loss 0.444	prec@1 86.22	prec@5 96.19	
Train: epoch-50 (3000/7410)	batch_time 0.08		data_time 0.01		loss 0.430	prec@1 87.03	prec@5 95.56	
Train: epoch-50 (3200/7410)	batch_time 0.08		data_time 0.01		loss 0.466	prec@1 85.59	prec@5 95.06	
Train: epoch-50 (3400/7410)	batch_time 0.08		data_time 0.01		loss 0.436	prec@1 86.75	prec@5 95.03	
Train: epoch-50 (3600/7410)	batch_time 0.08		data_time 0.01		loss 0.461	prec@1 85.97	prec@5 95.09	
Train: epoch-50 (3800/7410)	batch_time 0.08		data_time 0.01		loss 0.435	prec@1 86.72	prec@5 95.75	
Train: epoch-50 (4000/7410)	batch_time 0.08		data_time 0.01		loss 0.429	prec@1 86.50	prec@5 95.25	
Train: epoch-50 (4200/7410)	batch_time 0.08		data_time 0.01		loss 0.468	prec@1 85.09	prec@5 95.47	
Train: epoch-50 (4400/7410)	batch_time 0.08		data_time 0.01		loss 0.450	prec@1 86.22	prec@5 95.28	
Train: epoch-50 (4600/7410)	batch_time 0.08		data_time 0.01		loss 0.453	prec@1 86.38	prec@5 95.06	
Train: epoch-50 (4800/7410)	batch_time 0.08		data_time 0.01		loss 0.445	prec@1 85.94	prec@5 95.69	
Train: epoch-50 (5000/7410)	batch_time 0.08		data_time 0.01		loss 0.455	prec@1 85.34	prec@5 95.38	
Train: epoch-50 (5200/7410)	batch_time 0.08		data_time 0.01		loss 0.453	prec@1 86.41	prec@5 94.91	
Train: epoch-50 (5400/7410)	batch_time 0.08		data_time 0.01		loss 0.417	prec@1 86.88	prec@5 95.97	
Train: epoch-50 (5600/7410)	batch_time 0.08		data_time 0.01		loss 0.428	prec@1 86.41	prec@5 95.53	
Train: epoch-50 (5800/7410)	batch_time 0.08		data_time 0.01		loss 0.419	prec@1 87.41	prec@5 95.78	
Train: epoch-50 (6000/7410)	batch_time 0.08		data_time 0.01		loss 0.469	prec@1 86.22	prec@5 94.97	
Train: epoch-50 (6200/7410)	batch_time 0.08		data_time 0.01		loss 0.426	prec@1 87.47	prec@5 95.50	
Train: epoch-50 (6400/7410)	batch_time 0.08		data_time 0.01		loss 0.415	prec@1 86.81	prec@5 95.91	
Train: epoch-50 (6600/7410)	batch_time 0.09		data_time 0.01		loss 0.427	prec@1 86.28	prec@5 95.75	
Train: epoch-50 (6800/7410)	batch_time 0.09		data_time 0.01		loss 0.432	prec@1 86.38	prec@5 95.19	
Train: epoch-50 (7000/7410)	batch_time 0.08		data_time 0.01		loss 0.430	prec@1 86.44	prec@5 95.78	
Train: epoch-50 (7200/7410)	batch_time 0.08		data_time 0.01		loss 0.429	prec@1 86.38	prec@5 95.88	
Train: epoch-50 (7400/7410)	batch_time 0.08		data_time 0.01		loss 0.426	prec@1 86.53	prec@5 95.91	
Validate: Prec@1 94.89 Validate: Prec@5 99.71  Loss 0.180
Best Prec@1: 95.00

Train: epoch-51 (200/7410)	batch_time 0.19		data_time 0.12		loss 0.423	prec@1 87.12	prec@5 95.78	
Train: epoch-51 (400/7410)	batch_time 0.08		data_time 0.01		loss 0.439	prec@1 86.72	prec@5 95.22	
Train: epoch-51 (600/7410)	batch_time 0.08		data_time 0.01		loss 0.412	prec@1 86.50	prec@5 95.97	
Train: epoch-51 (800/7410)	batch_time 0.08		data_time 0.01		loss 0.461	prec@1 86.00	prec@5 95.38	
Train: epoch-51 (1000/7410)	batch_time 0.08		data_time 0.01		loss 0.427	prec@1 86.84	prec@5 95.88	
Train: epoch-51 (1200/7410)	batch_time 0.09		data_time 0.01		loss 0.431	prec@1 86.16	prec@5 95.81	
Train: epoch-51 (1400/7410)	batch_time 0.08		data_time 0.01		loss 0.440	prec@1 86.03	prec@5 95.84	
Train: epoch-51 (1600/7410)	batch_time 0.08		data_time 0.01		loss 0.433	prec@1 86.91	prec@5 95.41	
Train: epoch-51 (1800/7410)	batch_time 0.08		data_time 0.01		loss 0.437	prec@1 86.41	prec@5 95.25	
Train: epoch-51 (2000/7410)	batch_time 0.08		data_time 0.01		loss 0.445	prec@1 86.66	prec@5 95.28	
Train: epoch-51 (2200/7410)	batch_time 0.08		data_time 0.01		loss 0.466	prec@1 85.50	prec@5 95.47	
Train: epoch-51 (2400/7410)	batch_time 0.08		data_time 0.01		loss 0.429	prec@1 87.00	prec@5 95.16	
Train: epoch-51 (2600/7410)	batch_time 0.08		data_time 0.01		loss 0.448	prec@1 86.66	prec@5 94.94	
Train: epoch-51 (2800/7410)	batch_time 0.08		data_time 0.01		loss 0.407	prec@1 87.38	prec@5 95.94	
Train: epoch-51 (3000/7410)	batch_time 0.08		data_time 0.01		loss 0.424	prec@1 86.81	prec@5 95.38	
Train: epoch-51 (3200/7410)	batch_time 0.08		data_time 0.01		loss 0.444	prec@1 86.22	prec@5 95.16	
Train: epoch-51 (3400/7410)	batch_time 0.08		data_time 0.01		loss 0.406	prec@1 87.44	prec@5 96.22	
Train: epoch-51 (3600/7410)	batch_time 0.08		data_time 0.01		loss 0.446	prec@1 86.12	prec@5 95.50	
Train: epoch-51 (3800/7410)	batch_time 0.08		data_time 0.01		loss 0.427	prec@1 87.22	prec@5 95.75	
Train: epoch-51 (4000/7410)	batch_time 0.08		data_time 0.01		loss 0.465	prec@1 85.50	prec@5 95.38	
Train: epoch-51 (4200/7410)	batch_time 0.08		data_time 0.01		loss 0.430	prec@1 86.81	prec@5 95.62	
Train: epoch-51 (4400/7410)	batch_time 0.08		data_time 0.01		loss 0.406	prec@1 87.50	prec@5 95.56	
Train: epoch-51 (4600/7410)	batch_time 0.08		data_time 0.01		loss 0.413	prec@1 87.22	prec@5 95.62	
Train: epoch-51 (4800/7410)	batch_time 0.08		data_time 0.01		loss 0.417	prec@1 87.59	prec@5 95.94	
Train: epoch-51 (5000/7410)	batch_time 0.08		data_time 0.01		loss 0.424	prec@1 86.69	prec@5 96.03	
Train: epoch-51 (5200/7410)	batch_time 0.08		data_time 0.01		loss 0.421	prec@1 87.19	prec@5 95.75	
Train: epoch-51 (5400/7410)	batch_time 0.08		data_time 0.01		loss 0.435	prec@1 86.78	prec@5 95.56	
Train: epoch-51 (5600/7410)	batch_time 0.08		data_time 0.01		loss 0.420	prec@1 86.41	prec@5 95.94	
Train: epoch-51 (5800/7410)	batch_time 0.08		data_time 0.01		loss 0.458	prec@1 85.56	prec@5 95.66	
Train: epoch-51 (6000/7410)	batch_time 0.08		data_time 0.01		loss 0.468	prec@1 85.19	prec@5 95.00	
Train: epoch-51 (6200/7410)	batch_time 0.08		data_time 0.01		loss 0.451	prec@1 85.53	prec@5 94.69	
Train: epoch-51 (6400/7410)	batch_time 0.08		data_time 0.01		loss 0.450	prec@1 86.16	prec@5 94.84	
Train: epoch-51 (6600/7410)	batch_time 0.08		data_time 0.01		loss 0.456	prec@1 85.91	prec@5 95.62	
Train: epoch-51 (6800/7410)	batch_time 0.08		data_time 0.01		loss 0.443	prec@1 85.91	prec@5 95.50	
Train: epoch-51 (7000/7410)	batch_time 0.08		data_time 0.01		loss 0.420	prec@1 87.19	prec@5 95.62	
Train: epoch-51 (7200/7410)	batch_time 0.08		data_time 0.01		loss 0.431	prec@1 86.81	prec@5 95.50	
Train: epoch-51 (7400/7410)	batch_time 0.08		data_time 0.01		loss 0.433	prec@1 86.03	prec@5 95.66	
Validate: Prec@1 94.96 Validate: Prec@5 99.74  Loss 0.172
Best Prec@1: 95.00

Train: epoch-52 (200/7410)	batch_time 0.18		data_time 0.11		loss 0.442	prec@1 86.59	prec@5 95.03	
Train: epoch-52 (400/7410)	batch_time 0.08		data_time 0.01		loss 0.424	prec@1 86.56	prec@5 95.56	
Train: epoch-52 (600/7410)	batch_time 0.08		data_time 0.01		loss 0.457	prec@1 85.88	prec@5 95.03	
Train: epoch-52 (800/7410)	batch_time 0.08		data_time 0.01		loss 0.442	prec@1 85.88	prec@5 95.50	
Train: epoch-52 (1000/7410)	batch_time 0.08		data_time 0.01		loss 0.426	prec@1 86.84	prec@5 95.47	
Train: epoch-52 (1200/7410)	batch_time 0.08		data_time 0.01		loss 0.424	prec@1 86.91	prec@5 96.00	
Train: epoch-52 (1400/7410)	batch_time 0.08		data_time 0.01		loss 0.437	prec@1 86.44	prec@5 95.78	
Train: epoch-52 (1600/7410)	batch_time 0.08		data_time 0.01		loss 0.435	prec@1 86.78	prec@5 95.84	
Train: epoch-52 (1800/7410)	batch_time 0.08		data_time 0.01		loss 0.433	prec@1 86.91	prec@5 95.56	
Train: epoch-52 (2000/7410)	batch_time 0.08		data_time 0.01		loss 0.427	prec@1 86.25	prec@5 95.28	
Train: epoch-52 (2200/7410)	batch_time 0.08		data_time 0.01		loss 0.461	prec@1 85.78	prec@5 95.12	
Train: epoch-52 (2400/7410)	batch_time 0.08		data_time 0.01		loss 0.432	prec@1 86.47	prec@5 95.16	
Train: epoch-52 (2600/7410)	batch_time 0.08		data_time 0.01		loss 0.463	prec@1 85.81	prec@5 95.34	
Train: epoch-52 (2800/7410)	batch_time 0.08		data_time 0.01		loss 0.445	prec@1 86.25	prec@5 95.72	
Train: epoch-52 (3000/7410)	batch_time 0.08		data_time 0.01		loss 0.452	prec@1 86.56	prec@5 95.72	
Train: epoch-52 (3200/7410)	batch_time 0.08		data_time 0.01		loss 0.422	prec@1 86.81	prec@5 95.94	
Train: epoch-52 (3400/7410)	batch_time 0.08		data_time 0.01		loss 0.402	prec@1 87.91	prec@5 95.50	
Train: epoch-52 (3600/7410)	batch_time 0.08		data_time 0.01		loss 0.433	prec@1 86.44	prec@5 95.62	
Train: epoch-52 (3800/7410)	batch_time 0.08		data_time 0.01		loss 0.462	prec@1 85.56	prec@5 94.97	
Train: epoch-52 (4000/7410)	batch_time 0.08		data_time 0.01		loss 0.473	prec@1 85.88	prec@5 95.22	
Train: epoch-52 (4200/7410)	batch_time 0.08		data_time 0.01		loss 0.427	prec@1 86.50	prec@5 96.31	
Train: epoch-52 (4400/7410)	batch_time 0.08		data_time 0.01		loss 0.437	prec@1 86.50	prec@5 95.38	
Train: epoch-52 (4600/7410)	batch_time 0.08		data_time 0.01		loss 0.427	prec@1 86.81	prec@5 95.50	
Train: epoch-52 (4800/7410)	batch_time 0.08		data_time 0.01		loss 0.405	prec@1 87.72	prec@5 95.78	
Train: epoch-52 (5000/7410)	batch_time 0.08		data_time 0.01		loss 0.434	prec@1 86.28	prec@5 95.50	
Train: epoch-52 (5200/7410)	batch_time 0.08		data_time 0.01		loss 0.423	prec@1 86.62	prec@5 96.03	
Train: epoch-52 (5400/7410)	batch_time 0.08		data_time 0.01		loss 0.422	prec@1 87.19	prec@5 95.78	
Train: epoch-52 (5600/7410)	batch_time 0.08		data_time 0.01		loss 0.443	prec@1 86.12	prec@5 95.03	
Train: epoch-52 (5800/7410)	batch_time 0.08		data_time 0.01		loss 0.426	prec@1 86.91	prec@5 96.09	
Train: epoch-52 (6000/7410)	batch_time 0.08		data_time 0.01		loss 0.474	prec@1 85.72	prec@5 95.34	
Train: epoch-52 (6200/7410)	batch_time 0.08		data_time 0.01		loss 0.431	prec@1 86.59	prec@5 95.53	
Train: epoch-52 (6400/7410)	batch_time 0.08		data_time 0.01		loss 0.473	prec@1 85.34	prec@5 95.03	
Train: epoch-52 (6600/7410)	batch_time 0.08		data_time 0.01		loss 0.418	prec@1 86.69	prec@5 96.09	
Train: epoch-52 (6800/7410)	batch_time 0.08		data_time 0.01		loss 0.461	prec@1 85.72	prec@5 95.34	
Train: epoch-52 (7000/7410)	batch_time 0.09		data_time 0.01		loss 0.430	prec@1 86.59	prec@5 96.03	
Train: epoch-52 (7200/7410)	batch_time 0.08		data_time 0.01		loss 0.392	prec@1 87.75	prec@5 96.03	
Train: epoch-52 (7400/7410)	batch_time 0.09		data_time 0.01		loss 0.447	prec@1 85.97	prec@5 95.44	
Validate: Prec@1 94.96 Validate: Prec@5 99.71  Loss 0.173
Best Prec@1: 95.00

Train: epoch-53 (200/7410)	batch_time 0.18		data_time 0.11		loss 0.417	prec@1 86.94	prec@5 95.72	
Train: epoch-53 (400/7410)	batch_time 0.08		data_time 0.01		loss 0.444	prec@1 85.97	prec@5 95.25	
Train: epoch-53 (600/7410)	batch_time 0.08		data_time 0.01		loss 0.442	prec@1 85.91	prec@5 95.22	
Train: epoch-53 (800/7410)	batch_time 0.08		data_time 0.01		loss 0.428	prec@1 86.78	prec@5 95.59	
Train: epoch-53 (1000/7410)	batch_time 0.08		data_time 0.01		loss 0.404	prec@1 87.25	prec@5 96.12	
Train: epoch-53 (1200/7410)	batch_time 0.09		data_time 0.01		loss 0.442	prec@1 86.44	prec@5 95.06	
Train: epoch-53 (1400/7410)	batch_time 0.08		data_time 0.01		loss 0.465	prec@1 85.66	prec@5 95.03	
Train: epoch-53 (1600/7410)	batch_time 0.09		data_time 0.01		loss 0.425	prec@1 86.81	prec@5 95.84	
Train: epoch-53 (1800/7410)	batch_time 0.08		data_time 0.01		loss 0.466	prec@1 85.50	prec@5 95.12	
Train: epoch-53 (2000/7410)	batch_time 0.08		data_time 0.01		loss 0.431	prec@1 86.34	prec@5 95.34	
Train: epoch-53 (2200/7410)	batch_time 0.08		data_time 0.01		loss 0.449	prec@1 86.16	prec@5 95.50	
Train: epoch-53 (2400/7410)	batch_time 0.08		data_time 0.01		loss 0.449	prec@1 86.00	prec@5 94.81	
Train: epoch-53 (2600/7410)	batch_time 0.08		data_time 0.01		loss 0.423	prec@1 86.66	prec@5 96.25	
Train: epoch-53 (2800/7410)	batch_time 0.08		data_time 0.01		loss 0.432	prec@1 87.09	prec@5 95.59	
Train: epoch-53 (3000/7410)	batch_time 0.09		data_time 0.01		loss 0.434	prec@1 86.69	prec@5 95.22	
Train: epoch-53 (3200/7410)	batch_time 0.08		data_time 0.01		loss 0.429	prec@1 86.22	prec@5 95.59	
Train: epoch-53 (3400/7410)	batch_time 0.08		data_time 0.01		loss 0.437	prec@1 86.75	prec@5 95.41	
Train: epoch-53 (3600/7410)	batch_time 0.08		data_time 0.01		loss 0.439	prec@1 86.22	prec@5 95.47	
Train: epoch-53 (3800/7410)	batch_time 0.08		data_time 0.01		loss 0.464	prec@1 85.25	prec@5 94.91	
Train: epoch-53 (4000/7410)	batch_time 0.08		data_time 0.01		loss 0.407	prec@1 87.38	prec@5 96.31	
Train: epoch-53 (4200/7410)	batch_time 0.08		data_time 0.01		loss 0.398	prec@1 87.88	prec@5 95.97	
Train: epoch-53 (4400/7410)	batch_time 0.08		data_time 0.01		loss 0.404	prec@1 87.72	prec@5 95.97	
Train: epoch-53 (4600/7410)	batch_time 0.08		data_time 0.01		loss 0.437	prec@1 86.50	prec@5 95.59	
Train: epoch-53 (4800/7410)	batch_time 0.08		data_time 0.01		loss 0.420	prec@1 87.19	prec@5 95.62	
Train: epoch-53 (5000/7410)	batch_time 0.08		data_time 0.01		loss 0.397	prec@1 87.47	prec@5 95.88	
Train: epoch-53 (5200/7410)	batch_time 0.08		data_time 0.01		loss 0.419	prec@1 87.25	prec@5 95.75	
Train: epoch-53 (5400/7410)	batch_time 0.08		data_time 0.01		loss 0.394	prec@1 88.31	prec@5 96.28	
Train: epoch-53 (5600/7410)	batch_time 0.08		data_time 0.01		loss 0.428	prec@1 86.94	prec@5 95.72	
Train: epoch-53 (5800/7410)	batch_time 0.08		data_time 0.01		loss 0.435	prec@1 86.69	prec@5 95.34	
Train: epoch-53 (6000/7410)	batch_time 0.08		data_time 0.01		loss 0.457	prec@1 86.16	prec@5 95.16	
Train: epoch-53 (6200/7410)	batch_time 0.08		data_time 0.01		loss 0.385	prec@1 88.00	prec@5 96.44	
Train: epoch-53 (6400/7410)	batch_time 0.08		data_time 0.01		loss 0.429	prec@1 87.03	prec@5 95.81	
Train: epoch-53 (6600/7410)	batch_time 0.08		data_time 0.01		loss 0.420	prec@1 87.00	prec@5 96.28	
Train: epoch-53 (6800/7410)	batch_time 0.08		data_time 0.01		loss 0.417	prec@1 86.41	prec@5 95.69	
Train: epoch-53 (7000/7410)	batch_time 0.08		data_time 0.01		loss 0.445	prec@1 86.19	prec@5 95.66	
Train: epoch-53 (7200/7410)	batch_time 0.08		data_time 0.01		loss 0.416	prec@1 86.97	prec@5 95.94	
Train: epoch-53 (7400/7410)	batch_time 0.08		data_time 0.01		loss 0.450	prec@1 85.72	prec@5 95.22	
Validate: Prec@1 95.12 Validate: Prec@5 99.75  Loss 0.169
Best Prec@1: 95.12

Train: epoch-54 (200/7410)	batch_time 0.18		data_time 0.11		loss 0.388	prec@1 87.97	prec@5 96.31	
Train: epoch-54 (400/7410)	batch_time 0.08		data_time 0.01		loss 0.427	prec@1 87.28	prec@5 95.59	
Train: epoch-54 (600/7410)	batch_time 0.08		data_time 0.01		loss 0.432	prec@1 86.59	prec@5 95.50	
Train: epoch-54 (800/7410)	batch_time 0.08		data_time 0.01		loss 0.429	prec@1 87.22	prec@5 95.53	
Train: epoch-54 (1000/7410)	batch_time 0.08		data_time 0.01		loss 0.417	prec@1 87.06	prec@5 95.84	
Train: epoch-54 (1200/7410)	batch_time 0.08		data_time 0.01		loss 0.399	prec@1 88.00	prec@5 95.97	
Train: epoch-54 (1400/7410)	batch_time 0.08		data_time 0.01		loss 0.456	prec@1 86.31	prec@5 95.25	
Train: epoch-54 (1600/7410)	batch_time 0.08		data_time 0.01		loss 0.421	prec@1 86.44	prec@5 95.97	
Train: epoch-54 (1800/7410)	batch_time 0.09		data_time 0.01		loss 0.433	prec@1 86.44	prec@5 95.44	
Train: epoch-54 (2000/7410)	batch_time 0.08		data_time 0.01		loss 0.409	prec@1 87.34	prec@5 96.25	
Train: epoch-54 (2200/7410)	batch_time 0.08		data_time 0.01		loss 0.472	prec@1 85.59	prec@5 94.88	
Train: epoch-54 (2400/7410)	batch_time 0.09		data_time 0.01		loss 0.418	prec@1 87.12	prec@5 96.16	
Train: epoch-54 (2600/7410)	batch_time 0.08		data_time 0.01		loss 0.420	prec@1 86.69	prec@5 95.72	
Train: epoch-54 (2800/7410)	batch_time 0.08		data_time 0.01		loss 0.421	prec@1 87.22	prec@5 95.47	
Train: epoch-54 (3000/7410)	batch_time 0.08		data_time 0.01		loss 0.407	prec@1 87.09	prec@5 95.84	
Train: epoch-54 (3200/7410)	batch_time 0.08		data_time 0.01		loss 0.404	prec@1 87.41	prec@5 95.97	
Train: epoch-54 (3400/7410)	batch_time 0.08		data_time 0.01		loss 0.414	prec@1 87.38	prec@5 96.22	
Train: epoch-54 (3600/7410)	batch_time 0.08		data_time 0.01		loss 0.414	prec@1 87.31	prec@5 95.88	
Train: epoch-54 (3800/7410)	batch_time 0.08		data_time 0.01		loss 0.452	prec@1 85.59	prec@5 95.56	
Train: epoch-54 (4000/7410)	batch_time 0.08		data_time 0.01		loss 0.431	prec@1 87.28	prec@5 95.59	
Train: epoch-54 (4200/7410)	batch_time 0.08		data_time 0.01		loss 0.437	prec@1 86.47	prec@5 95.31	
Train: epoch-54 (4400/7410)	batch_time 0.08		data_time 0.01		loss 0.454	prec@1 86.00	prec@5 95.62	
Train: epoch-54 (4600/7410)	batch_time 0.08		data_time 0.01		loss 0.428	prec@1 87.19	prec@5 95.38	
Train: epoch-54 (4800/7410)	batch_time 0.09		data_time 0.01		loss 0.430	prec@1 86.56	prec@5 95.62	
Train: epoch-54 (5000/7410)	batch_time 0.08		data_time 0.01		loss 0.433	prec@1 87.38	prec@5 95.34	
Train: epoch-54 (5200/7410)	batch_time 0.09		data_time 0.01		loss 0.448	prec@1 86.06	prec@5 95.25	
Train: epoch-54 (5400/7410)	batch_time 0.08		data_time 0.01		loss 0.452	prec@1 86.62	prec@5 95.03	
Train: epoch-54 (5600/7410)	batch_time 0.08		data_time 0.01		loss 0.394	prec@1 87.69	prec@5 95.72	
Train: epoch-54 (5800/7410)	batch_time 0.08		data_time 0.01		loss 0.433	prec@1 86.28	prec@5 95.53	
Train: epoch-54 (6000/7410)	batch_time 0.08		data_time 0.01		loss 0.446	prec@1 86.34	prec@5 95.09	
Train: epoch-54 (6200/7410)	batch_time 0.08		data_time 0.01		loss 0.429	prec@1 86.75	prec@5 95.56	
Train: epoch-54 (6400/7410)	batch_time 0.08		data_time 0.01		loss 0.405	prec@1 87.56	prec@5 95.75	
Train: epoch-54 (6600/7410)	batch_time 0.08		data_time 0.01		loss 0.430	prec@1 87.03	prec@5 95.56	
Train: epoch-54 (6800/7410)	batch_time 0.08		data_time 0.01		loss 0.423	prec@1 86.81	prec@5 95.75	
Train: epoch-54 (7000/7410)	batch_time 0.08		data_time 0.01		loss 0.443	prec@1 87.09	prec@5 95.12	
Train: epoch-54 (7200/7410)	batch_time 0.08		data_time 0.01		loss 0.453	prec@1 86.09	prec@5 95.22	
Train: epoch-54 (7400/7410)	batch_time 0.08		data_time 0.01		loss 0.423	prec@1 87.03	prec@5 95.50	
Validate: Prec@1 95.16 Validate: Prec@5 99.75  Loss 0.166
Best Prec@1: 95.16

Train: epoch-55 (200/7410)	batch_time 0.19		data_time 0.11		loss 0.441	prec@1 86.75	prec@5 95.16	
Train: epoch-55 (400/7410)	batch_time 0.08		data_time 0.01		loss 0.395	prec@1 88.12	prec@5 95.94	
Train: epoch-55 (600/7410)	batch_time 0.08		data_time 0.01		loss 0.419	prec@1 86.94	prec@5 95.94	
Train: epoch-55 (800/7410)	batch_time 0.08		data_time 0.01		loss 0.457	prec@1 86.00	prec@5 95.47	
Train: epoch-55 (1000/7410)	batch_time 0.08		data_time 0.01		loss 0.421	prec@1 87.12	prec@5 95.50	
Train: epoch-55 (1200/7410)	batch_time 0.08		data_time 0.01		loss 0.450	prec@1 86.19	prec@5 94.91	
Train: epoch-55 (1400/7410)	batch_time 0.08		data_time 0.01		loss 0.413	prec@1 86.94	prec@5 95.69	
Train: epoch-55 (1600/7410)	batch_time 0.08		data_time 0.01		loss 0.442	prec@1 86.31	prec@5 95.69	
Train: epoch-55 (1800/7410)	batch_time 0.08		data_time 0.01		loss 0.461	prec@1 85.19	prec@5 95.34	
Train: epoch-55 (2000/7410)	batch_time 0.08		data_time 0.01		loss 0.404	prec@1 87.62	prec@5 95.72	
Train: epoch-55 (2200/7410)	batch_time 0.08		data_time 0.01		loss 0.438	prec@1 86.97	prec@5 95.31	
Train: epoch-55 (2400/7410)	batch_time 0.08		data_time 0.01		loss 0.443	prec@1 85.97	prec@5 95.44	
Train: epoch-55 (2600/7410)	batch_time 0.08		data_time 0.01		loss 0.413	prec@1 87.03	prec@5 95.38	
Train: epoch-55 (2800/7410)	batch_time 0.08		data_time 0.01		loss 0.438	prec@1 87.09	prec@5 95.41	
Train: epoch-55 (3000/7410)	batch_time 0.08		data_time 0.01		loss 0.454	prec@1 85.97	prec@5 95.53	
Train: epoch-55 (3200/7410)	batch_time 0.08		data_time 0.01		loss 0.430	prec@1 86.78	prec@5 95.41	
Train: epoch-55 (3400/7410)	batch_time 0.09		data_time 0.01		loss 0.416	prec@1 87.31	prec@5 95.59	
Train: epoch-55 (3600/7410)	batch_time 0.08		data_time 0.01		loss 0.431	prec@1 86.47	prec@5 95.59	
Train: epoch-55 (3800/7410)	batch_time 0.08		data_time 0.01		loss 0.434	prec@1 86.97	prec@5 95.66	
Train: epoch-55 (4000/7410)	batch_time 0.08		data_time 0.01		loss 0.431	prec@1 86.97	prec@5 95.69	
Train: epoch-55 (4200/7410)	batch_time 0.08		data_time 0.01		loss 0.418	prec@1 87.38	prec@5 96.00	
Train: epoch-55 (4400/7410)	batch_time 0.08		data_time 0.01		loss 0.435	prec@1 86.31	prec@5 95.78	
Train: epoch-55 (4600/7410)	batch_time 0.08		data_time 0.01		loss 0.417	prec@1 87.06	prec@5 95.62	
Train: epoch-55 (4800/7410)	batch_time 0.08		data_time 0.01		loss 0.407	prec@1 87.66	prec@5 95.31	
Train: epoch-55 (5000/7410)	batch_time 0.08		data_time 0.01		loss 0.425	prec@1 86.81	prec@5 95.41	
Train: epoch-55 (5200/7410)	batch_time 0.08		data_time 0.01		loss 0.404	prec@1 87.31	prec@5 95.91	
Train: epoch-55 (5400/7410)	batch_time 0.08		data_time 0.01		loss 0.410	prec@1 87.06	prec@5 95.66	
Train: epoch-55 (5600/7410)	batch_time 0.08		data_time 0.01		loss 0.416	prec@1 86.53	prec@5 95.72	
Train: epoch-55 (5800/7410)	batch_time 0.08		data_time 0.01		loss 0.447	prec@1 85.88	prec@5 95.53	
Train: epoch-55 (6000/7410)	batch_time 0.08		data_time 0.01		loss 0.418	prec@1 87.12	prec@5 95.97	
Train: epoch-55 (6200/7410)	batch_time 0.08		data_time 0.01		loss 0.450	prec@1 85.56	prec@5 95.00	
Train: epoch-55 (6400/7410)	batch_time 0.08		data_time 0.01		loss 0.425	prec@1 87.06	prec@5 95.47	
Train: epoch-55 (6600/7410)	batch_time 0.08		data_time 0.01		loss 0.406	prec@1 86.91	prec@5 95.84	
Train: epoch-55 (6800/7410)	batch_time 0.08		data_time 0.01		loss 0.439	prec@1 86.44	prec@5 96.12	
Train: epoch-55 (7000/7410)	batch_time 0.08		data_time 0.01		loss 0.423	prec@1 86.78	prec@5 95.50	
Train: epoch-55 (7200/7410)	batch_time 0.08		data_time 0.01		loss 0.462	prec@1 85.69	prec@5 95.28	
Train: epoch-55 (7400/7410)	batch_time 0.09		data_time 0.01		loss 0.429	prec@1 86.19	prec@5 95.94	
Validate: Prec@1 95.13 Validate: Prec@5 99.76  Loss 0.166
Best Prec@1: 95.16

Train: epoch-56 (200/7410)	batch_time 0.19		data_time 0.11		loss 0.426	prec@1 86.69	prec@5 95.62	
Train: epoch-56 (400/7410)	batch_time 0.08		data_time 0.01		loss 0.404	prec@1 86.94	prec@5 95.97	
Train: epoch-56 (600/7410)	batch_time 0.08		data_time 0.01		loss 0.396	prec@1 87.50	prec@5 95.84	
Train: epoch-56 (800/7410)	batch_time 0.08		data_time 0.01		loss 0.389	prec@1 87.59	prec@5 96.19	
Train: epoch-56 (1000/7410)	batch_time 0.08		data_time 0.01		loss 0.439	prec@1 86.47	prec@5 95.19	
Train: epoch-56 (1200/7410)	batch_time 0.08		data_time 0.01		loss 0.413	prec@1 87.19	prec@5 95.53	
Train: epoch-56 (1400/7410)	batch_time 0.08		data_time 0.01		loss 0.418	prec@1 86.81	prec@5 96.31	
Train: epoch-56 (1600/7410)	batch_time 0.08		data_time 0.01		loss 0.434	prec@1 86.16	prec@5 95.41	
Train: epoch-56 (1800/7410)	batch_time 0.08		data_time 0.01		loss 0.407	prec@1 87.56	prec@5 95.88	
Train: epoch-56 (2000/7410)	batch_time 0.08		data_time 0.01		loss 0.432	prec@1 87.00	prec@5 95.38	
Train: epoch-56 (2200/7410)	batch_time 0.09		data_time 0.01		loss 0.439	prec@1 86.31	prec@5 95.50	
Train: epoch-56 (2400/7410)	batch_time 0.08		data_time 0.01		loss 0.414	prec@1 87.59	prec@5 96.03	
Train: epoch-56 (2600/7410)	batch_time 0.08		data_time 0.01		loss 0.414	prec@1 86.97	prec@5 95.88	
Train: epoch-56 (2800/7410)	batch_time 0.08		data_time 0.01		loss 0.438	prec@1 86.78	prec@5 95.59	
Train: epoch-56 (3000/7410)	batch_time 0.08		data_time 0.01		loss 0.405	prec@1 87.28	prec@5 96.09	
Train: epoch-56 (3200/7410)	batch_time 0.08		data_time 0.01		loss 0.448	prec@1 85.75	prec@5 95.22	
Train: epoch-56 (3400/7410)	batch_time 0.08		data_time 0.01		loss 0.415	prec@1 87.59	prec@5 96.09	
Train: epoch-56 (3600/7410)	batch_time 0.08		data_time 0.01		loss 0.432	prec@1 86.66	prec@5 95.56	
Train: epoch-56 (3800/7410)	batch_time 0.08		data_time 0.01		loss 0.433	prec@1 87.06	prec@5 95.75	
Train: epoch-56 (4000/7410)	batch_time 0.08		data_time 0.01		loss 0.408	prec@1 87.12	prec@5 95.81	
Train: epoch-56 (4200/7410)	batch_time 0.08		data_time 0.01		loss 0.424	prec@1 86.88	prec@5 95.47	
Train: epoch-56 (4400/7410)	batch_time 0.08		data_time 0.01		loss 0.420	prec@1 86.38	prec@5 95.88	
Train: epoch-56 (4600/7410)	batch_time 0.08		data_time 0.01		loss 0.409	prec@1 86.75	prec@5 96.00	
Train: epoch-56 (4800/7410)	batch_time 0.08		data_time 0.01		loss 0.413	prec@1 87.06	prec@5 95.81	
Train: epoch-56 (5000/7410)	batch_time 0.08		data_time 0.01		loss 0.420	prec@1 86.94	prec@5 95.25	
Train: epoch-56 (5200/7410)	batch_time 0.08		data_time 0.01		loss 0.410	prec@1 86.84	prec@5 95.78	
Train: epoch-56 (5400/7410)	batch_time 0.08		data_time 0.01		loss 0.435	prec@1 86.66	prec@5 95.16	
Train: epoch-56 (5600/7410)	batch_time 0.08		data_time 0.01		loss 0.416	prec@1 87.22	prec@5 96.03	
Train: epoch-56 (5800/7410)	batch_time 0.08		data_time 0.01		loss 0.438	prec@1 86.34	prec@5 95.53	
Train: epoch-56 (6000/7410)	batch_time 0.08		data_time 0.01		loss 0.416	prec@1 86.81	prec@5 95.56	
Train: epoch-56 (6200/7410)	batch_time 0.08		data_time 0.01		loss 0.420	prec@1 86.88	prec@5 95.22	
Train: epoch-56 (6400/7410)	batch_time 0.08		data_time 0.01		loss 0.395	prec@1 87.25	prec@5 96.50	
Train: epoch-56 (6600/7410)	batch_time 0.08		data_time 0.01		loss 0.417	prec@1 87.38	prec@5 95.69	
Train: epoch-56 (6800/7410)	batch_time 0.08		data_time 0.01		loss 0.414	prec@1 86.56	prec@5 95.38	
Train: epoch-56 (7000/7410)	batch_time 0.08		data_time 0.01		loss 0.442	prec@1 86.03	prec@5 95.34	
Train: epoch-56 (7200/7410)	batch_time 0.08		data_time 0.01		loss 0.450	prec@1 86.22	prec@5 94.81	
Train: epoch-56 (7400/7410)	batch_time 0.08		data_time 0.01		loss 0.424	prec@1 86.44	prec@5 95.97	
Validate: Prec@1 94.97 Validate: Prec@5 99.76  Loss 0.166
Best Prec@1: 95.16

Train: epoch-57 (200/7410)	batch_time 0.19		data_time 0.11		loss 0.464	prec@1 85.59	prec@5 94.97	
Train: epoch-57 (400/7410)	batch_time 0.08		data_time 0.01		loss 0.426	prec@1 86.50	prec@5 95.56	
Train: epoch-57 (600/7410)	batch_time 0.08		data_time 0.01		loss 0.435	prec@1 86.50	prec@5 95.12	
Train: epoch-57 (800/7410)	batch_time 0.08		data_time 0.01		loss 0.447	prec@1 85.75	prec@5 95.19	
Train: epoch-57 (1000/7410)	batch_time 0.08		data_time 0.01		loss 0.435	prec@1 86.72	prec@5 95.50	
Train: epoch-57 (1200/7410)	batch_time 0.08		data_time 0.01		loss 0.394	prec@1 87.66	prec@5 96.25	
Train: epoch-57 (1400/7410)	batch_time 0.08		data_time 0.01		loss 0.429	prec@1 86.50	prec@5 95.75	
Train: epoch-57 (1600/7410)	batch_time 0.08		data_time 0.01		loss 0.430	prec@1 87.00	prec@5 95.69	
Train: epoch-57 (1800/7410)	batch_time 0.08		data_time 0.01		loss 0.445	prec@1 86.44	prec@5 95.44	
Train: epoch-57 (2000/7410)	batch_time 0.08		data_time 0.01		loss 0.403	prec@1 86.78	prec@5 95.94	
Train: epoch-57 (2200/7410)	batch_time 0.08		data_time 0.01		loss 0.447	prec@1 85.81	prec@5 95.03	
Train: epoch-57 (2400/7410)	batch_time 0.08		data_time 0.01		loss 0.444	prec@1 86.06	prec@5 95.06	
Train: epoch-57 (2600/7410)	batch_time 0.08		data_time 0.01		loss 0.412	prec@1 86.84	prec@5 95.94	
Train: epoch-57 (2800/7410)	batch_time 0.08		data_time 0.01		loss 0.406	prec@1 87.72	prec@5 95.69	
Train: epoch-57 (3000/7410)	batch_time 0.08		data_time 0.01		loss 0.439	prec@1 86.72	prec@5 95.66	
Train: epoch-57 (3200/7410)	batch_time 0.08		data_time 0.01		loss 0.419	prec@1 86.72	prec@5 96.16	
Train: epoch-57 (3400/7410)	batch_time 0.08		data_time 0.01		loss 0.431	prec@1 86.62	prec@5 95.84	
Train: epoch-57 (3600/7410)	batch_time 0.08		data_time 0.01		loss 0.435	prec@1 86.91	prec@5 95.41	
Train: epoch-57 (3800/7410)	batch_time 0.08		data_time 0.01		loss 0.415	prec@1 87.00	prec@5 95.59	
Train: epoch-57 (4000/7410)	batch_time 0.08		data_time 0.01		loss 0.401	prec@1 87.72	prec@5 95.59	
Train: epoch-57 (4200/7410)	batch_time 0.09		data_time 0.01		loss 0.420	prec@1 87.19	prec@5 95.88	
Train: epoch-57 (4400/7410)	batch_time 0.08		data_time 0.01		loss 0.426	prec@1 87.00	prec@5 96.12	
Train: epoch-57 (4600/7410)	batch_time 0.08		data_time 0.01		loss 0.418	prec@1 87.25	prec@5 96.22	
Train: epoch-57 (4800/7410)	batch_time 0.08		data_time 0.01		loss 0.391	prec@1 87.66	prec@5 96.25	
Train: epoch-57 (5000/7410)	batch_time 0.08		data_time 0.01		loss 0.406	prec@1 87.25	prec@5 96.19	
Train: epoch-57 (5200/7410)	batch_time 0.08		data_time 0.01		loss 0.449	prec@1 85.88	prec@5 95.03	
Train: epoch-57 (5400/7410)	batch_time 0.08		data_time 0.01		loss 0.407	prec@1 87.69	prec@5 96.19	
Train: epoch-57 (5600/7410)	batch_time 0.08		data_time 0.01		loss 0.406	prec@1 87.88	prec@5 96.12	
Train: epoch-57 (5800/7410)	batch_time 0.08		data_time 0.01		loss 0.406	prec@1 87.53	prec@5 96.09	
Train: epoch-57 (6000/7410)	batch_time 0.08		data_time 0.01		loss 0.395	prec@1 88.03	prec@5 96.12	
Train: epoch-57 (6200/7410)	batch_time 0.08		data_time 0.01		loss 0.424	prec@1 87.09	prec@5 95.66	
Train: epoch-57 (6400/7410)	batch_time 0.08		data_time 0.01		loss 0.430	prec@1 86.50	prec@5 95.53	
Train: epoch-57 (6600/7410)	batch_time 0.08		data_time 0.01		loss 0.431	prec@1 86.81	prec@5 95.84	
Train: epoch-57 (6800/7410)	batch_time 0.08		data_time 0.01		loss 0.424	prec@1 87.09	prec@5 95.50	
Train: epoch-57 (7000/7410)	batch_time 0.08		data_time 0.01		loss 0.417	prec@1 86.44	prec@5 95.53	
Train: epoch-57 (7200/7410)	batch_time 0.08		data_time 0.01		loss 0.384	prec@1 88.16	prec@5 96.38	
Train: epoch-57 (7400/7410)	batch_time 0.08		data_time 0.01		loss 0.411	prec@1 86.97	prec@5 95.66	
Validate: Prec@1 95.04 Validate: Prec@5 99.75  Loss 0.168
Best Prec@1: 95.16

Train: epoch-58 (200/7410)	batch_time 0.19		data_time 0.11		loss 0.415	prec@1 87.06	prec@5 95.72	
Train: epoch-58 (400/7410)	batch_time 0.08		data_time 0.01		loss 0.401	prec@1 87.66	prec@5 96.12	
Train: epoch-58 (600/7410)	batch_time 0.08		data_time 0.01		loss 0.392	prec@1 88.00	prec@5 95.59	
Train: epoch-58 (800/7410)	batch_time 0.08		data_time 0.01		loss 0.426	prec@1 86.84	prec@5 95.56	
Train: epoch-58 (1000/7410)	batch_time 0.08		data_time 0.01		loss 0.448	prec@1 86.75	prec@5 95.22	
Train: epoch-58 (1200/7410)	batch_time 0.08		data_time 0.01		loss 0.408	prec@1 87.25	prec@5 95.34	
Train: epoch-58 (1400/7410)	batch_time 0.08		data_time 0.01		loss 0.399	prec@1 87.00	prec@5 95.75	
Train: epoch-58 (1600/7410)	batch_time 0.09		data_time 0.01		loss 0.401	prec@1 87.44	prec@5 95.69	
Train: epoch-58 (1800/7410)	batch_time 0.08		data_time 0.01		loss 0.418	prec@1 86.66	prec@5 95.81	
Train: epoch-58 (2000/7410)	batch_time 0.08		data_time 0.01		loss 0.416	prec@1 87.38	prec@5 95.69	
Train: epoch-58 (2200/7410)	batch_time 0.08		data_time 0.01		loss 0.410	prec@1 87.44	prec@5 95.84	
Train: epoch-58 (2400/7410)	batch_time 0.08		data_time 0.01		loss 0.428	prec@1 86.19	prec@5 95.56	
Train: epoch-58 (2600/7410)	batch_time 0.08		data_time 0.01		loss 0.391	prec@1 87.53	prec@5 96.31	
Train: epoch-58 (2800/7410)	batch_time 0.08		data_time 0.01		loss 0.430	prec@1 86.84	prec@5 95.28	
Train: epoch-58 (3000/7410)	batch_time 0.08		data_time 0.01		loss 0.419	prec@1 87.34	prec@5 95.47	
Train: epoch-58 (3200/7410)	batch_time 0.08		data_time 0.01		loss 0.384	prec@1 88.34	prec@5 96.41	
Train: epoch-58 (3400/7410)	batch_time 0.08		data_time 0.01		loss 0.426	prec@1 86.56	prec@5 95.66	
Train: epoch-58 (3600/7410)	batch_time 0.08		data_time 0.01		loss 0.424	prec@1 87.03	prec@5 95.91	
Train: epoch-58 (3800/7410)	batch_time 0.08		data_time 0.01		loss 0.430	prec@1 86.81	prec@5 95.31	
Train: epoch-58 (4000/7410)	batch_time 0.08		data_time 0.01		loss 0.401	prec@1 87.59	prec@5 95.97	
Train: epoch-58 (4200/7410)	batch_time 0.08		data_time 0.01		loss 0.402	prec@1 87.81	prec@5 95.66	
Train: epoch-58 (4400/7410)	batch_time 0.09		data_time 0.01		loss 0.430	prec@1 86.44	prec@5 95.62	
Train: epoch-58 (4600/7410)	batch_time 0.09		data_time 0.01		loss 0.430	prec@1 86.91	prec@5 95.12	
Train: epoch-58 (4800/7410)	batch_time 0.09		data_time 0.01		loss 0.426	prec@1 86.56	prec@5 95.53	
Train: epoch-58 (5000/7410)	batch_time 0.08		data_time 0.01		loss 0.435	prec@1 86.47	prec@5 95.94	
Train: epoch-58 (5200/7410)	batch_time 0.08		data_time 0.01		loss 0.391	prec@1 87.66	prec@5 96.66	
Train: epoch-58 (5400/7410)	batch_time 0.08		data_time 0.01		loss 0.423	prec@1 86.78	prec@5 95.38	
Train: epoch-58 (5600/7410)	batch_time 0.08		data_time 0.01		loss 0.412	prec@1 87.34	prec@5 95.78	
Train: epoch-58 (5800/7410)	batch_time 0.08		data_time 0.01		loss 0.380	prec@1 88.94	prec@5 95.75	
Train: epoch-58 (6000/7410)	batch_time 0.08		data_time 0.01		loss 0.431	prec@1 86.91	prec@5 95.53	
Train: epoch-58 (6200/7410)	batch_time 0.08		data_time 0.01		loss 0.379	prec@1 88.41	prec@5 96.12	
Train: epoch-58 (6400/7410)	batch_time 0.08		data_time 0.01		loss 0.435	prec@1 86.31	prec@5 95.94	
Train: epoch-58 (6600/7410)	batch_time 0.08		data_time 0.01		loss 0.436	prec@1 86.53	prec@5 95.09	
Train: epoch-58 (6800/7410)	batch_time 0.08		data_time 0.01		loss 0.413	prec@1 87.91	prec@5 95.69	
Train: epoch-58 (7000/7410)	batch_time 0.08		data_time 0.01		loss 0.416	prec@1 86.34	prec@5 95.44	
Train: epoch-58 (7200/7410)	batch_time 0.08		data_time 0.01		loss 0.419	prec@1 87.38	prec@5 95.31	
Train: epoch-58 (7400/7410)	batch_time 0.08		data_time 0.01		loss 0.429	prec@1 86.38	prec@5 95.75	
Validate: Prec@1 95.08 Validate: Prec@5 99.76  Loss 0.167
Best Prec@1: 95.16

Train: epoch-59 (200/7410)	batch_time 0.19		data_time 0.11		loss 0.424	prec@1 86.47	prec@5 95.69	
Train: epoch-59 (400/7410)	batch_time 0.08		data_time 0.01		loss 0.414	prec@1 87.16	prec@5 95.75	
Train: epoch-59 (600/7410)	batch_time 0.08		data_time 0.01		loss 0.422	prec@1 86.56	prec@5 95.78	
Train: epoch-59 (800/7410)	batch_time 0.08		data_time 0.01		loss 0.434	prec@1 86.94	prec@5 95.78	
Train: epoch-59 (1000/7410)	batch_time 0.08		data_time 0.01		loss 0.374	prec@1 88.34	prec@5 96.28	
Train: epoch-59 (1200/7410)	batch_time 0.08		data_time 0.01		loss 0.412	prec@1 87.50	prec@5 95.31	
Train: epoch-59 (1400/7410)	batch_time 0.08		data_time 0.01		loss 0.387	prec@1 88.06	prec@5 96.31	
Train: epoch-59 (1600/7410)	batch_time 0.08		data_time 0.01		loss 0.431	prec@1 87.09	prec@5 95.69	
Train: epoch-59 (1800/7410)	batch_time 0.08		data_time 0.01		loss 0.432	prec@1 86.75	prec@5 95.41	
Train: epoch-59 (2000/7410)	batch_time 0.08		data_time 0.01		loss 0.414	prec@1 87.22	prec@5 95.78	
Train: epoch-59 (2200/7410)	batch_time 0.08		data_time 0.01		loss 0.413	prec@1 87.25	prec@5 95.84	
Train: epoch-59 (2400/7410)	batch_time 0.08		data_time 0.01		loss 0.386	prec@1 88.19	prec@5 95.97	
Train: epoch-59 (2600/7410)	batch_time 0.08		data_time 0.01		loss 0.434	prec@1 86.66	prec@5 94.97	
Train: epoch-59 (2800/7410)	batch_time 0.08		data_time 0.01		loss 0.400	prec@1 87.75	prec@5 95.78	
Train: epoch-59 (3000/7410)	batch_time 0.08		data_time 0.01		loss 0.401	prec@1 87.09	prec@5 95.88	
Train: epoch-59 (3200/7410)	batch_time 0.08		data_time 0.01		loss 0.402	prec@1 87.75	prec@5 95.81	
Train: epoch-59 (3400/7410)	batch_time 0.08		data_time 0.01		loss 0.417	prec@1 87.03	prec@5 96.00	
Train: epoch-59 (3600/7410)	batch_time 0.08		data_time 0.01		loss 0.404	prec@1 87.91	prec@5 95.56	
Train: epoch-59 (3800/7410)	batch_time 0.09		data_time 0.01		loss 0.392	prec@1 87.28	prec@5 95.94	
Train: epoch-59 (4000/7410)	batch_time 0.08		data_time 0.01		loss 0.388	prec@1 87.50	prec@5 96.19	
Train: epoch-59 (4200/7410)	batch_time 0.08		data_time 0.01		loss 0.398	prec@1 87.88	prec@5 96.19	
Train: epoch-59 (4400/7410)	batch_time 0.08		data_time 0.01		loss 0.424	prec@1 86.44	prec@5 95.53	
Train: epoch-59 (4600/7410)	batch_time 0.08		data_time 0.01		loss 0.432	prec@1 86.75	prec@5 95.28	
Train: epoch-59 (4800/7410)	batch_time 0.08		data_time 0.01		loss 0.410	prec@1 87.47	prec@5 95.94	
Train: epoch-59 (5000/7410)	batch_time 0.08		data_time 0.01		loss 0.420	prec@1 87.12	prec@5 95.56	
Train: epoch-59 (5200/7410)	batch_time 0.09		data_time 0.01		loss 0.436	prec@1 86.41	prec@5 95.59	
Train: epoch-59 (5400/7410)	batch_time 0.08		data_time 0.01		loss 0.389	prec@1 87.84	prec@5 95.91	
Train: epoch-59 (5600/7410)	batch_time 0.08		data_time 0.01		loss 0.415	prec@1 86.81	prec@5 95.94	
Train: epoch-59 (5800/7410)	batch_time 0.08		data_time 0.01		loss 0.407	prec@1 87.16	prec@5 95.97	
Train: epoch-59 (6000/7410)	batch_time 0.08		data_time 0.01		loss 0.419	prec@1 87.03	prec@5 95.81	
Train: epoch-59 (6200/7410)	batch_time 0.08		data_time 0.01		loss 0.393	prec@1 87.88	prec@5 96.00	
Train: epoch-59 (6400/7410)	batch_time 0.08		data_time 0.01		loss 0.392	prec@1 88.06	prec@5 96.12	
Train: epoch-59 (6600/7410)	batch_time 0.08		data_time 0.01		loss 0.411	prec@1 86.91	prec@5 96.09	
Train: epoch-59 (6800/7410)	batch_time 0.08		data_time 0.01		loss 0.363	prec@1 88.81	prec@5 96.66	
Train: epoch-59 (7000/7410)	batch_time 0.08		data_time 0.01		loss 0.410	prec@1 87.25	prec@5 95.88	
Train: epoch-59 (7200/7410)	batch_time 0.08		data_time 0.01		loss 0.432	prec@1 87.06	prec@5 95.50	
Train: epoch-59 (7400/7410)	batch_time 0.08		data_time 0.01		loss 0.401	prec@1 87.19	prec@5 95.84	
Validate: Prec@1 95.25 Validate: Prec@5 99.76  Loss 0.165
Best Prec@1: 95.25

Train: epoch-60 (200/7410)	batch_time 0.18		data_time 0.11		loss 0.438	prec@1 86.44	prec@5 95.75	
Train: epoch-60 (400/7410)	batch_time 0.08		data_time 0.01		loss 0.395	prec@1 87.75	prec@5 96.31	
Train: epoch-60 (600/7410)	batch_time 0.08		data_time 0.01		loss 0.400	prec@1 87.22	prec@5 95.62	
Train: epoch-60 (800/7410)	batch_time 0.08		data_time 0.01		loss 0.413	prec@1 87.38	prec@5 95.59	
Train: epoch-60 (1000/7410)	batch_time 0.08		data_time 0.01		loss 0.426	prec@1 86.78	prec@5 95.34	
Train: epoch-60 (1200/7410)	batch_time 0.08		data_time 0.01		loss 0.430	prec@1 86.53	prec@5 95.28	
Train: epoch-60 (1400/7410)	batch_time 0.08		data_time 0.01		loss 0.428	prec@1 87.12	prec@5 95.25	
Train: epoch-60 (1600/7410)	batch_time 0.08		data_time 0.01		loss 0.419	prec@1 86.78	prec@5 95.41	
Train: epoch-60 (1800/7410)	batch_time 0.08		data_time 0.01		loss 0.409	prec@1 87.16	prec@5 96.09	
Train: epoch-60 (2000/7410)	batch_time 0.08		data_time 0.01		loss 0.383	prec@1 87.97	prec@5 96.03	
Train: epoch-60 (2200/7410)	batch_time 0.08		data_time 0.01		loss 0.401	prec@1 87.75	prec@5 95.91	
Train: epoch-60 (2400/7410)	batch_time 0.08		data_time 0.01		loss 0.412	prec@1 87.41	prec@5 95.75	
Train: epoch-60 (2600/7410)	batch_time 0.08		data_time 0.01		loss 0.396	prec@1 87.91	prec@5 96.34	
Train: epoch-60 (2800/7410)	batch_time 0.08		data_time 0.01		loss 0.385	prec@1 88.16	prec@5 96.28	
Train: epoch-60 (3000/7410)	batch_time 0.08		data_time 0.01		loss 0.413	prec@1 87.12	prec@5 95.75	
Train: epoch-60 (3200/7410)	batch_time 0.08		data_time 0.01		loss 0.413	prec@1 86.53	prec@5 95.56	
Train: epoch-60 (3400/7410)	batch_time 0.08		data_time 0.01		loss 0.375	prec@1 88.22	prec@5 96.28	
Train: epoch-60 (3600/7410)	batch_time 0.08		data_time 0.01		loss 0.414	prec@1 87.06	prec@5 95.81	
Train: epoch-60 (3800/7410)	batch_time 0.08		data_time 0.01		loss 0.442	prec@1 86.12	prec@5 95.06	
Train: epoch-60 (4000/7410)	batch_time 0.09		data_time 0.01		loss 0.426	prec@1 86.91	prec@5 95.62	
Train: epoch-60 (4200/7410)	batch_time 0.08		data_time 0.01		loss 0.420	prec@1 87.19	prec@5 95.84	
Train: epoch-60 (4400/7410)	batch_time 0.08		data_time 0.01		loss 0.405	prec@1 87.28	prec@5 95.94	
Train: epoch-60 (4600/7410)	batch_time 0.08		data_time 0.01		loss 0.400	prec@1 87.44	prec@5 95.47	
Train: epoch-60 (4800/7410)	batch_time 0.08		data_time 0.01		loss 0.417	prec@1 87.06	prec@5 95.97	
Train: epoch-60 (5000/7410)	batch_time 0.08		data_time 0.01		loss 0.425	prec@1 87.12	prec@5 95.81	
Train: epoch-60 (5200/7410)	batch_time 0.08		data_time 0.01		loss 0.424	prec@1 87.88	prec@5 95.41	
Train: epoch-60 (5400/7410)	batch_time 0.08		data_time 0.01		loss 0.429	prec@1 85.97	prec@5 95.75	
Train: epoch-60 (5600/7410)	batch_time 0.08		data_time 0.01		loss 0.409	prec@1 87.41	prec@5 96.06	
Train: epoch-60 (5800/7410)	batch_time 0.08		data_time 0.01		loss 0.419	prec@1 87.03	prec@5 95.56	
Train: epoch-60 (6000/7410)	batch_time 0.08		data_time 0.01		loss 0.421	prec@1 86.88	prec@5 95.88	
Train: epoch-60 (6200/7410)	batch_time 0.08		data_time 0.01		loss 0.403	prec@1 87.41	prec@5 95.78	
Train: epoch-60 (6400/7410)	batch_time 0.08		data_time 0.01		loss 0.422	prec@1 87.31	prec@5 95.50	
Train: epoch-60 (6600/7410)	batch_time 0.08		data_time 0.01		loss 0.401	prec@1 87.44	prec@5 95.88	
Train: epoch-60 (6800/7410)	batch_time 0.08		data_time 0.01		loss 0.387	prec@1 88.03	prec@5 96.25	
Train: epoch-60 (7000/7410)	batch_time 0.08		data_time 0.01		loss 0.437	prec@1 86.38	prec@5 95.38	
Train: epoch-60 (7200/7410)	batch_time 0.08		data_time 0.01		loss 0.405	prec@1 87.84	prec@5 95.69	
Train: epoch-60 (7400/7410)	batch_time 0.08		data_time 0.01		loss 0.404	prec@1 87.34	prec@5 96.03	
Validate: Prec@1 95.26 Validate: Prec@5 99.76  Loss 0.164
Best Prec@1: 95.26

Train: epoch-61 (200/7410)	batch_time 0.19		data_time 0.12		loss 0.414	prec@1 87.38	prec@5 96.31	
Train: epoch-61 (400/7410)	batch_time 0.08		data_time 0.01		loss 0.410	prec@1 87.50	prec@5 95.47	
Train: epoch-61 (600/7410)	batch_time 0.08		data_time 0.01		loss 0.428	prec@1 86.53	prec@5 96.00	
Train: epoch-61 (800/7410)	batch_time 0.08		data_time 0.01		loss 0.402	prec@1 87.97	prec@5 95.88	
Train: epoch-61 (1000/7410)	batch_time 0.08		data_time 0.01		loss 0.425	prec@1 86.84	prec@5 95.59	
Train: epoch-61 (1200/7410)	batch_time 0.08		data_time 0.01		loss 0.448	prec@1 86.78	prec@5 94.97	
Train: epoch-61 (1400/7410)	batch_time 0.08		data_time 0.01		loss 0.410	prec@1 87.03	prec@5 96.25	
Train: epoch-61 (1600/7410)	batch_time 0.08		data_time 0.01		loss 0.393	prec@1 88.06	prec@5 96.25	
Train: epoch-61 (1800/7410)	batch_time 0.08		data_time 0.01		loss 0.421	prec@1 86.94	prec@5 95.47	
Train: epoch-61 (2000/7410)	batch_time 0.08		data_time 0.01		loss 0.402	prec@1 87.47	prec@5 96.12	
Train: epoch-61 (2200/7410)	batch_time 0.08		data_time 0.01		loss 0.410	prec@1 87.44	prec@5 95.97	
Train: epoch-61 (2400/7410)	batch_time 0.08		data_time 0.01		loss 0.397	prec@1 87.47	prec@5 96.19	
Train: epoch-61 (2600/7410)	batch_time 0.08		data_time 0.01		loss 0.427	prec@1 86.06	prec@5 96.06	
Train: epoch-61 (2800/7410)	batch_time 0.08		data_time 0.01		loss 0.403	prec@1 87.62	prec@5 95.69	
Train: epoch-61 (3000/7410)	batch_time 0.08		data_time 0.01		loss 0.402	prec@1 87.22	prec@5 96.16	
Train: epoch-61 (3200/7410)	batch_time 0.08		data_time 0.01		loss 0.387	prec@1 88.22	prec@5 95.66	
Train: epoch-61 (3400/7410)	batch_time 0.08		data_time 0.01		loss 0.405	prec@1 87.59	prec@5 95.78	
Train: epoch-61 (3600/7410)	batch_time 0.08		data_time 0.01		loss 0.406	prec@1 87.34	prec@5 96.00	
Train: epoch-61 (3800/7410)	batch_time 0.08		data_time 0.01		loss 0.425	prec@1 86.88	prec@5 95.53	
Train: epoch-61 (4000/7410)	batch_time 0.08		data_time 0.01		loss 0.406	prec@1 87.19	prec@5 95.62	
Train: epoch-61 (4200/7410)	batch_time 0.08		data_time 0.01		loss 0.394	prec@1 88.06	prec@5 96.25	
Train: epoch-61 (4400/7410)	batch_time 0.08		data_time 0.01		loss 0.423	prec@1 87.47	prec@5 95.31	
Train: epoch-61 (4600/7410)	batch_time 0.08		data_time 0.01		loss 0.398	prec@1 87.50	prec@5 95.97	
Train: epoch-61 (4800/7410)	batch_time 0.08		data_time 0.01		loss 0.404	prec@1 87.09	prec@5 95.94	
Train: epoch-61 (5000/7410)	batch_time 0.08		data_time 0.01		loss 0.410	prec@1 87.25	prec@5 95.53	
Train: epoch-61 (5200/7410)	batch_time 0.08		data_time 0.01		loss 0.413	prec@1 86.75	prec@5 95.78	
Train: epoch-61 (5400/7410)	batch_time 0.08		data_time 0.01		loss 0.423	prec@1 86.72	prec@5 95.53	
Train: epoch-61 (5600/7410)	batch_time 0.08		data_time 0.01		loss 0.424	prec@1 86.44	prec@5 95.94	
Train: epoch-61 (5800/7410)	batch_time 0.08		data_time 0.01		loss 0.389	prec@1 88.19	prec@5 95.81	
Train: epoch-61 (6000/7410)	batch_time 0.08		data_time 0.01		loss 0.406	prec@1 87.44	prec@5 95.62	
Train: epoch-61 (6200/7410)	batch_time 0.08		data_time 0.01		loss 0.409	prec@1 87.00	prec@5 95.62	
Train: epoch-61 (6400/7410)	batch_time 0.08		data_time 0.01		loss 0.407	prec@1 87.19	prec@5 95.81	
Train: epoch-61 (6600/7410)	batch_time 0.08		data_time 0.01		loss 0.423	prec@1 86.78	prec@5 96.28	
Train: epoch-61 (6800/7410)	batch_time 0.08		data_time 0.01		loss 0.413	prec@1 87.38	prec@5 95.69	
Train: epoch-61 (7000/7410)	batch_time 0.08		data_time 0.01		loss 0.420	prec@1 87.25	prec@5 95.66	
Train: epoch-61 (7200/7410)	batch_time 0.08		data_time 0.01		loss 0.392	prec@1 87.59	prec@5 96.22	
Train: epoch-61 (7400/7410)	batch_time 0.08		data_time 0.01		loss 0.409	prec@1 87.69	prec@5 95.66	
Validate: Prec@1 95.15 Validate: Prec@5 99.81  Loss 0.167
Best Prec@1: 95.26

Train: epoch-62 (200/7410)	batch_time 0.19		data_time 0.12		loss 0.400	prec@1 87.69	prec@5 96.09	
Train: epoch-62 (400/7410)	batch_time 0.08		data_time 0.01		loss 0.369	prec@1 88.41	prec@5 96.28	
Train: epoch-62 (600/7410)	batch_time 0.08		data_time 0.01		loss 0.396	prec@1 87.97	prec@5 96.31	
Train: epoch-62 (800/7410)	batch_time 0.09		data_time 0.01		loss 0.413	prec@1 87.50	prec@5 95.28	
Train: epoch-62 (1000/7410)	batch_time 0.09		data_time 0.01		loss 0.395	prec@1 87.38	prec@5 96.28	
Train: epoch-62 (1200/7410)	batch_time 0.09		data_time 0.01		loss 0.408	prec@1 87.41	prec@5 95.88	
Train: epoch-62 (1400/7410)	batch_time 0.09		data_time 0.01		loss 0.425	prec@1 86.91	prec@5 95.72	
Train: epoch-62 (1600/7410)	batch_time 0.09		data_time 0.01		loss 0.410	prec@1 87.59	prec@5 95.38	
Train: epoch-62 (1800/7410)	batch_time 0.09		data_time 0.01		loss 0.435	prec@1 86.44	prec@5 95.62	
Train: epoch-62 (2000/7410)	batch_time 0.09		data_time 0.01		loss 0.399	prec@1 87.72	prec@5 96.16	
Train: epoch-62 (2200/7410)	batch_time 0.09		data_time 0.01		loss 0.445	prec@1 85.84	prec@5 95.28	
Train: epoch-62 (2400/7410)	batch_time 0.09		data_time 0.01		loss 0.387	prec@1 87.66	prec@5 95.84	
Train: epoch-62 (2600/7410)	batch_time 0.09		data_time 0.01		loss 0.416	prec@1 87.09	prec@5 95.56	
Train: epoch-62 (2800/7410)	batch_time 0.09		data_time 0.01		loss 0.395	prec@1 87.72	prec@5 95.53	
Train: epoch-62 (3000/7410)	batch_time 0.09		data_time 0.01		loss 0.410	prec@1 87.62	prec@5 95.53	
Train: epoch-62 (3200/7410)	batch_time 0.09		data_time 0.01		loss 0.411	prec@1 86.81	prec@5 95.84	
Train: epoch-62 (3400/7410)	batch_time 0.09		data_time 0.01		loss 0.387	prec@1 88.03	prec@5 96.22	
Train: epoch-62 (3600/7410)	batch_time 0.09		data_time 0.01		loss 0.398	prec@1 87.50	prec@5 95.75	
Train: epoch-62 (3800/7410)	batch_time 0.09		data_time 0.01		loss 0.397	prec@1 87.75	prec@5 95.47	
Train: epoch-62 (4000/7410)	batch_time 0.09		data_time 0.01		loss 0.399	prec@1 87.06	prec@5 96.38	
Train: epoch-62 (4200/7410)	batch_time 0.09		data_time 0.01		loss 0.359	prec@1 88.94	prec@5 96.38	
Train: epoch-62 (4400/7410)	batch_time 0.09		data_time 0.01		loss 0.393	prec@1 87.84	prec@5 95.84	
Train: epoch-62 (4600/7410)	batch_time 0.09		data_time 0.01		loss 0.436	prec@1 86.50	prec@5 95.69	
Train: epoch-62 (4800/7410)	batch_time 0.09		data_time 0.01		loss 0.370	prec@1 88.50	prec@5 96.72	
Train: epoch-62 (5000/7410)	batch_time 0.09		data_time 0.01		loss 0.424	prec@1 87.47	prec@5 95.50	
Train: epoch-62 (5200/7410)	batch_time 0.09		data_time 0.01		loss 0.380	prec@1 88.12	prec@5 96.25	
Train: epoch-62 (5400/7410)	batch_time 0.09		data_time 0.01		loss 0.377	prec@1 88.50	prec@5 96.38	
Train: epoch-62 (5600/7410)	batch_time 0.09		data_time 0.01		loss 0.430	prec@1 86.53	prec@5 95.44	
Train: epoch-62 (5800/7410)	batch_time 0.09		data_time 0.01		loss 0.375	prec@1 88.09	prec@5 96.41	
Train: epoch-62 (6000/7410)	batch_time 0.09		data_time 0.01		loss 0.422	prec@1 86.88	prec@5 95.72	
Train: epoch-62 (6200/7410)	batch_time 0.09		data_time 0.01		loss 0.419	prec@1 87.59	prec@5 95.28	
Train: epoch-62 (6400/7410)	batch_time 0.09		data_time 0.01		loss 0.408	prec@1 87.44	prec@5 96.31	
Train: epoch-62 (6600/7410)	batch_time 0.09		data_time 0.01		loss 0.400	prec@1 87.66	prec@5 95.41	
Train: epoch-62 (6800/7410)	batch_time 0.09		data_time 0.01		loss 0.421	prec@1 87.00	prec@5 95.44	
Train: epoch-62 (7000/7410)	batch_time 0.09		data_time 0.01		loss 0.419	prec@1 87.28	prec@5 95.47	
Train: epoch-62 (7200/7410)	batch_time 0.09		data_time 0.01		loss 0.410	prec@1 87.53	prec@5 96.00	
Train: epoch-62 (7400/7410)	batch_time 0.09		data_time 0.01		loss 0.410	prec@1 87.72	prec@5 95.75	
Validate: Prec@1 95.23 Validate: Prec@5 99.76  Loss 0.166
Best Prec@1: 95.26

Train: epoch-63 (200/7410)	batch_time 0.19		data_time 0.11		loss 0.392	prec@1 88.03	prec@5 95.84	
Train: epoch-63 (400/7410)	batch_time 0.09		data_time 0.01		loss 0.431	prec@1 86.62	prec@5 95.53	
Train: epoch-63 (600/7410)	batch_time 0.08		data_time 0.01		loss 0.423	prec@1 86.34	prec@5 95.44	
Train: epoch-63 (800/7410)	batch_time 0.08		data_time 0.01		loss 0.374	prec@1 88.56	prec@5 96.19	
Train: epoch-63 (1000/7410)	batch_time 0.09		data_time 0.01		loss 0.403	prec@1 87.28	prec@5 95.91	
Train: epoch-63 (1200/7410)	batch_time 0.09		data_time 0.01		loss 0.402	prec@1 87.88	prec@5 95.81	
Train: epoch-63 (1400/7410)	batch_time 0.09		data_time 0.01		loss 0.406	prec@1 87.16	prec@5 95.62	
Train: epoch-63 (1600/7410)	batch_time 0.09		data_time 0.01		loss 0.392	prec@1 87.66	prec@5 96.31	
Train: epoch-63 (1800/7410)	batch_time 0.09		data_time 0.01		loss 0.414	prec@1 87.38	prec@5 95.56	
Train: epoch-63 (2000/7410)	batch_time 0.09		data_time 0.01		loss 0.408	prec@1 87.34	prec@5 95.53	
Train: epoch-63 (2200/7410)	batch_time 0.09		data_time 0.01		loss 0.421	prec@1 87.03	prec@5 95.59	
Train: epoch-63 (2400/7410)	batch_time 0.09		data_time 0.01		loss 0.377	prec@1 88.28	prec@5 96.19	
Train: epoch-63 (2600/7410)	batch_time 0.09		data_time 0.01		loss 0.425	prec@1 87.03	prec@5 95.12	
Train: epoch-63 (2800/7410)	batch_time 0.09		data_time 0.01		loss 0.410	prec@1 87.19	prec@5 95.81	
Train: epoch-63 (3000/7410)	batch_time 0.09		data_time 0.01		loss 0.428	prec@1 87.00	prec@5 95.06	
Train: epoch-63 (3200/7410)	batch_time 0.09		data_time 0.01		loss 0.407	prec@1 87.28	prec@5 96.19	
Train: epoch-63 (3400/7410)	batch_time 0.09		data_time 0.01		loss 0.358	prec@1 88.97	prec@5 96.22	
Train: epoch-63 (3600/7410)	batch_time 0.09		data_time 0.01		loss 0.397	prec@1 87.41	prec@5 96.19	
Train: epoch-63 (3800/7410)	batch_time 0.09		data_time 0.01		loss 0.425	prec@1 86.88	prec@5 94.94	
Train: epoch-63 (4000/7410)	batch_time 0.09		data_time 0.01		loss 0.407	prec@1 87.00	prec@5 96.00	
Train: epoch-63 (4200/7410)	batch_time 0.09		data_time 0.01		loss 0.385	prec@1 88.47	prec@5 96.06	
Train: epoch-63 (4400/7410)	batch_time 0.09		data_time 0.01		loss 0.346	prec@1 88.69	prec@5 96.91	
Train: epoch-63 (4600/7410)	batch_time 0.09		data_time 0.01		loss 0.395	prec@1 87.97	prec@5 95.91	
Train: epoch-63 (4800/7410)	batch_time 0.09		data_time 0.01		loss 0.394	prec@1 87.69	prec@5 96.03	
Train: epoch-63 (5000/7410)	batch_time 0.09		data_time 0.01		loss 0.411	prec@1 87.31	prec@5 96.06	
Train: epoch-63 (5200/7410)	batch_time 0.09		data_time 0.01		loss 0.407	prec@1 87.50	prec@5 95.56	
Train: epoch-63 (5400/7410)	batch_time 0.09		data_time 0.01		loss 0.439	prec@1 86.28	prec@5 95.44	
Train: epoch-63 (5600/7410)	batch_time 0.09		data_time 0.01		loss 0.433	prec@1 86.50	prec@5 95.25	
Train: epoch-63 (5800/7410)	batch_time 0.09		data_time 0.01		loss 0.400	prec@1 87.91	prec@5 96.19	
Train: epoch-63 (6000/7410)	batch_time 0.09		data_time 0.01		loss 0.395	prec@1 87.62	prec@5 96.12	
Train: epoch-63 (6200/7410)	batch_time 0.09		data_time 0.01		loss 0.416	prec@1 87.03	prec@5 96.09	
Train: epoch-63 (6400/7410)	batch_time 0.09		data_time 0.01		loss 0.418	prec@1 86.72	prec@5 95.97	
Train: epoch-63 (6600/7410)	batch_time 0.09		data_time 0.01		loss 0.406	prec@1 87.00	prec@5 95.78	
Train: epoch-63 (6800/7410)	batch_time 0.09		data_time 0.01		loss 0.384	prec@1 87.84	prec@5 96.50	
Train: epoch-63 (7000/7410)	batch_time 0.08		data_time 0.01		loss 0.378	prec@1 87.56	prec@5 96.25	
Train: epoch-63 (7200/7410)	batch_time 0.08		data_time 0.01		loss 0.394	prec@1 87.94	prec@5 96.31	
Train: epoch-63 (7400/7410)	batch_time 0.08		data_time 0.01		loss 0.377	prec@1 88.31	prec@5 96.19	
Validate: Prec@1 95.18 Validate: Prec@5 99.80  Loss 0.162
Best Prec@1: 95.26

Train: epoch-64 (200/7410)	batch_time 0.19		data_time 0.11		loss 0.382	prec@1 88.31	prec@5 96.28	
Train: epoch-64 (400/7410)	batch_time 0.08		data_time 0.01		loss 0.399	prec@1 87.28	prec@5 96.03	
Train: epoch-64 (600/7410)	batch_time 0.08		data_time 0.01		loss 0.378	prec@1 87.38	prec@5 96.44	
Train: epoch-64 (800/7410)	batch_time 0.08		data_time 0.01		loss 0.372	prec@1 88.03	prec@5 96.41	
Train: epoch-64 (1000/7410)	batch_time 0.08		data_time 0.01		loss 0.397	prec@1 87.12	prec@5 96.38	
Train: epoch-64 (1200/7410)	batch_time 0.09		data_time 0.01		loss 0.404	prec@1 87.53	prec@5 95.59	
Train: epoch-64 (1400/7410)	batch_time 0.08		data_time 0.01		loss 0.403	prec@1 87.31	prec@5 95.41	
Train: epoch-64 (1600/7410)	batch_time 0.09		data_time 0.01		loss 0.380	prec@1 88.47	prec@5 96.09	
Train: epoch-64 (1800/7410)	batch_time 0.08		data_time 0.01		loss 0.415	prec@1 87.22	prec@5 95.84	
Train: epoch-64 (2000/7410)	batch_time 0.09		data_time 0.01		loss 0.373	prec@1 88.34	prec@5 95.97	
Train: epoch-64 (2200/7410)	batch_time 0.09		data_time 0.01		loss 0.376	prec@1 88.25	prec@5 96.28	
Train: epoch-64 (2400/7410)	batch_time 0.09		data_time 0.01		loss 0.405	prec@1 87.25	prec@5 95.59	
Train: epoch-64 (2600/7410)	batch_time 0.08		data_time 0.01		loss 0.422	prec@1 86.72	prec@5 95.94	
Train: epoch-64 (2800/7410)	batch_time 0.09		data_time 0.01		loss 0.422	prec@1 87.72	prec@5 95.50	
Train: epoch-64 (3000/7410)	batch_time 0.09		data_time 0.01		loss 0.392	prec@1 88.28	prec@5 96.00	
Train: epoch-64 (3200/7410)	batch_time 0.09		data_time 0.01		loss 0.402	prec@1 87.94	prec@5 95.62	
Train: epoch-64 (3400/7410)	batch_time 0.09		data_time 0.01		loss 0.406	prec@1 87.38	prec@5 95.97	
Train: epoch-64 (3600/7410)	batch_time 0.09		data_time 0.01		loss 0.401	prec@1 87.75	prec@5 95.56	
Train: epoch-64 (3800/7410)	batch_time 0.09		data_time 0.01		loss 0.387	prec@1 87.97	prec@5 95.62	
Train: epoch-64 (4000/7410)	batch_time 0.09		data_time 0.01		loss 0.412	prec@1 87.22	prec@5 95.53	
Train: epoch-64 (4200/7410)	batch_time 0.09		data_time 0.01		loss 0.425	prec@1 86.91	prec@5 95.38	
Train: epoch-64 (4400/7410)	batch_time 0.09		data_time 0.01		loss 0.392	prec@1 88.09	prec@5 95.97	
Train: epoch-64 (4600/7410)	batch_time 0.09		data_time 0.01		loss 0.382	prec@1 88.16	prec@5 96.59	
Train: epoch-64 (4800/7410)	batch_time 0.09		data_time 0.01		loss 0.453	prec@1 85.94	prec@5 95.31	
Train: epoch-64 (5000/7410)	batch_time 0.09		data_time 0.01		loss 0.406	prec@1 87.91	prec@5 95.94	
Train: epoch-64 (5200/7410)	batch_time 0.09		data_time 0.01		loss 0.389	prec@1 88.34	prec@5 96.09	
Train: epoch-64 (5400/7410)	batch_time 0.09		data_time 0.01		loss 0.399	prec@1 87.84	prec@5 96.12	
Train: epoch-64 (5600/7410)	batch_time 0.09		data_time 0.01		loss 0.418	prec@1 87.00	prec@5 95.59	
Train: epoch-64 (5800/7410)	batch_time 0.08		data_time 0.01		loss 0.397	prec@1 87.72	prec@5 95.78	
Train: epoch-64 (6000/7410)	batch_time 0.09		data_time 0.01		loss 0.416	prec@1 86.66	prec@5 95.56	
Train: epoch-64 (6200/7410)	batch_time 0.09		data_time 0.01		loss 0.432	prec@1 86.94	prec@5 95.66	
Train: epoch-64 (6400/7410)	batch_time 0.09		data_time 0.01		loss 0.406	prec@1 87.34	prec@5 96.12	
Train: epoch-64 (6600/7410)	batch_time 0.09		data_time 0.01		loss 0.401	prec@1 87.75	prec@5 95.84	
Train: epoch-64 (6800/7410)	batch_time 0.09		data_time 0.01		loss 0.396	prec@1 87.84	prec@5 95.69	
Train: epoch-64 (7000/7410)	batch_time 0.09		data_time 0.01		loss 0.417	prec@1 86.97	prec@5 95.91	
Train: epoch-64 (7200/7410)	batch_time 0.09		data_time 0.01		loss 0.394	prec@1 87.84	prec@5 95.69	
Train: epoch-64 (7400/7410)	batch_time 0.09		data_time 0.01		loss 0.406	prec@1 87.31	prec@5 95.78	
Validate: Prec@1 95.16 Validate: Prec@5 99.74  Loss 0.166
Best Prec@1: 95.26

Train: epoch-65 (200/7410)	batch_time 0.19		data_time 0.11		loss 0.393	prec@1 87.34	prec@5 96.06	
Train: epoch-65 (400/7410)	batch_time 0.09		data_time 0.01		loss 0.380	prec@1 88.16	prec@5 95.78	
Train: epoch-65 (600/7410)	batch_time 0.08		data_time 0.01		loss 0.384	prec@1 87.97	prec@5 96.31	
Train: epoch-65 (800/7410)	batch_time 0.08		data_time 0.01		loss 0.373	prec@1 87.72	prec@5 95.88	
Train: epoch-65 (1000/7410)	batch_time 0.09		data_time 0.01		loss 0.388	prec@1 88.31	prec@5 95.97	
Train: epoch-65 (1200/7410)	batch_time 0.09		data_time 0.01		loss 0.419	prec@1 87.66	prec@5 95.78	
Train: epoch-65 (1400/7410)	batch_time 0.08		data_time 0.01		loss 0.399	prec@1 87.75	prec@5 95.81	
Train: epoch-65 (1600/7410)	batch_time 0.09		data_time 0.01		loss 0.382	prec@1 88.41	prec@5 95.47	
Train: epoch-65 (1800/7410)	batch_time 0.09		data_time 0.01		loss 0.398	prec@1 88.16	prec@5 95.81	
Train: epoch-65 (2000/7410)	batch_time 0.09		data_time 0.01		loss 0.391	prec@1 87.62	prec@5 96.06	
Train: epoch-65 (2200/7410)	batch_time 0.09		data_time 0.01		loss 0.432	prec@1 86.34	prec@5 95.22	
Train: epoch-65 (2400/7410)	batch_time 0.09		data_time 0.01		loss 0.420	prec@1 86.91	prec@5 95.62	
Train: epoch-65 (2600/7410)	batch_time 0.09		data_time 0.01		loss 0.413	prec@1 87.06	prec@5 95.78	
Train: epoch-65 (2800/7410)	batch_time 0.09		data_time 0.01		loss 0.400	prec@1 87.53	prec@5 96.06	
Train: epoch-65 (3000/7410)	batch_time 0.09		data_time 0.01		loss 0.388	prec@1 88.16	prec@5 96.34	
Train: epoch-65 (3200/7410)	batch_time 0.09		data_time 0.01		loss 0.404	prec@1 87.47	prec@5 95.81	
Train: epoch-65 (3400/7410)	batch_time 0.09		data_time 0.01		loss 0.416	prec@1 87.16	prec@5 95.66	
Train: epoch-65 (3600/7410)	batch_time 0.08		data_time 0.01		loss 0.419	prec@1 86.69	prec@5 95.91	
Train: epoch-65 (3800/7410)	batch_time 0.08		data_time 0.01		loss 0.389	prec@1 88.34	prec@5 96.09	
Train: epoch-65 (4000/7410)	batch_time 0.08		data_time 0.01		loss 0.383	prec@1 88.16	prec@5 96.28	
Train: epoch-65 (4200/7410)	batch_time 0.08		data_time 0.01		loss 0.348	prec@1 88.97	prec@5 96.53	
Train: epoch-65 (4400/7410)	batch_time 0.08		data_time 0.01		loss 0.394	prec@1 87.41	prec@5 96.00	
Train: epoch-65 (4600/7410)	batch_time 0.08		data_time 0.01		loss 0.376	prec@1 88.56	prec@5 96.34	
Train: epoch-65 (4800/7410)	batch_time 0.08		data_time 0.01		loss 0.389	prec@1 88.09	prec@5 95.62	
Train: epoch-65 (5000/7410)	batch_time 0.08		data_time 0.01		loss 0.436	prec@1 86.81	prec@5 95.66	
Train: epoch-65 (5200/7410)	batch_time 0.08		data_time 0.01		loss 0.412	prec@1 87.19	prec@5 95.81	
Train: epoch-65 (5400/7410)	batch_time 0.08		data_time 0.01		loss 0.372	prec@1 88.22	prec@5 96.59	
Train: epoch-65 (5600/7410)	batch_time 0.08		data_time 0.01		loss 0.372	prec@1 88.72	prec@5 96.06	
Train: epoch-65 (5800/7410)	batch_time 0.09		data_time 0.01		loss 0.409	prec@1 87.62	prec@5 95.56	
Train: epoch-65 (6000/7410)	batch_time 0.09		data_time 0.01		loss 0.409	prec@1 87.12	prec@5 95.84	
Train: epoch-65 (6200/7410)	batch_time 0.08		data_time 0.01		loss 0.411	prec@1 87.47	prec@5 95.97	
Train: epoch-65 (6400/7410)	batch_time 0.09		data_time 0.01		loss 0.433	prec@1 87.19	prec@5 95.41	
Train: epoch-65 (6600/7410)	batch_time 0.09		data_time 0.01		loss 0.406	prec@1 87.19	prec@5 96.00	
Train: epoch-65 (6800/7410)	batch_time 0.09		data_time 0.01		loss 0.414	prec@1 87.09	prec@5 95.56	
Train: epoch-65 (7000/7410)	batch_time 0.09		data_time 0.01		loss 0.417	prec@1 87.22	prec@5 95.81	
Train: epoch-65 (7200/7410)	batch_time 0.09		data_time 0.01		loss 0.398	prec@1 87.97	prec@5 95.81	
Train: epoch-65 (7400/7410)	batch_time 0.09		data_time 0.01		loss 0.368	prec@1 88.41	prec@5 96.44	
Validate: Prec@1 95.14 Validate: Prec@5 99.76  Loss 0.164
Best Prec@1: 95.26

Train: epoch-66 (200/7410)	batch_time 0.18		data_time 0.11		loss 0.416	prec@1 87.03	prec@5 94.97	
Train: epoch-66 (400/7410)	batch_time 0.08		data_time 0.01		loss 0.414	prec@1 87.44	prec@5 95.31	
Train: epoch-66 (600/7410)	batch_time 0.08		data_time 0.01		loss 0.402	prec@1 87.84	prec@5 95.53	
Train: epoch-66 (800/7410)	batch_time 0.08		data_time 0.01		loss 0.393	prec@1 88.25	prec@5 95.78	
Train: epoch-66 (1000/7410)	batch_time 0.08		data_time 0.01		loss 0.407	prec@1 87.78	prec@5 95.72	
Train: epoch-66 (1200/7410)	batch_time 0.08		data_time 0.01		loss 0.401	prec@1 87.75	prec@5 95.94	
Train: epoch-66 (1400/7410)	batch_time 0.08		data_time 0.01		loss 0.403	prec@1 87.69	prec@5 95.69	
Train: epoch-66 (1600/7410)	batch_time 0.08		data_time 0.01		loss 0.417	prec@1 87.16	prec@5 95.78	
Train: epoch-66 (1800/7410)	batch_time 0.08		data_time 0.01		loss 0.417	prec@1 86.66	prec@5 95.78	
Train: epoch-66 (2000/7410)	batch_time 0.08		data_time 0.01		loss 0.390	prec@1 87.84	prec@5 96.53	
Train: epoch-66 (2200/7410)	batch_time 0.08		data_time 0.01		loss 0.383	prec@1 87.78	prec@5 96.31	
Train: epoch-66 (2400/7410)	batch_time 0.09		data_time 0.01		loss 0.407	prec@1 87.31	prec@5 95.84	
Train: epoch-66 (2600/7410)	batch_time 0.09		data_time 0.01		loss 0.397	prec@1 87.59	prec@5 95.97	
Train: epoch-66 (2800/7410)	batch_time 0.08		data_time 0.01		loss 0.396	prec@1 87.44	prec@5 95.59	
Train: epoch-66 (3000/7410)	batch_time 0.08		data_time 0.01		loss 0.390	prec@1 88.03	prec@5 96.12	
Train: epoch-66 (3200/7410)	batch_time 0.08		data_time 0.01		loss 0.384	prec@1 87.66	prec@5 96.38	
Train: epoch-66 (3400/7410)	batch_time 0.08		data_time 0.01		loss 0.421	prec@1 86.88	prec@5 95.41	
Train: epoch-66 (3600/7410)	batch_time 0.08		data_time 0.01		loss 0.397	prec@1 87.75	prec@5 95.81	
Train: epoch-66 (3800/7410)	batch_time 0.08		data_time 0.01		loss 0.403	prec@1 88.06	prec@5 96.00	
Train: epoch-66 (4000/7410)	batch_time 0.08		data_time 0.01		loss 0.397	prec@1 88.06	prec@5 95.72	
Train: epoch-66 (4200/7410)	batch_time 0.08		data_time 0.01		loss 0.401	prec@1 87.62	prec@5 95.44	
Train: epoch-66 (4400/7410)	batch_time 0.08		data_time 0.01		loss 0.399	prec@1 87.53	prec@5 95.38	
Train: epoch-66 (4600/7410)	batch_time 0.08		data_time 0.01		loss 0.403	prec@1 87.91	prec@5 95.91	
Train: epoch-66 (4800/7410)	batch_time 0.08		data_time 0.01		loss 0.390	prec@1 87.88	prec@5 95.97	
Train: epoch-66 (5000/7410)	batch_time 0.08		data_time 0.01		loss 0.405	prec@1 87.66	prec@5 95.88	
Train: epoch-66 (5200/7410)	batch_time 0.08		data_time 0.01		loss 0.392	prec@1 87.66	prec@5 96.03	
Train: epoch-66 (5400/7410)	batch_time 0.08		data_time 0.01		loss 0.425	prec@1 86.53	prec@5 95.12	
Train: epoch-66 (5600/7410)	batch_time 0.08		data_time 0.01		loss 0.392	prec@1 87.94	prec@5 96.25	
Train: epoch-66 (5800/7410)	batch_time 0.08		data_time 0.01		loss 0.397	prec@1 87.69	prec@5 96.12	
Train: epoch-66 (6000/7410)	batch_time 0.08		data_time 0.01		loss 0.396	prec@1 87.91	prec@5 95.84	
Train: epoch-66 (6200/7410)	batch_time 0.08		data_time 0.01		loss 0.396	prec@1 87.72	prec@5 95.84	
Train: epoch-66 (6400/7410)	batch_time 0.08		data_time 0.01		loss 0.391	prec@1 87.75	prec@5 95.72	
Train: epoch-66 (6600/7410)	batch_time 0.08		data_time 0.01		loss 0.369	prec@1 88.75	prec@5 96.34	
Train: epoch-66 (6800/7410)	batch_time 0.08		data_time 0.01		loss 0.414	prec@1 86.75	prec@5 95.72	
Train: epoch-66 (7000/7410)	batch_time 0.08		data_time 0.01		loss 0.390	prec@1 87.72	prec@5 95.94	
Train: epoch-66 (7200/7410)	batch_time 0.08		data_time 0.01		loss 0.390	prec@1 87.12	prec@5 95.91	
Train: epoch-66 (7400/7410)	batch_time 0.08		data_time 0.01		loss 0.387	prec@1 88.16	prec@5 96.09	
Validate: Prec@1 95.12 Validate: Prec@5 99.77  Loss 0.162
Best Prec@1: 95.26

Train: epoch-67 (200/7410)	batch_time 0.18		data_time 0.11		loss 0.386	prec@1 88.06	prec@5 95.75	
Train: epoch-67 (400/7410)	batch_time 0.08		data_time 0.01		loss 0.386	prec@1 87.84	prec@5 96.00	
Train: epoch-67 (600/7410)	batch_time 0.08		data_time 0.01		loss 0.399	prec@1 87.19	prec@5 95.84	
Train: epoch-67 (800/7410)	batch_time 0.08		data_time 0.01		loss 0.391	prec@1 87.94	prec@5 95.97	
Train: epoch-67 (1000/7410)	batch_time 0.08		data_time 0.01		loss 0.412	prec@1 87.06	prec@5 95.50	
Train: epoch-67 (1200/7410)	batch_time 0.08		data_time 0.01		loss 0.403	prec@1 87.31	prec@5 95.91	
Train: epoch-67 (1400/7410)	batch_time 0.08		data_time 0.01		loss 0.421	prec@1 86.78	prec@5 95.47	
Train: epoch-67 (1600/7410)	batch_time 0.08		data_time 0.01		loss 0.401	prec@1 87.03	prec@5 96.16	
Train: epoch-67 (1800/7410)	batch_time 0.08		data_time 0.01		loss 0.413	prec@1 86.91	prec@5 95.69	
Train: epoch-67 (2000/7410)	batch_time 0.08		data_time 0.01		loss 0.383	prec@1 88.16	prec@5 96.25	
Train: epoch-67 (2200/7410)	batch_time 0.08		data_time 0.01		loss 0.364	prec@1 88.50	prec@5 96.19	
Train: epoch-67 (2400/7410)	batch_time 0.08		data_time 0.01		loss 0.429	prec@1 87.06	prec@5 95.47	
Train: epoch-67 (2600/7410)	batch_time 0.08		data_time 0.01		loss 0.401	prec@1 87.81	prec@5 95.53	
Train: epoch-67 (2800/7410)	batch_time 0.08		data_time 0.01		loss 0.394	prec@1 88.03	prec@5 95.53	
Train: epoch-67 (3000/7410)	batch_time 0.08		data_time 0.01		loss 0.378	prec@1 88.38	prec@5 95.53	
Train: epoch-67 (3200/7410)	batch_time 0.09		data_time 0.01		loss 0.402	prec@1 87.44	prec@5 96.12	
Train: epoch-67 (3400/7410)	batch_time 0.08		data_time 0.01		loss 0.402	prec@1 87.09	prec@5 96.09	
Train: epoch-67 (3600/7410)	batch_time 0.08		data_time 0.01		loss 0.380	prec@1 88.44	prec@5 95.97	
Train: epoch-67 (3800/7410)	batch_time 0.08		data_time 0.01		loss 0.392	prec@1 87.53	prec@5 96.12	
Train: epoch-67 (4000/7410)	batch_time 0.08		data_time 0.01		loss 0.394	prec@1 87.69	prec@5 95.75	
Train: epoch-67 (4200/7410)	batch_time 0.08		data_time 0.01		loss 0.415	prec@1 87.25	prec@5 95.94	
Train: epoch-67 (4400/7410)	batch_time 0.08		data_time 0.01		loss 0.380	prec@1 88.47	prec@5 95.78	
Train: epoch-67 (4600/7410)	batch_time 0.08		data_time 0.01		loss 0.396	prec@1 87.81	prec@5 96.09	
Train: epoch-67 (4800/7410)	batch_time 0.08		data_time 0.01		loss 0.393	prec@1 88.25	prec@5 96.03	
Train: epoch-67 (5000/7410)	batch_time 0.08		data_time 0.01		loss 0.408	prec@1 87.34	prec@5 95.69	
Train: epoch-67 (5200/7410)	batch_time 0.08		data_time 0.01		loss 0.389	prec@1 87.94	prec@5 95.84	
Train: epoch-67 (5400/7410)	batch_time 0.08		data_time 0.01		loss 0.391	prec@1 87.75	prec@5 95.88	
Train: epoch-67 (5600/7410)	batch_time 0.08		data_time 0.01		loss 0.398	prec@1 87.72	prec@5 96.09	
Train: epoch-67 (5800/7410)	batch_time 0.08		data_time 0.01		loss 0.378	prec@1 88.34	prec@5 96.16	
Train: epoch-67 (6000/7410)	batch_time 0.08		data_time 0.01		loss 0.388	prec@1 88.00	prec@5 96.06	
Train: epoch-67 (6200/7410)	batch_time 0.08		data_time 0.01		loss 0.399	prec@1 88.03	prec@5 95.84	
Train: epoch-67 (6400/7410)	batch_time 0.08		data_time 0.01		loss 0.397	prec@1 87.41	prec@5 95.66	
Train: epoch-67 (6600/7410)	batch_time 0.08		data_time 0.01		loss 0.401	prec@1 87.75	prec@5 95.44	
Train: epoch-67 (6800/7410)	batch_time 0.08		data_time 0.01		loss 0.384	prec@1 88.06	prec@5 96.06	
Train: epoch-67 (7000/7410)	batch_time 0.08		data_time 0.01		loss 0.390	prec@1 87.84	prec@5 95.88	
Train: epoch-67 (7200/7410)	batch_time 0.08		data_time 0.01		loss 0.383	prec@1 88.06	prec@5 95.94	
Train: epoch-67 (7400/7410)	batch_time 0.08		data_time 0.01		loss 0.408	prec@1 86.84	prec@5 95.78	
Validate: Prec@1 95.26 Validate: Prec@5 99.77  Loss 0.164
Best Prec@1: 95.26

Train: epoch-68 (200/7410)	batch_time 0.18		data_time 0.11		loss 0.415	prec@1 87.44	prec@5 95.41	
Train: epoch-68 (400/7410)	batch_time 0.08		data_time 0.01		loss 0.410	prec@1 87.06	prec@5 95.16	
Train: epoch-68 (600/7410)	batch_time 0.08		data_time 0.01		loss 0.345	prec@1 89.50	prec@5 96.53	
Train: epoch-68 (800/7410)	batch_time 0.08		data_time 0.01		loss 0.440	prec@1 86.59	prec@5 95.28	
Train: epoch-68 (1000/7410)	batch_time 0.08		data_time 0.01		loss 0.377	prec@1 87.75	prec@5 96.12	
Train: epoch-68 (1200/7410)	batch_time 0.08		data_time 0.01		loss 0.382	prec@1 88.34	prec@5 95.94	
Train: epoch-68 (1400/7410)	batch_time 0.08		data_time 0.01		loss 0.395	prec@1 87.28	prec@5 95.69	
Train: epoch-68 (1600/7410)	batch_time 0.08		data_time 0.01		loss 0.412	prec@1 87.50	prec@5 95.38	
Train: epoch-68 (1800/7410)	batch_time 0.08		data_time 0.01		loss 0.389	prec@1 87.72	prec@5 96.22	
Train: epoch-68 (2000/7410)	batch_time 0.08		data_time 0.01		loss 0.376	prec@1 88.19	prec@5 96.25	
Train: epoch-68 (2200/7410)	batch_time 0.08		data_time 0.01		loss 0.371	prec@1 88.62	prec@5 96.31	
Train: epoch-68 (2400/7410)	batch_time 0.08		data_time 0.01		loss 0.384	prec@1 88.69	prec@5 95.62	
Train: epoch-68 (2600/7410)	batch_time 0.08		data_time 0.01		loss 0.392	prec@1 87.12	prec@5 95.50	
Train: epoch-68 (2800/7410)	batch_time 0.08		data_time 0.01		loss 0.402	prec@1 87.78	prec@5 95.97	
Train: epoch-68 (3000/7410)	batch_time 0.08		data_time 0.01		loss 0.398	prec@1 87.59	prec@5 95.50	
Train: epoch-68 (3200/7410)	batch_time 0.08		data_time 0.01		loss 0.452	prec@1 85.88	prec@5 95.81	
Train: epoch-68 (3400/7410)	batch_time 0.08		data_time 0.01		loss 0.411	prec@1 87.28	prec@5 95.38	
Train: epoch-68 (3600/7410)	batch_time 0.08		data_time 0.01		loss 0.393	prec@1 87.91	prec@5 96.03	
Train: epoch-68 (3800/7410)	batch_time 0.08		data_time 0.01		loss 0.392	prec@1 87.78	prec@5 96.25	
Train: epoch-68 (4000/7410)	batch_time 0.08		data_time 0.01		loss 0.404	prec@1 87.44	prec@5 95.66	
Train: epoch-68 (4200/7410)	batch_time 0.08		data_time 0.01		loss 0.435	prec@1 86.22	prec@5 95.72	
Train: epoch-68 (4400/7410)	batch_time 0.09		data_time 0.01		loss 0.397	prec@1 87.91	prec@5 95.88	
Train: epoch-68 (4600/7410)	batch_time 0.09		data_time 0.01		loss 0.365	prec@1 88.59	prec@5 96.38	
Train: epoch-68 (4800/7410)	batch_time 0.09		data_time 0.01		loss 0.399	prec@1 87.75	prec@5 96.09	
Train: epoch-68 (5000/7410)	batch_time 0.08		data_time 0.01		loss 0.373	prec@1 88.84	prec@5 96.00	
Train: epoch-68 (5200/7410)	batch_time 0.08		data_time 0.01		loss 0.395	prec@1 87.69	prec@5 95.75	
Train: epoch-68 (5400/7410)	batch_time 0.08		data_time 0.01		loss 0.388	prec@1 88.28	prec@5 95.94	
Train: epoch-68 (5600/7410)	batch_time 0.08		data_time 0.01		loss 0.387	prec@1 88.34	prec@5 96.19	
Train: epoch-68 (5800/7410)	batch_time 0.08		data_time 0.01		loss 0.414	prec@1 87.25	prec@5 95.56	
Train: epoch-68 (6000/7410)	batch_time 0.08		data_time 0.01		loss 0.416	prec@1 87.03	prec@5 96.03	
Train: epoch-68 (6200/7410)	batch_time 0.08		data_time 0.01		loss 0.397	prec@1 87.62	prec@5 96.06	
Train: epoch-68 (6400/7410)	batch_time 0.08		data_time 0.01		loss 0.406	prec@1 87.41	prec@5 95.62	
Train: epoch-68 (6600/7410)	batch_time 0.08		data_time 0.01		loss 0.402	prec@1 87.19	prec@5 95.88	
Train: epoch-68 (6800/7410)	batch_time 0.08		data_time 0.01		loss 0.386	prec@1 88.47	prec@5 96.09	
Train: epoch-68 (7000/7410)	batch_time 0.08		data_time 0.01		loss 0.393	prec@1 88.00	prec@5 95.56	
Train: epoch-68 (7200/7410)	batch_time 0.08		data_time 0.01		loss 0.384	prec@1 87.94	prec@5 96.22	
Train: epoch-68 (7400/7410)	batch_time 0.08		data_time 0.01		loss 0.387	prec@1 88.00	prec@5 96.41	
Validate: Prec@1 95.22 Validate: Prec@5 99.79  Loss 0.162
Best Prec@1: 95.26

Train: epoch-69 (200/7410)	batch_time 0.18		data_time 0.11		loss 0.397	prec@1 87.59	prec@5 96.34	
Train: epoch-69 (400/7410)	batch_time 0.08		data_time 0.01		loss 0.420	prec@1 87.38	prec@5 95.28	
Train: epoch-69 (600/7410)	batch_time 0.08		data_time 0.01		loss 0.395	prec@1 88.22	prec@5 95.53	
Train: epoch-69 (800/7410)	batch_time 0.08		data_time 0.01		loss 0.413	prec@1 87.22	prec@5 95.94	
Train: epoch-69 (1000/7410)	batch_time 0.08		data_time 0.01		loss 0.411	prec@1 86.91	prec@5 95.66	
Train: epoch-69 (1200/7410)	batch_time 0.08		data_time 0.01		loss 0.420	prec@1 86.66	prec@5 95.12	
Train: epoch-69 (1400/7410)	batch_time 0.08		data_time 0.01		loss 0.386	prec@1 88.03	prec@5 95.97	
Train: epoch-69 (1600/7410)	batch_time 0.08		data_time 0.01		loss 0.380	prec@1 88.88	prec@5 96.41	
Train: epoch-69 (1800/7410)	batch_time 0.08		data_time 0.01		loss 0.391	prec@1 87.41	prec@5 96.16	
Train: epoch-69 (2000/7410)	batch_time 0.08		data_time 0.01		loss 0.397	prec@1 87.88	prec@5 95.91	
Train: epoch-69 (2200/7410)	batch_time 0.08		data_time 0.01		loss 0.380	prec@1 87.44	prec@5 96.28	
Train: epoch-69 (2400/7410)	batch_time 0.08		data_time 0.01		loss 0.378	prec@1 88.59	prec@5 96.22	
Train: epoch-69 (2600/7410)	batch_time 0.08		data_time 0.01		loss 0.404	prec@1 87.53	prec@5 96.00	
Train: epoch-69 (2800/7410)	batch_time 0.08		data_time 0.01		loss 0.415	prec@1 86.88	prec@5 95.94	
Train: epoch-69 (3000/7410)	batch_time 0.08		data_time 0.01		loss 0.408	prec@1 87.50	prec@5 95.72	
Train: epoch-69 (3200/7410)	batch_time 0.08		data_time 0.01		loss 0.406	prec@1 87.53	prec@5 95.81	
Train: epoch-69 (3400/7410)	batch_time 0.08		data_time 0.01		loss 0.377	prec@1 88.56	prec@5 96.28	
Train: epoch-69 (3600/7410)	batch_time 0.08		data_time 0.01		loss 0.388	prec@1 88.09	prec@5 95.66	
Train: epoch-69 (3800/7410)	batch_time 0.08		data_time 0.01		loss 0.406	prec@1 87.31	prec@5 95.44	
Train: epoch-69 (4000/7410)	batch_time 0.08		data_time 0.01		loss 0.393	prec@1 87.44	prec@5 96.22	
Train: epoch-69 (4200/7410)	batch_time 0.08		data_time 0.01		loss 0.380	prec@1 88.41	prec@5 95.75	
Train: epoch-69 (4400/7410)	batch_time 0.08		data_time 0.01		loss 0.430	prec@1 86.91	prec@5 95.03	
Train: epoch-69 (4600/7410)	batch_time 0.08		data_time 0.01		loss 0.405	prec@1 87.69	prec@5 96.09	
Train: epoch-69 (4800/7410)	batch_time 0.08		data_time 0.01		loss 0.418	prec@1 86.88	prec@5 95.53	
Train: epoch-69 (5000/7410)	batch_time 0.08		data_time 0.01		loss 0.405	prec@1 87.41	prec@5 95.81	
Train: epoch-69 (5200/7410)	batch_time 0.08		data_time 0.01		loss 0.416	prec@1 87.28	prec@5 95.47	
Train: epoch-69 (5400/7410)	batch_time 0.08		data_time 0.01		loss 0.408	prec@1 87.25	prec@5 95.44	
Train: epoch-69 (5600/7410)	batch_time 0.08		data_time 0.01		loss 0.401	prec@1 87.25	prec@5 96.03	
Train: epoch-69 (5800/7410)	batch_time 0.08		data_time 0.01		loss 0.371	prec@1 88.56	prec@5 96.00	
Train: epoch-69 (6000/7410)	batch_time 0.08		data_time 0.01		loss 0.396	prec@1 87.47	prec@5 95.75	
Train: epoch-69 (6200/7410)	batch_time 0.08		data_time 0.01		loss 0.414	prec@1 87.88	prec@5 95.72	
Train: epoch-69 (6400/7410)	batch_time 0.08		data_time 0.01		loss 0.368	prec@1 88.66	prec@5 96.03	
Train: epoch-69 (6600/7410)	batch_time 0.08		data_time 0.01		loss 0.376	prec@1 88.41	prec@5 96.44	
Train: epoch-69 (6800/7410)	batch_time 0.08		data_time 0.01		loss 0.443	prec@1 86.69	prec@5 95.19	
Train: epoch-69 (7000/7410)	batch_time 0.08		data_time 0.01		loss 0.393	prec@1 87.53	prec@5 95.94	
Train: epoch-69 (7200/7410)	batch_time 0.08		data_time 0.01		loss 0.416	prec@1 86.72	prec@5 96.09	
Train: epoch-69 (7400/7410)	batch_time 0.08		data_time 0.01		loss 0.378	prec@1 88.03	prec@5 95.88	
Validate: Prec@1 95.22 Validate: Prec@5 99.78  Loss 0.163
Best Prec@1: 95.26

Train: epoch-70 (200/7410)	batch_time 0.18		data_time 0.11		loss 0.396	prec@1 87.84	prec@5 96.06	
Train: epoch-70 (400/7410)	batch_time 0.08		data_time 0.01		loss 0.377	prec@1 88.19	prec@5 96.75	
Train: epoch-70 (600/7410)	batch_time 0.08		data_time 0.01		loss 0.424	prec@1 86.16	prec@5 95.53	
Train: epoch-70 (800/7410)	batch_time 0.08		data_time 0.01		loss 0.397	prec@1 87.47	prec@5 95.88	
Train: epoch-70 (1000/7410)	batch_time 0.08		data_time 0.01		loss 0.373	prec@1 88.19	prec@5 95.91	
Train: epoch-70 (1200/7410)	batch_time 0.08		data_time 0.01		loss 0.400	prec@1 87.38	prec@5 95.69	
Train: epoch-70 (1400/7410)	batch_time 0.08		data_time 0.01		loss 0.382	prec@1 87.72	prec@5 96.06	
Train: epoch-70 (1600/7410)	batch_time 0.08		data_time 0.01		loss 0.370	prec@1 88.50	prec@5 96.38	
Train: epoch-70 (1800/7410)	batch_time 0.08		data_time 0.01		loss 0.404	prec@1 87.19	prec@5 95.66	
Train: epoch-70 (2000/7410)	batch_time 0.08		data_time 0.01		loss 0.347	prec@1 88.94	prec@5 96.44	
Train: epoch-70 (2200/7410)	batch_time 0.08		data_time 0.01		loss 0.395	prec@1 88.06	prec@5 95.69	
Train: epoch-70 (2400/7410)	batch_time 0.08		data_time 0.01		loss 0.404	prec@1 87.75	prec@5 95.72	
Train: epoch-70 (2600/7410)	batch_time 0.08		data_time 0.01		loss 0.396	prec@1 87.59	prec@5 96.00	
Train: epoch-70 (2800/7410)	batch_time 0.08		data_time 0.01		loss 0.389	prec@1 88.41	prec@5 95.56	
Train: epoch-70 (3000/7410)	batch_time 0.08		data_time 0.01		loss 0.395	prec@1 87.53	prec@5 95.94	
Train: epoch-70 (3200/7410)	batch_time 0.08		data_time 0.01		loss 0.433	prec@1 86.75	prec@5 95.69	
Train: epoch-70 (3400/7410)	batch_time 0.08		data_time 0.01		loss 0.401	prec@1 87.91	prec@5 95.91	
Train: epoch-70 (3600/7410)	batch_time 0.09		data_time 0.01		loss 0.397	prec@1 87.16	prec@5 95.53	
Train: epoch-70 (3800/7410)	batch_time 0.08		data_time 0.01		loss 0.395	prec@1 88.00	prec@5 95.84	
Train: epoch-70 (4000/7410)	batch_time 0.08		data_time 0.01		loss 0.400	prec@1 87.41	prec@5 96.00	
Train: epoch-70 (4200/7410)	batch_time 0.08		data_time 0.01		loss 0.389	prec@1 88.44	prec@5 95.56	
Train: epoch-70 (4400/7410)	batch_time 0.08		data_time 0.01		loss 0.368	prec@1 88.66	prec@5 96.66	
Train: epoch-70 (4600/7410)	batch_time 0.08		data_time 0.01		loss 0.403	prec@1 87.62	prec@5 95.78	
Train: epoch-70 (4800/7410)	batch_time 0.08		data_time 0.01		loss 0.397	prec@1 87.81	prec@5 95.66	
Train: epoch-70 (5000/7410)	batch_time 0.08		data_time 0.01		loss 0.386	prec@1 87.66	prec@5 95.91	
Train: epoch-70 (5200/7410)	batch_time 0.08		data_time 0.01		loss 0.401	prec@1 87.25	prec@5 95.22	
Train: epoch-70 (5400/7410)	batch_time 0.08		data_time 0.01		loss 0.414	prec@1 87.00	prec@5 95.03	
Train: epoch-70 (5600/7410)	batch_time 0.08		data_time 0.01		loss 0.400	prec@1 87.50	prec@5 95.88	
Train: epoch-70 (5800/7410)	batch_time 0.08		data_time 0.01		loss 0.415	prec@1 87.59	prec@5 95.69	
Train: epoch-70 (6000/7410)	batch_time 0.08		data_time 0.01		loss 0.390	prec@1 87.50	prec@5 96.56	
Train: epoch-70 (6200/7410)	batch_time 0.08		data_time 0.01		loss 0.355	prec@1 88.53	prec@5 96.88	
Train: epoch-70 (6400/7410)	batch_time 0.08		data_time 0.01		loss 0.380	prec@1 88.72	prec@5 95.81	
Train: epoch-70 (6600/7410)	batch_time 0.08		data_time 0.01		loss 0.407	prec@1 87.16	prec@5 95.91	
Train: epoch-70 (6800/7410)	batch_time 0.08		data_time 0.01		loss 0.391	prec@1 88.22	prec@5 95.94	
Train: epoch-70 (7000/7410)	batch_time 0.08		data_time 0.01		loss 0.370	prec@1 88.25	prec@5 96.16	
Train: epoch-70 (7200/7410)	batch_time 0.08		data_time 0.01		loss 0.393	prec@1 88.03	prec@5 95.97	
Train: epoch-70 (7400/7410)	batch_time 0.08		data_time 0.01		loss 0.393	prec@1 88.09	prec@5 95.59	
Validate: Prec@1 95.27 Validate: Prec@5 99.78  Loss 0.162
Best Prec@1: 95.27

Train: epoch-71 (200/7410)	batch_time 0.18		data_time 0.11		loss 0.381	prec@1 88.19	prec@5 96.56	
Train: epoch-71 (400/7410)	batch_time 0.08		data_time 0.01		loss 0.397	prec@1 88.28	prec@5 96.00	
Train: epoch-71 (600/7410)	batch_time 0.08		data_time 0.01		loss 0.369	prec@1 88.41	prec@5 96.44	
Train: epoch-71 (800/7410)	batch_time 0.08		data_time 0.01		loss 0.353	prec@1 88.78	prec@5 96.59	
Train: epoch-71 (1000/7410)	batch_time 0.08		data_time 0.01		loss 0.360	prec@1 88.66	prec@5 96.59	
Train: epoch-71 (1200/7410)	batch_time 0.08		data_time 0.01		loss 0.393	prec@1 88.25	prec@5 95.91	
Train: epoch-71 (1400/7410)	batch_time 0.08		data_time 0.01		loss 0.386	prec@1 87.75	prec@5 96.12	
Train: epoch-71 (1600/7410)	batch_time 0.08		data_time 0.01		loss 0.361	prec@1 88.56	prec@5 96.66	
Train: epoch-71 (1800/7410)	batch_time 0.08		data_time 0.01		loss 0.413	prec@1 87.38	prec@5 95.22	
Train: epoch-71 (2000/7410)	batch_time 0.08		data_time 0.01		loss 0.414	prec@1 87.31	prec@5 96.09	
Train: epoch-71 (2200/7410)	batch_time 0.08		data_time 0.01		loss 0.376	prec@1 88.62	prec@5 95.84	
Train: epoch-71 (2400/7410)	batch_time 0.08		data_time 0.01		loss 0.393	prec@1 88.53	prec@5 95.88	
Train: epoch-71 (2600/7410)	batch_time 0.08		data_time 0.01		loss 0.367	prec@1 88.44	prec@5 96.25	
Train: epoch-71 (2800/7410)	batch_time 0.08		data_time 0.01		loss 0.386	prec@1 88.03	prec@5 96.03	
Train: epoch-71 (3000/7410)	batch_time 0.08		data_time 0.01		loss 0.388	prec@1 87.62	prec@5 95.28	
Train: epoch-71 (3200/7410)	batch_time 0.08		data_time 0.01		loss 0.389	prec@1 88.06	prec@5 95.72	
Train: epoch-71 (3400/7410)	batch_time 0.08		data_time 0.01		loss 0.369	prec@1 88.75	prec@5 96.41	
Train: epoch-71 (3600/7410)	batch_time 0.08		data_time 0.01		loss 0.387	prec@1 88.06	prec@5 95.91	
Train: epoch-71 (3800/7410)	batch_time 0.08		data_time 0.01		loss 0.396	prec@1 87.03	prec@5 95.50	
Train: epoch-71 (4000/7410)	batch_time 0.08		data_time 0.01		loss 0.368	prec@1 88.62	prec@5 96.12	
Train: epoch-71 (4200/7410)	batch_time 0.08		data_time 0.01		loss 0.402	prec@1 87.72	prec@5 95.31	
Train: epoch-71 (4400/7410)	batch_time 0.08		data_time 0.01		loss 0.382	prec@1 88.19	prec@5 95.91	
Train: epoch-71 (4600/7410)	batch_time 0.08		data_time 0.01		loss 0.401	prec@1 87.75	prec@5 95.66	
Train: epoch-71 (4800/7410)	batch_time 0.08		data_time 0.01		loss 0.394	prec@1 88.09	prec@5 95.72	
Train: epoch-71 (5000/7410)	batch_time 0.08		data_time 0.01		loss 0.377	prec@1 88.34	prec@5 96.72	
Train: epoch-71 (5200/7410)	batch_time 0.08		data_time 0.01		loss 0.416	prec@1 87.53	prec@5 95.72	
Train: epoch-71 (5400/7410)	batch_time 0.08		data_time 0.01		loss 0.371	prec@1 88.97	prec@5 96.25	
Train: epoch-71 (5600/7410)	batch_time 0.08		data_time 0.01		loss 0.397	prec@1 87.22	prec@5 96.09	
Train: epoch-71 (5800/7410)	batch_time 0.08		data_time 0.01		loss 0.393	prec@1 88.28	prec@5 96.50	
Train: epoch-71 (6000/7410)	batch_time 0.08		data_time 0.01		loss 0.410	prec@1 87.78	prec@5 95.56	
Train: epoch-71 (6200/7410)	batch_time 0.08		data_time 0.01		loss 0.380	prec@1 88.69	prec@5 96.28	
Train: epoch-71 (6400/7410)	batch_time 0.08		data_time 0.01		loss 0.418	prec@1 87.00	prec@5 95.81	
Train: epoch-71 (6600/7410)	batch_time 0.08		data_time 0.01		loss 0.399	prec@1 88.06	prec@5 95.56	
Train: epoch-71 (6800/7410)	batch_time 0.08		data_time 0.01		loss 0.394	prec@1 88.31	prec@5 95.66	
Train: epoch-71 (7000/7410)	batch_time 0.08		data_time 0.01		loss 0.391	prec@1 88.00	prec@5 95.75	
Train: epoch-71 (7200/7410)	batch_time 0.08		data_time 0.01		loss 0.412	prec@1 87.81	prec@5 95.62	
Train: epoch-71 (7400/7410)	batch_time 0.08		data_time 0.01		loss 0.366	prec@1 88.81	prec@5 96.44	
Validate: Prec@1 95.30 Validate: Prec@5 99.79  Loss 0.162
Best Prec@1: 95.30

Train: epoch-72 (200/7410)	batch_time 0.19		data_time 0.12		loss 0.400	prec@1 88.03	prec@5 95.66	
Train: epoch-72 (400/7410)	batch_time 0.08		data_time 0.01		loss 0.386	prec@1 87.75	prec@5 96.25	
Train: epoch-72 (600/7410)	batch_time 0.08		data_time 0.01		loss 0.394	prec@1 87.72	prec@5 96.06	
Train: epoch-72 (800/7410)	batch_time 0.08		data_time 0.01		loss 0.374	prec@1 88.28	prec@5 96.16	
Train: epoch-72 (1000/7410)	batch_time 0.08		data_time 0.01		loss 0.363	prec@1 88.91	prec@5 96.00	
Train: epoch-72 (1200/7410)	batch_time 0.08		data_time 0.01		loss 0.397	prec@1 87.47	prec@5 95.72	
Train: epoch-72 (1400/7410)	batch_time 0.08		data_time 0.01		loss 0.393	prec@1 88.19	prec@5 95.88	
Train: epoch-72 (1600/7410)	batch_time 0.08		data_time 0.01		loss 0.424	prec@1 87.31	prec@5 95.50	
Train: epoch-72 (1800/7410)	batch_time 0.08		data_time 0.01		loss 0.388	prec@1 88.19	prec@5 96.28	
Train: epoch-72 (2000/7410)	batch_time 0.08		data_time 0.01		loss 0.394	prec@1 87.84	prec@5 95.81	
Train: epoch-72 (2200/7410)	batch_time 0.08		data_time 0.01		loss 0.390	prec@1 88.03	prec@5 96.00	
Train: epoch-72 (2400/7410)	batch_time 0.08		data_time 0.01		loss 0.409	prec@1 87.38	prec@5 96.16	
Train: epoch-72 (2600/7410)	batch_time 0.08		data_time 0.01		loss 0.407	prec@1 87.22	prec@5 95.84	
Train: epoch-72 (2800/7410)	batch_time 0.08		data_time 0.01		loss 0.391	prec@1 87.53	prec@5 96.34	
Train: epoch-72 (3000/7410)	batch_time 0.08		data_time 0.01		loss 0.431	prec@1 86.59	prec@5 95.28	
Train: epoch-72 (3200/7410)	batch_time 0.08		data_time 0.01		loss 0.397	prec@1 87.53	prec@5 95.84	
Train: epoch-72 (3400/7410)	batch_time 0.08		data_time 0.01		loss 0.393	prec@1 88.06	prec@5 95.47	
Train: epoch-72 (3600/7410)	batch_time 0.08		data_time 0.01		loss 0.378	prec@1 88.00	prec@5 96.00	
Train: epoch-72 (3800/7410)	batch_time 0.08		data_time 0.01		loss 0.385	prec@1 88.06	prec@5 96.41	
Train: epoch-72 (4000/7410)	batch_time 0.08		data_time 0.01		loss 0.379	prec@1 88.94	prec@5 96.59	
Train: epoch-72 (4200/7410)	batch_time 0.08		data_time 0.01		loss 0.398	prec@1 87.66	prec@5 95.94	
Train: epoch-72 (4400/7410)	batch_time 0.08		data_time 0.01		loss 0.396	prec@1 87.62	prec@5 95.97	
Train: epoch-72 (4600/7410)	batch_time 0.08		data_time 0.01		loss 0.393	prec@1 87.41	prec@5 96.31	
Train: epoch-72 (4800/7410)	batch_time 0.08		data_time 0.01		loss 0.388	prec@1 87.78	prec@5 95.47	
Train: epoch-72 (5000/7410)	batch_time 0.08		data_time 0.01		loss 0.365	prec@1 88.53	prec@5 96.72	
Train: epoch-72 (5200/7410)	batch_time 0.08		data_time 0.01		loss 0.383	prec@1 88.19	prec@5 96.25	
Train: epoch-72 (5400/7410)	batch_time 0.08		data_time 0.01		loss 0.411	prec@1 87.50	prec@5 95.75	
Train: epoch-72 (5600/7410)	batch_time 0.08		data_time 0.01		loss 0.387	prec@1 88.56	prec@5 96.31	
Train: epoch-72 (5800/7410)	batch_time 0.08		data_time 0.01		loss 0.371	prec@1 88.31	prec@5 96.00	
Train: epoch-72 (6000/7410)	batch_time 0.08		data_time 0.01		loss 0.402	prec@1 87.12	prec@5 95.84	
Train: epoch-72 (6200/7410)	batch_time 0.08		data_time 0.01		loss 0.389	prec@1 88.03	prec@5 95.84	
Train: epoch-72 (6400/7410)	batch_time 0.08		data_time 0.01		loss 0.389	prec@1 88.22	prec@5 95.62	
Train: epoch-72 (6600/7410)	batch_time 0.08		data_time 0.01		loss 0.399	prec@1 87.50	prec@5 95.78	
Train: epoch-72 (6800/7410)	batch_time 0.08		data_time 0.01		loss 0.373	prec@1 88.59	prec@5 96.25	
Train: epoch-72 (7000/7410)	batch_time 0.08		data_time 0.01		loss 0.376	prec@1 88.47	prec@5 96.22	
Train: epoch-72 (7200/7410)	batch_time 0.08		data_time 0.01		loss 0.396	prec@1 87.09	prec@5 96.22	
Train: epoch-72 (7400/7410)	batch_time 0.08		data_time 0.01		loss 0.395	prec@1 87.41	prec@5 96.06	
Validate: Prec@1 95.25 Validate: Prec@5 99.77  Loss 0.162
Best Prec@1: 95.30

Train: epoch-73 (200/7410)	batch_time 0.19		data_time 0.12		loss 0.369	prec@1 88.62	prec@5 96.00	
Train: epoch-73 (400/7410)	batch_time 0.08		data_time 0.01		loss 0.395	prec@1 87.88	prec@5 96.09	
Train: epoch-73 (600/7410)	batch_time 0.08		data_time 0.01		loss 0.419	prec@1 87.25	prec@5 95.62	
Train: epoch-73 (800/7410)	batch_time 0.08		data_time 0.01		loss 0.405	prec@1 87.16	prec@5 95.44	
Train: epoch-73 (1000/7410)	batch_time 0.08		data_time 0.01		loss 0.369	prec@1 88.34	prec@5 96.16	
Train: epoch-73 (1200/7410)	batch_time 0.08		data_time 0.01		loss 0.380	prec@1 87.81	prec@5 95.88	
Train: epoch-73 (1400/7410)	batch_time 0.08		data_time 0.01		loss 0.392	prec@1 87.44	prec@5 96.22	
Train: epoch-73 (1600/7410)	batch_time 0.08		data_time 0.01		loss 0.399	prec@1 88.12	prec@5 95.94	
Train: epoch-73 (1800/7410)	batch_time 0.08		data_time 0.01		loss 0.385	prec@1 88.19	prec@5 96.38	
Train: epoch-73 (2000/7410)	batch_time 0.08		data_time 0.01		loss 0.379	prec@1 88.31	prec@5 95.62	
Train: epoch-73 (2200/7410)	batch_time 0.09		data_time 0.01		loss 0.391	prec@1 87.94	prec@5 95.88	
Train: epoch-73 (2400/7410)	batch_time 0.08		data_time 0.01		loss 0.391	prec@1 87.75	prec@5 95.81	
Train: epoch-73 (2600/7410)	batch_time 0.09		data_time 0.01		loss 0.380	prec@1 88.44	prec@5 96.41	
Train: epoch-73 (2800/7410)	batch_time 0.08		data_time 0.01		loss 0.370	prec@1 88.88	prec@5 95.66	
Train: epoch-73 (3000/7410)	batch_time 0.08		data_time 0.01		loss 0.373	prec@1 88.34	prec@5 95.94	
Train: epoch-73 (3200/7410)	batch_time 0.08		data_time 0.01		loss 0.385	prec@1 88.03	prec@5 96.47	
Train: epoch-73 (3400/7410)	batch_time 0.08		data_time 0.01		loss 0.390	prec@1 88.19	prec@5 95.66	
Train: epoch-73 (3600/7410)	batch_time 0.08		data_time 0.01		loss 0.392	prec@1 87.81	prec@5 96.78	
Train: epoch-73 (3800/7410)	batch_time 0.08		data_time 0.01		loss 0.370	prec@1 88.66	prec@5 95.97	
Train: epoch-73 (4000/7410)	batch_time 0.08		data_time 0.01		loss 0.401	prec@1 87.81	prec@5 95.91	
Train: epoch-73 (4200/7410)	batch_time 0.08		data_time 0.01		loss 0.377	prec@1 88.62	prec@5 96.44	
Train: epoch-73 (4400/7410)	batch_time 0.08		data_time 0.01		loss 0.385	prec@1 88.56	prec@5 95.88	
Train: epoch-73 (4600/7410)	batch_time 0.08		data_time 0.01		loss 0.378	prec@1 88.59	prec@5 96.19	
Train: epoch-73 (4800/7410)	batch_time 0.08		data_time 0.01		loss 0.392	prec@1 87.72	prec@5 95.47	
Train: epoch-73 (5000/7410)	batch_time 0.08		data_time 0.01		loss 0.412	prec@1 87.19	prec@5 95.25	
Train: epoch-73 (5200/7410)	batch_time 0.08		data_time 0.01		loss 0.377	prec@1 88.69	prec@5 96.41	
Train: epoch-73 (5400/7410)	batch_time 0.09		data_time 0.01		loss 0.408	prec@1 87.47	prec@5 95.44	
Train: epoch-73 (5600/7410)	batch_time 0.09		data_time 0.01		loss 0.360	prec@1 89.06	prec@5 96.34	
Train: epoch-73 (5800/7410)	batch_time 0.08		data_time 0.01		loss 0.406	prec@1 87.22	prec@5 96.41	
Train: epoch-73 (6000/7410)	batch_time 0.08		data_time 0.01		loss 0.387	prec@1 87.88	prec@5 96.03	
Train: epoch-73 (6200/7410)	batch_time 0.08		data_time 0.01		loss 0.358	prec@1 89.22	prec@5 95.91	
Train: epoch-73 (6400/7410)	batch_time 0.08		data_time 0.01		loss 0.363	prec@1 88.53	prec@5 97.09	
Train: epoch-73 (6600/7410)	batch_time 0.08		data_time 0.01		loss 0.408	prec@1 87.25	prec@5 95.84	
Train: epoch-73 (6800/7410)	batch_time 0.08		data_time 0.01		loss 0.410	prec@1 87.09	prec@5 95.72	
Train: epoch-73 (7000/7410)	batch_time 0.08		data_time 0.01		loss 0.390	prec@1 87.62	prec@5 95.75	
Train: epoch-73 (7200/7410)	batch_time 0.08		data_time 0.01		loss 0.378	prec@1 88.00	prec@5 96.47	
Train: epoch-73 (7400/7410)	batch_time 0.08		data_time 0.01		loss 0.394	prec@1 88.03	prec@5 95.56	
Validate: Prec@1 95.27 Validate: Prec@5 99.79  Loss 0.162
Best Prec@1: 95.30

Train: epoch-74 (200/7410)	batch_time 0.18		data_time 0.11		loss 0.377	prec@1 88.75	prec@5 96.41	
Train: epoch-74 (400/7410)	batch_time 0.08		data_time 0.01		loss 0.398	prec@1 87.22	prec@5 96.12	
Train: epoch-74 (600/7410)	batch_time 0.08		data_time 0.01		loss 0.379	prec@1 88.44	prec@5 96.03	
Train: epoch-74 (800/7410)	batch_time 0.08		data_time 0.01		loss 0.372	prec@1 88.28	prec@5 96.72	
Train: epoch-74 (1000/7410)	batch_time 0.08		data_time 0.01		loss 0.386	prec@1 88.12	prec@5 96.25	
Train: epoch-74 (1200/7410)	batch_time 0.08		data_time 0.01		loss 0.387	prec@1 87.50	prec@5 96.53	
Train: epoch-74 (1400/7410)	batch_time 0.08		data_time 0.01		loss 0.404	prec@1 87.69	prec@5 95.34	
Train: epoch-74 (1600/7410)	batch_time 0.08		data_time 0.01		loss 0.399	prec@1 87.34	prec@5 96.19	
Train: epoch-74 (1800/7410)	batch_time 0.09		data_time 0.01		loss 0.435	prec@1 86.62	prec@5 95.84	
Train: epoch-74 (2000/7410)	batch_time 0.08		data_time 0.01		loss 0.378	prec@1 88.47	prec@5 96.03	
Train: epoch-74 (2200/7410)	batch_time 0.08		data_time 0.01		loss 0.415	prec@1 87.12	prec@5 95.56	
Train: epoch-74 (2400/7410)	batch_time 0.08		data_time 0.01		loss 0.393	prec@1 87.44	prec@5 95.59	
Train: epoch-74 (2600/7410)	batch_time 0.08		data_time 0.01		loss 0.381	prec@1 88.09	prec@5 96.19	
Train: epoch-74 (2800/7410)	batch_time 0.08		data_time 0.01		loss 0.378	prec@1 88.41	prec@5 96.12	
Train: epoch-74 (3000/7410)	batch_time 0.08		data_time 0.01		loss 0.373	prec@1 88.25	prec@5 96.03	
Train: epoch-74 (3200/7410)	batch_time 0.08		data_time 0.01		loss 0.379	prec@1 88.34	prec@5 96.34	
Train: epoch-74 (3400/7410)	batch_time 0.08		data_time 0.01		loss 0.386	prec@1 87.53	prec@5 96.16	
Train: epoch-74 (3600/7410)	batch_time 0.08		data_time 0.01		loss 0.387	prec@1 87.88	prec@5 96.38	
Train: epoch-74 (3800/7410)	batch_time 0.08		data_time 0.01		loss 0.351	prec@1 89.03	prec@5 96.50	
Train: epoch-74 (4000/7410)	batch_time 0.08		data_time 0.01		loss 0.424	prec@1 87.66	prec@5 95.34	
Train: epoch-74 (4200/7410)	batch_time 0.09		data_time 0.01		loss 0.375	prec@1 88.12	prec@5 96.12	
Train: epoch-74 (4400/7410)	batch_time 0.08		data_time 0.01		loss 0.383	prec@1 87.94	prec@5 96.38	
Train: epoch-74 (4600/7410)	batch_time 0.08		data_time 0.01		loss 0.396	prec@1 87.81	prec@5 95.84	
Train: epoch-74 (4800/7410)	batch_time 0.08		data_time 0.01		loss 0.387	prec@1 87.75	prec@5 96.34	
Train: epoch-74 (5000/7410)	batch_time 0.08		data_time 0.01		loss 0.395	prec@1 87.78	prec@5 95.47	
Train: epoch-74 (5200/7410)	batch_time 0.08		data_time 0.01		loss 0.396	prec@1 88.34	prec@5 95.94	
Train: epoch-74 (5400/7410)	batch_time 0.08		data_time 0.01		loss 0.371	prec@1 88.03	prec@5 96.22	
Train: epoch-74 (5600/7410)	batch_time 0.08		data_time 0.01		loss 0.397	prec@1 87.69	prec@5 95.97	
Train: epoch-74 (5800/7410)	batch_time 0.08		data_time 0.01		loss 0.398	prec@1 87.94	prec@5 95.66	
Train: epoch-74 (6000/7410)	batch_time 0.08		data_time 0.01		loss 0.394	prec@1 87.66	prec@5 95.66	
Train: epoch-74 (6200/7410)	batch_time 0.08		data_time 0.01		loss 0.411	prec@1 87.03	prec@5 95.97	
Train: epoch-74 (6400/7410)	batch_time 0.08		data_time 0.01		loss 0.406	prec@1 87.00	prec@5 95.53	
Train: epoch-74 (6600/7410)	batch_time 0.08		data_time 0.01		loss 0.373	prec@1 88.16	prec@5 96.28	
Train: epoch-74 (6800/7410)	batch_time 0.08		data_time 0.01		loss 0.409	prec@1 87.62	prec@5 95.69	
Train: epoch-74 (7000/7410)	batch_time 0.08		data_time 0.01		loss 0.377	prec@1 88.56	prec@5 95.62	
Train: epoch-74 (7200/7410)	batch_time 0.08		data_time 0.01		loss 0.388	prec@1 87.97	prec@5 96.00	
Train: epoch-74 (7400/7410)	batch_time 0.08		data_time 0.01		loss 0.405	prec@1 87.16	prec@5 95.88	
Validate: Prec@1 95.30 Validate: Prec@5 99.78  Loss 0.162
Best Prec@1: 95.30

Train: epoch-75 (200/7410)	batch_time 0.20		data_time 0.12		loss 0.385	prec@1 87.94	prec@5 96.25	
Train: epoch-75 (400/7410)	batch_time 0.08		data_time 0.01		loss 0.381	prec@1 88.28	prec@5 96.00	
Train: epoch-75 (600/7410)	batch_time 0.08		data_time 0.01		loss 0.400	prec@1 88.12	prec@5 95.72	
Train: epoch-75 (800/7410)	batch_time 0.08		data_time 0.01		loss 0.400	prec@1 87.78	prec@5 95.72	
Train: epoch-75 (1000/7410)	batch_time 0.08		data_time 0.01		loss 0.386	prec@1 88.16	prec@5 95.56	
Train: epoch-75 (1200/7410)	batch_time 0.08		data_time 0.01		loss 0.375	prec@1 88.31	prec@5 96.22	
Train: epoch-75 (1400/7410)	batch_time 0.08		data_time 0.01		loss 0.383	prec@1 88.41	prec@5 96.69	
Train: epoch-75 (1600/7410)	batch_time 0.08		data_time 0.01		loss 0.368	prec@1 88.50	prec@5 96.16	
Train: epoch-75 (1800/7410)	batch_time 0.08		data_time 0.01		loss 0.365	prec@1 88.84	prec@5 96.31	
Train: epoch-75 (2000/7410)	batch_time 0.08		data_time 0.01		loss 0.378	prec@1 88.12	prec@5 95.91	
Train: epoch-75 (2200/7410)	batch_time 0.08		data_time 0.01		loss 0.374	prec@1 88.78	prec@5 95.97	
Train: epoch-75 (2400/7410)	batch_time 0.08		data_time 0.01		loss 0.417	prec@1 87.34	prec@5 95.34	
Train: epoch-75 (2600/7410)	batch_time 0.08		data_time 0.01		loss 0.372	prec@1 88.41	prec@5 96.03	
Train: epoch-75 (2800/7410)	batch_time 0.08		data_time 0.01		loss 0.383	prec@1 88.34	prec@5 95.47	
Train: epoch-75 (3000/7410)	batch_time 0.08		data_time 0.01		loss 0.406	prec@1 87.78	prec@5 95.09	
Train: epoch-75 (3200/7410)	batch_time 0.08		data_time 0.01		loss 0.391	prec@1 87.53	prec@5 96.19	
Train: epoch-75 (3400/7410)	batch_time 0.08		data_time 0.01		loss 0.367	prec@1 88.31	prec@5 96.22	
Train: epoch-75 (3600/7410)	batch_time 0.08		data_time 0.01		loss 0.387	prec@1 88.00	prec@5 95.91	
Train: epoch-75 (3800/7410)	batch_time 0.08		data_time 0.01		loss 0.367	prec@1 88.44	prec@5 96.56	
Train: epoch-75 (4000/7410)	batch_time 0.08		data_time 0.01		loss 0.406	prec@1 87.56	prec@5 95.66	
Train: epoch-75 (4200/7410)	batch_time 0.08		data_time 0.01		loss 0.387	prec@1 87.62	prec@5 95.50	
Train: epoch-75 (4400/7410)	batch_time 0.09		data_time 0.01		loss 0.394	prec@1 87.94	prec@5 95.91	
Train: epoch-75 (4600/7410)	batch_time 0.08		data_time 0.01		loss 0.413	prec@1 86.94	prec@5 95.78	
Train: epoch-75 (4800/7410)	batch_time 0.08		data_time 0.01		loss 0.390	prec@1 87.72	prec@5 96.00	
Train: epoch-75 (5000/7410)	batch_time 0.08		data_time 0.01		loss 0.358	prec@1 89.09	prec@5 96.25	
Train: epoch-75 (5200/7410)	batch_time 0.08		data_time 0.01		loss 0.361	prec@1 89.38	prec@5 96.12	
Train: epoch-75 (5400/7410)	batch_time 0.08		data_time 0.01		loss 0.393	prec@1 88.00	prec@5 95.75	
Train: epoch-75 (5600/7410)	batch_time 0.08		data_time 0.01		loss 0.390	prec@1 88.03	prec@5 95.94	
Train: epoch-75 (5800/7410)	batch_time 0.08		data_time 0.01		loss 0.364	prec@1 88.50	prec@5 96.06	
Train: epoch-75 (6000/7410)	batch_time 0.08		data_time 0.01		loss 0.397	prec@1 87.75	prec@5 95.88	
Train: epoch-75 (6200/7410)	batch_time 0.08		data_time 0.01		loss 0.366	prec@1 88.75	prec@5 96.31	
Train: epoch-75 (6400/7410)	batch_time 0.08		data_time 0.01		loss 0.392	prec@1 87.56	prec@5 96.09	
Train: epoch-75 (6600/7410)	batch_time 0.08		data_time 0.01		loss 0.417	prec@1 87.16	prec@5 95.62	
Train: epoch-75 (6800/7410)	batch_time 0.08		data_time 0.01		loss 0.387	prec@1 88.16	prec@5 96.12	
Train: epoch-75 (7000/7410)	batch_time 0.08		data_time 0.01		loss 0.400	prec@1 87.41	prec@5 96.22	
Train: epoch-75 (7200/7410)	batch_time 0.08		data_time 0.01		loss 0.410	prec@1 87.81	prec@5 95.75	
Train: epoch-75 (7400/7410)	batch_time 0.08		data_time 0.01		loss 0.360	prec@1 88.94	prec@5 96.34	
Validate: Prec@1 95.33 Validate: Prec@5 99.80  Loss 0.161
Best Prec@1: 95.33

Train: epoch-76 (200/7410)	batch_time 0.18		data_time 0.11		loss 0.406	prec@1 87.06	prec@5 95.69	
Train: epoch-76 (400/7410)	batch_time 0.08		data_time 0.01		loss 0.385	prec@1 87.81	prec@5 96.12	
Train: epoch-76 (600/7410)	batch_time 0.08		data_time 0.01		loss 0.368	prec@1 88.47	prec@5 95.97	
Train: epoch-76 (800/7410)	batch_time 0.08		data_time 0.01		loss 0.377	prec@1 88.34	prec@5 95.53	
Train: epoch-76 (1000/7410)	batch_time 0.08		data_time 0.01		loss 0.383	prec@1 87.75	prec@5 96.09	
Train: epoch-76 (1200/7410)	batch_time 0.08		data_time 0.01		loss 0.373	prec@1 88.22	prec@5 96.06	
Train: epoch-76 (1400/7410)	batch_time 0.08		data_time 0.01		loss 0.378	prec@1 88.28	prec@5 96.22	
Train: epoch-76 (1600/7410)	batch_time 0.08		data_time 0.01		loss 0.386	prec@1 88.12	prec@5 96.03	
Train: epoch-76 (1800/7410)	batch_time 0.08		data_time 0.01		loss 0.359	prec@1 88.62	prec@5 96.75	
Train: epoch-76 (2000/7410)	batch_time 0.08		data_time 0.01		loss 0.374	prec@1 88.59	prec@5 96.00	
Train: epoch-76 (2200/7410)	batch_time 0.08		data_time 0.01		loss 0.418	prec@1 87.41	prec@5 95.38	
Train: epoch-76 (2400/7410)	batch_time 0.08		data_time 0.01		loss 0.416	prec@1 87.12	prec@5 95.72	
Train: epoch-76 (2600/7410)	batch_time 0.08		data_time 0.01		loss 0.385	prec@1 87.78	prec@5 96.22	
Train: epoch-76 (2800/7410)	batch_time 0.08		data_time 0.01		loss 0.393	prec@1 87.78	prec@5 95.94	
Train: epoch-76 (3000/7410)	batch_time 0.08		data_time 0.01		loss 0.394	prec@1 88.00	prec@5 96.28	
Train: epoch-76 (3200/7410)	batch_time 0.08		data_time 0.01		loss 0.385	prec@1 87.72	prec@5 96.31	
Train: epoch-76 (3400/7410)	batch_time 0.08		data_time 0.01		loss 0.391	prec@1 88.03	prec@5 95.91	
Train: epoch-76 (3600/7410)	batch_time 0.08		data_time 0.01		loss 0.350	prec@1 89.59	prec@5 96.31	
Train: epoch-76 (3800/7410)	batch_time 0.08		data_time 0.01		loss 0.405	prec@1 87.38	prec@5 96.41	
Train: epoch-76 (4000/7410)	batch_time 0.08		data_time 0.01		loss 0.357	prec@1 88.44	prec@5 96.97	
Train: epoch-76 (4200/7410)	batch_time 0.08		data_time 0.01		loss 0.368	prec@1 88.62	prec@5 96.34	
Train: epoch-76 (4400/7410)	batch_time 0.08		data_time 0.01		loss 0.358	prec@1 88.78	prec@5 96.75	
Train: epoch-76 (4600/7410)	batch_time 0.08		data_time 0.01		loss 0.424	prec@1 86.75	prec@5 95.91	
Train: epoch-76 (4800/7410)	batch_time 0.08		data_time 0.01		loss 0.382	prec@1 88.16	prec@5 96.00	
Train: epoch-76 (5000/7410)	batch_time 0.08		data_time 0.01		loss 0.378	prec@1 88.16	prec@5 96.41	
Train: epoch-76 (5200/7410)	batch_time 0.08		data_time 0.01		loss 0.397	prec@1 87.38	prec@5 95.75	
Train: epoch-76 (5400/7410)	batch_time 0.08		data_time 0.01		loss 0.400	prec@1 87.44	prec@5 95.78	
Train: epoch-76 (5600/7410)	batch_time 0.08		data_time 0.01		loss 0.377	prec@1 88.66	prec@5 96.53	
Train: epoch-76 (5800/7410)	batch_time 0.08		data_time 0.01		loss 0.399	prec@1 87.38	prec@5 95.91	
Train: epoch-76 (6000/7410)	batch_time 0.08		data_time 0.01		loss 0.429	prec@1 86.94	prec@5 95.06	
Train: epoch-76 (6200/7410)	batch_time 0.08		data_time 0.01		loss 0.404	prec@1 87.62	prec@5 95.56	
Train: epoch-76 (6400/7410)	batch_time 0.08		data_time 0.01		loss 0.396	prec@1 87.88	prec@5 95.56	
Train: epoch-76 (6600/7410)	batch_time 0.08		data_time 0.01		loss 0.413	prec@1 87.03	prec@5 95.78	
Train: epoch-76 (6800/7410)	batch_time 0.08		data_time 0.01		loss 0.376	prec@1 88.22	prec@5 96.34	
Train: epoch-76 (7000/7410)	batch_time 0.08		data_time 0.01		loss 0.418	prec@1 87.34	prec@5 95.59	
Train: epoch-76 (7200/7410)	batch_time 0.08		data_time 0.01		loss 0.388	prec@1 87.69	prec@5 96.12	
Train: epoch-76 (7400/7410)	batch_time 0.08		data_time 0.01		loss 0.374	prec@1 88.47	prec@5 96.12	
Validate: Prec@1 95.27 Validate: Prec@5 99.78  Loss 0.162
Best Prec@1: 95.33

Train: epoch-77 (200/7410)	batch_time 0.19		data_time 0.11		loss 0.359	prec@1 88.97	prec@5 96.22	
Train: epoch-77 (400/7410)	batch_time 0.08		data_time 0.01		loss 0.402	prec@1 87.66	prec@5 96.06	
Train: epoch-77 (600/7410)	batch_time 0.08		data_time 0.01		loss 0.388	prec@1 87.66	prec@5 95.81	
Train: epoch-77 (800/7410)	batch_time 0.08		data_time 0.01		loss 0.382	prec@1 87.91	prec@5 96.25	
Train: epoch-77 (1000/7410)	batch_time 0.08		data_time 0.01		loss 0.385	prec@1 88.12	prec@5 95.94	
Train: epoch-77 (1200/7410)	batch_time 0.08		data_time 0.01		loss 0.366	prec@1 88.78	prec@5 96.38	
Train: epoch-77 (1400/7410)	batch_time 0.08		data_time 0.01		loss 0.403	prec@1 87.25	prec@5 96.25	
Train: epoch-77 (1600/7410)	batch_time 0.08		data_time 0.01		loss 0.379	prec@1 88.53	prec@5 96.09	
Train: epoch-77 (1800/7410)	batch_time 0.08		data_time 0.01		loss 0.374	prec@1 88.31	prec@5 96.34	
Train: epoch-77 (2000/7410)	batch_time 0.08		data_time 0.01		loss 0.383	prec@1 88.06	prec@5 96.12	
Train: epoch-77 (2200/7410)	batch_time 0.08		data_time 0.01		loss 0.376	prec@1 87.84	prec@5 95.88	
Train: epoch-77 (2400/7410)	batch_time 0.08		data_time 0.01		loss 0.387	prec@1 88.41	prec@5 96.03	
Train: epoch-77 (2600/7410)	batch_time 0.08		data_time 0.01		loss 0.403	prec@1 87.84	prec@5 95.72	
Train: epoch-77 (2800/7410)	batch_time 0.08		data_time 0.01		loss 0.400	prec@1 87.28	prec@5 95.91	
Train: epoch-77 (3000/7410)	batch_time 0.08		data_time 0.01		loss 0.382	prec@1 88.16	prec@5 95.81	
Train: epoch-77 (3200/7410)	batch_time 0.08		data_time 0.01		loss 0.388	prec@1 88.16	prec@5 96.12	
Train: epoch-77 (3400/7410)	batch_time 0.08		data_time 0.01		loss 0.403	prec@1 88.03	prec@5 95.66	
Train: epoch-77 (3600/7410)	batch_time 0.08		data_time 0.01		loss 0.389	prec@1 88.09	prec@5 95.62	
Train: epoch-77 (3800/7410)	batch_time 0.08		data_time 0.01		loss 0.411	prec@1 87.06	prec@5 95.84	
Train: epoch-77 (4000/7410)	batch_time 0.08		data_time 0.01		loss 0.404	prec@1 87.06	prec@5 95.81	
Train: epoch-77 (4200/7410)	batch_time 0.08		data_time 0.01		loss 0.341	prec@1 89.19	prec@5 96.31	
Train: epoch-77 (4400/7410)	batch_time 0.08		data_time 0.01		loss 0.396	prec@1 87.69	prec@5 95.75	
Train: epoch-77 (4600/7410)	batch_time 0.08		data_time 0.01		loss 0.432	prec@1 86.88	prec@5 94.94	
Train: epoch-77 (4800/7410)	batch_time 0.09		data_time 0.01		loss 0.393	prec@1 87.72	prec@5 95.69	
Train: epoch-77 (5000/7410)	batch_time 0.08		data_time 0.01		loss 0.363	prec@1 89.00	prec@5 96.09	
Train: epoch-77 (5200/7410)	batch_time 0.08		data_time 0.01		loss 0.388	prec@1 87.88	prec@5 96.09	
Train: epoch-77 (5400/7410)	batch_time 0.08		data_time 0.01		loss 0.397	prec@1 87.66	prec@5 96.19	
Train: epoch-77 (5600/7410)	batch_time 0.08		data_time 0.01		loss 0.404	prec@1 87.56	prec@5 95.69	
Train: epoch-77 (5800/7410)	batch_time 0.08		data_time 0.01		loss 0.425	prec@1 86.84	prec@5 95.34	
Train: epoch-77 (6000/7410)	batch_time 0.08		data_time 0.01		loss 0.380	prec@1 88.19	prec@5 96.34	
Train: epoch-77 (6200/7410)	batch_time 0.08		data_time 0.01		loss 0.371	prec@1 88.72	prec@5 96.44	
Train: epoch-77 (6400/7410)	batch_time 0.08		data_time 0.01		loss 0.372	prec@1 88.03	prec@5 96.22	
Train: epoch-77 (6600/7410)	batch_time 0.08		data_time 0.01		loss 0.379	prec@1 87.66	prec@5 96.28	
Train: epoch-77 (6800/7410)	batch_time 0.08		data_time 0.01		loss 0.391	prec@1 87.81	prec@5 95.97	
Train: epoch-77 (7000/7410)	batch_time 0.08		data_time 0.01		loss 0.365	prec@1 88.88	prec@5 96.12	
Train: epoch-77 (7200/7410)	batch_time 0.08		data_time 0.01		loss 0.389	prec@1 87.31	prec@5 95.81	
Train: epoch-77 (7400/7410)	batch_time 0.08		data_time 0.01		loss 0.388	prec@1 87.81	prec@5 96.00	
Validate: Prec@1 95.27 Validate: Prec@5 99.80  Loss 0.161
Best Prec@1: 95.33

Train: epoch-78 (200/7410)	batch_time 0.19		data_time 0.11		loss 0.397	prec@1 87.56	prec@5 95.53	
Train: epoch-78 (400/7410)	batch_time 0.08		data_time 0.01		loss 0.391	prec@1 87.81	prec@5 95.75	
Train: epoch-78 (600/7410)	batch_time 0.08		data_time 0.01		loss 0.353	prec@1 88.91	prec@5 96.31	
Train: epoch-78 (800/7410)	batch_time 0.08		data_time 0.01		loss 0.379	prec@1 88.19	prec@5 96.06	
Train: epoch-78 (1000/7410)	batch_time 0.08		data_time 0.01		loss 0.407	prec@1 87.91	prec@5 95.38	
Train: epoch-78 (1200/7410)	batch_time 0.08		data_time 0.01		loss 0.381	prec@1 88.09	prec@5 96.12	
Train: epoch-78 (1400/7410)	batch_time 0.08		data_time 0.01		loss 0.388	prec@1 88.28	prec@5 95.78	
Train: epoch-78 (1600/7410)	batch_time 0.08		data_time 0.01		loss 0.385	prec@1 88.59	prec@5 95.72	
Train: epoch-78 (1800/7410)	batch_time 0.08		data_time 0.01		loss 0.363	prec@1 88.91	prec@5 96.72	
Train: epoch-78 (2000/7410)	batch_time 0.08		data_time 0.01		loss 0.385	prec@1 88.22	prec@5 95.97	
Train: epoch-78 (2200/7410)	batch_time 0.08		data_time 0.01		loss 0.378	prec@1 87.78	prec@5 96.34	
Train: epoch-78 (2400/7410)	batch_time 0.08		data_time 0.01		loss 0.394	prec@1 87.81	prec@5 96.38	
Train: epoch-78 (2600/7410)	batch_time 0.08		data_time 0.01		loss 0.406	prec@1 87.59	prec@5 95.84	
Train: epoch-78 (2800/7410)	batch_time 0.09		data_time 0.01		loss 0.375	prec@1 87.94	prec@5 96.06	
Train: epoch-78 (3000/7410)	batch_time 0.08		data_time 0.01		loss 0.389	prec@1 87.78	prec@5 96.03	
Train: epoch-78 (3200/7410)	batch_time 0.08		data_time 0.01		loss 0.362	prec@1 88.28	prec@5 96.41	
Train: epoch-78 (3400/7410)	batch_time 0.08		data_time 0.01		loss 0.384	prec@1 88.28	prec@5 96.03	
Train: epoch-78 (3600/7410)	batch_time 0.08		data_time 0.01		loss 0.384	prec@1 87.75	prec@5 96.34	
Train: epoch-78 (3800/7410)	batch_time 0.08		data_time 0.01		loss 0.395	prec@1 87.84	prec@5 95.91	
Train: epoch-78 (4000/7410)	batch_time 0.08		data_time 0.01		loss 0.390	prec@1 88.03	prec@5 95.91	
Train: epoch-78 (4200/7410)	batch_time 0.08		data_time 0.01		loss 0.403	prec@1 87.81	prec@5 95.94	
Train: epoch-78 (4400/7410)	batch_time 0.08		data_time 0.01		loss 0.387	prec@1 87.62	prec@5 95.66	
Train: epoch-78 (4600/7410)	batch_time 0.08		data_time 0.01		loss 0.373	prec@1 88.72	prec@5 96.41	
Train: epoch-78 (4800/7410)	batch_time 0.08		data_time 0.01		loss 0.388	prec@1 88.38	prec@5 96.09	
Train: epoch-78 (5000/7410)	batch_time 0.08		data_time 0.01		loss 0.377	prec@1 88.38	prec@5 96.12	
Train: epoch-78 (5200/7410)	batch_time 0.08		data_time 0.01		loss 0.396	prec@1 87.53	prec@5 95.97	
Train: epoch-78 (5400/7410)	batch_time 0.08		data_time 0.01		loss 0.379	prec@1 88.47	prec@5 95.97	
Train: epoch-78 (5600/7410)	batch_time 0.08		data_time 0.01		loss 0.391	prec@1 87.56	prec@5 95.69	
Train: epoch-78 (5800/7410)	batch_time 0.08		data_time 0.01		loss 0.369	prec@1 88.78	prec@5 96.47	
Train: epoch-78 (6000/7410)	batch_time 0.08		data_time 0.01		loss 0.389	prec@1 87.91	prec@5 96.31	
Train: epoch-78 (6200/7410)	batch_time 0.09		data_time 0.01		loss 0.391	prec@1 87.66	prec@5 95.50	
Train: epoch-78 (6400/7410)	batch_time 0.08		data_time 0.01		loss 0.364	prec@1 88.81	prec@5 95.91	
Train: epoch-78 (6600/7410)	batch_time 0.08		data_time 0.01		loss 0.399	prec@1 87.47	prec@5 95.88	
Train: epoch-78 (6800/7410)	batch_time 0.08		data_time 0.01		loss 0.374	prec@1 88.16	prec@5 96.19	
Train: epoch-78 (7000/7410)	batch_time 0.08		data_time 0.01		loss 0.344	prec@1 89.34	prec@5 96.66	
Train: epoch-78 (7200/7410)	batch_time 0.08		data_time 0.01		loss 0.377	prec@1 88.31	prec@5 96.53	
Train: epoch-78 (7400/7410)	batch_time 0.08		data_time 0.01		loss 0.386	prec@1 88.19	prec@5 96.16	
Validate: Prec@1 95.34 Validate: Prec@5 99.80  Loss 0.161
Best Prec@1: 95.34

Train: epoch-79 (200/7410)	batch_time 0.19		data_time 0.12		loss 0.411	prec@1 87.12	prec@5 95.59	
Train: epoch-79 (400/7410)	batch_time 0.08		data_time 0.01		loss 0.392	prec@1 87.84	prec@5 95.97	
Train: epoch-79 (600/7410)	batch_time 0.08		data_time 0.01		loss 0.394	prec@1 87.06	prec@5 95.56	
Train: epoch-79 (800/7410)	batch_time 0.08		data_time 0.01		loss 0.383	prec@1 88.09	prec@5 95.66	
Train: epoch-79 (1000/7410)	batch_time 0.08		data_time 0.01		loss 0.391	prec@1 87.62	prec@5 95.81	
Train: epoch-79 (1200/7410)	batch_time 0.08		data_time 0.01		loss 0.398	prec@1 87.41	prec@5 96.03	
Train: epoch-79 (1400/7410)	batch_time 0.09		data_time 0.01		loss 0.390	prec@1 87.59	prec@5 95.91	
Train: epoch-79 (1600/7410)	batch_time 0.08		data_time 0.01		loss 0.370	prec@1 89.06	prec@5 96.16	
Train: epoch-79 (1800/7410)	batch_time 0.08		data_time 0.01		loss 0.393	prec@1 87.78	prec@5 95.84	
Train: epoch-79 (2000/7410)	batch_time 0.08		data_time 0.01		loss 0.368	prec@1 89.03	prec@5 95.81	
Train: epoch-79 (2200/7410)	batch_time 0.08		data_time 0.01		loss 0.392	prec@1 87.25	prec@5 95.88	
Train: epoch-79 (2400/7410)	batch_time 0.08		data_time 0.01		loss 0.381	prec@1 88.34	prec@5 95.91	
Train: epoch-79 (2600/7410)	batch_time 0.09		data_time 0.01		loss 0.390	prec@1 87.66	prec@5 96.19	
Train: epoch-79 (2800/7410)	batch_time 0.08		data_time 0.01		loss 0.400	prec@1 87.62	prec@5 95.41	
Train: epoch-79 (3000/7410)	batch_time 0.08		data_time 0.01		loss 0.377	prec@1 88.28	prec@5 96.22	
Train: epoch-79 (3200/7410)	batch_time 0.08		data_time 0.01		loss 0.370	prec@1 88.97	prec@5 95.69	
Train: epoch-79 (3400/7410)	batch_time 0.08		data_time 0.01		loss 0.372	prec@1 88.53	prec@5 96.00	
Train: epoch-79 (3600/7410)	batch_time 0.08		data_time 0.01		loss 0.399	prec@1 87.72	prec@5 95.84	
Train: epoch-79 (3800/7410)	batch_time 0.08		data_time 0.01		loss 0.364	prec@1 88.88	prec@5 96.06	
Train: epoch-79 (4000/7410)	batch_time 0.08		data_time 0.01		loss 0.392	prec@1 88.00	prec@5 95.38	
Train: epoch-79 (4200/7410)	batch_time 0.08		data_time 0.01		loss 0.398	prec@1 87.25	prec@5 96.09	
Train: epoch-79 (4400/7410)	batch_time 0.08		data_time 0.01		loss 0.373	prec@1 88.31	prec@5 96.16	
Train: epoch-79 (4600/7410)	batch_time 0.08		data_time 0.01		loss 0.389	prec@1 87.56	prec@5 95.81	
Train: epoch-79 (4800/7410)	batch_time 0.08		data_time 0.01		loss 0.383	prec@1 87.94	prec@5 95.72	
Train: epoch-79 (5000/7410)	batch_time 0.08		data_time 0.01		loss 0.359	prec@1 89.09	prec@5 96.38	
Train: epoch-79 (5200/7410)	batch_time 0.08		data_time 0.01		loss 0.361	prec@1 88.38	prec@5 96.22	
Train: epoch-79 (5400/7410)	batch_time 0.08		data_time 0.01		loss 0.375	prec@1 88.41	prec@5 96.06	
Train: epoch-79 (5600/7410)	batch_time 0.08		data_time 0.01		loss 0.395	prec@1 87.94	prec@5 95.66	
Train: epoch-79 (5800/7410)	batch_time 0.08		data_time 0.01		loss 0.397	prec@1 87.47	prec@5 95.84	
Train: epoch-79 (6000/7410)	batch_time 0.08		data_time 0.01		loss 0.380	prec@1 88.59	prec@5 95.97	
Train: epoch-79 (6200/7410)	batch_time 0.08		data_time 0.01		loss 0.386	prec@1 88.19	prec@5 95.81	
Train: epoch-79 (6400/7410)	batch_time 0.09		data_time 0.01		loss 0.374	prec@1 88.41	prec@5 96.00	
Train: epoch-79 (6600/7410)	batch_time 0.08		data_time 0.01		loss 0.399	prec@1 87.97	prec@5 95.84	
Train: epoch-79 (6800/7410)	batch_time 0.08		data_time 0.01		loss 0.383	prec@1 88.19	prec@5 96.25	
Train: epoch-79 (7000/7410)	batch_time 0.08		data_time 0.01		loss 0.371	prec@1 88.88	prec@5 96.12	
Train: epoch-79 (7200/7410)	batch_time 0.08		data_time 0.01		loss 0.390	prec@1 87.97	prec@5 95.69	
Train: epoch-79 (7400/7410)	batch_time 0.08		data_time 0.01		loss 0.389	prec@1 87.72	prec@5 95.91	
Validate: Prec@1 95.33 Validate: Prec@5 99.80  Loss 0.161
Best Prec@1: 95.34

