Train: epoch-0 (200/7410)	batch_time 0.22		data_time 0.14		loss 3.284	prec@1 8.06	prec@5 25.59	
Train: epoch-0 (400/7410)	batch_time 0.08		data_time 0.01		loss 3.154	prec@1 10.41	prec@5 33.50	
Train: epoch-0 (600/7410)	batch_time 0.09		data_time 0.01		loss 2.821	prec@1 19.59	prec@5 50.34	
Train: epoch-0 (800/7410)	batch_time 0.08		data_time 0.01		loss 2.408	prec@1 27.84	prec@5 65.91	
Train: epoch-0 (1000/7410)	batch_time 0.09		data_time 0.01		loss 2.218	prec@1 32.09	prec@5 70.34	
Train: epoch-0 (1200/7410)	batch_time 0.09		data_time 0.01		loss 2.032	prec@1 38.44	prec@5 76.09	
Train: epoch-0 (1400/7410)	batch_time 0.09		data_time 0.01		loss 1.868	prec@1 43.03	prec@5 78.81	
Train: epoch-0 (1600/7410)	batch_time 0.09		data_time 0.01		loss 1.731	prec@1 47.00	prec@5 81.59	
Train: epoch-0 (1800/7410)	batch_time 0.10		data_time 0.01		loss 1.620	prec@1 50.41	prec@5 83.53	
Train: epoch-0 (2000/7410)	batch_time 0.11		data_time 0.01		loss 1.572	prec@1 52.50	prec@5 83.41	
Train: epoch-0 (2200/7410)	batch_time 0.12		data_time 0.01		loss 1.463	prec@1 55.25	prec@5 84.31	
Train: epoch-0 (2400/7410)	batch_time 0.08		data_time 0.01		loss 1.445	prec@1 55.72	prec@5 85.00	
Train: epoch-0 (2600/7410)	batch_time 0.09		data_time 0.01		loss 1.426	prec@1 57.84	prec@5 84.44	
Train: epoch-0 (2800/7410)	batch_time 0.08		data_time 0.01		loss 1.372	prec@1 58.81	prec@5 85.50	
Train: epoch-0 (3000/7410)	batch_time 0.08		data_time 0.01		loss 1.318	prec@1 60.69	prec@5 86.41	
Train: epoch-0 (3200/7410)	batch_time 0.10		data_time 0.01		loss 1.307	prec@1 60.78	prec@5 86.03	
Train: epoch-0 (3400/7410)	batch_time 0.11		data_time 0.01		loss 1.277	prec@1 61.56	prec@5 86.84	
Train: epoch-0 (3600/7410)	batch_time 0.11		data_time 0.01		loss 1.254	prec@1 61.97	prec@5 87.06	
Train: epoch-0 (3800/7410)	batch_time 0.11		data_time 0.01		loss 1.224	prec@1 61.97	prec@5 87.81	
Train: epoch-0 (4000/7410)	batch_time 0.11		data_time 0.01		loss 1.216	prec@1 63.22	prec@5 87.66	
Train: epoch-0 (4200/7410)	batch_time 0.12		data_time 0.01		loss 1.233	prec@1 63.31	prec@5 87.31	
Train: epoch-0 (4400/7410)	batch_time 0.12		data_time 0.01		loss 1.202	prec@1 64.00	prec@5 88.06	
Train: epoch-0 (4600/7410)	batch_time 0.12		data_time 0.01		loss 1.164	prec@1 65.59	prec@5 88.16	
Train: epoch-0 (4800/7410)	batch_time 0.12		data_time 0.02		loss 1.174	prec@1 64.81	prec@5 88.38	
Train: epoch-0 (5000/7410)	batch_time 0.11		data_time 0.01		loss 1.178	prec@1 64.81	prec@5 87.66	
Train: epoch-0 (5200/7410)	batch_time 0.12		data_time 0.01		loss 1.128	prec@1 64.91	prec@5 89.59	
Train: epoch-0 (5400/7410)	batch_time 0.12		data_time 0.01		loss 1.135	prec@1 65.97	prec@5 88.31	
Train: epoch-0 (5600/7410)	batch_time 0.11		data_time 0.01		loss 1.119	prec@1 65.81	prec@5 88.75	
Train: epoch-0 (5800/7410)	batch_time 0.12		data_time 0.01		loss 1.099	prec@1 67.44	prec@5 88.38	
Train: epoch-0 (6000/7410)	batch_time 0.11		data_time 0.01		loss 1.093	prec@1 66.78	prec@5 88.62	
Train: epoch-0 (6200/7410)	batch_time 0.11		data_time 0.01		loss 1.036	prec@1 68.62	prec@5 89.28	
Train: epoch-0 (6400/7410)	batch_time 0.11		data_time 0.01		loss 1.077	prec@1 66.53	prec@5 88.59	
Train: epoch-0 (6600/7410)	batch_time 0.11		data_time 0.01		loss 1.077	prec@1 67.28	prec@5 89.16	
Train: epoch-0 (6800/7410)	batch_time 0.11		data_time 0.01		loss 1.087	prec@1 67.03	prec@5 88.88	
Train: epoch-0 (7000/7410)	batch_time 0.11		data_time 0.01		loss 1.018	prec@1 69.09	prec@5 89.78	
Train: epoch-0 (7200/7410)	batch_time 0.11		data_time 0.01		loss 0.996	prec@1 70.06	prec@5 89.81	
Train: epoch-0 (7400/7410)	batch_time 0.11		data_time 0.01		loss 1.034	prec@1 69.19	prec@5 89.41	
Validate: Prec@1 82.81 Validate: Prec@5 97.88  Loss 0.560
Best Prec@1: 82.81

Train: epoch-1 (200/7410)	batch_time 0.23		data_time 0.13		loss 1.031	prec@1 68.81	prec@5 89.91	
Train: epoch-1 (400/7410)	batch_time 0.11		data_time 0.01		loss 1.014	prec@1 69.06	prec@5 89.56	
Train: epoch-1 (600/7410)	batch_time 0.11		data_time 0.01		loss 0.980	prec@1 69.81	prec@5 89.75	
Train: epoch-1 (800/7410)	batch_time 0.11		data_time 0.01		loss 0.960	prec@1 71.09	prec@5 90.41	
Train: epoch-1 (1000/7410)	batch_time 0.11		data_time 0.01		loss 1.044	prec@1 68.84	prec@5 89.66	
Train: epoch-1 (1200/7410)	batch_time 0.11		data_time 0.01		loss 1.003	prec@1 69.25	prec@5 89.47	
Train: epoch-1 (1400/7410)	batch_time 0.11		data_time 0.01		loss 0.976	prec@1 70.91	prec@5 90.34	
Train: epoch-1 (1600/7410)	batch_time 0.11		data_time 0.01		loss 0.974	prec@1 70.91	prec@5 89.59	
Train: epoch-1 (1800/7410)	batch_time 0.11		data_time 0.01		loss 0.961	prec@1 70.53	prec@5 91.03	
Train: epoch-1 (2000/7410)	batch_time 0.11		data_time 0.01		loss 0.944	prec@1 71.88	prec@5 90.38	
Train: epoch-1 (2200/7410)	batch_time 0.11		data_time 0.01		loss 0.929	prec@1 72.12	prec@5 91.28	
Train: epoch-1 (2400/7410)	batch_time 0.11		data_time 0.01		loss 0.957	prec@1 71.12	prec@5 90.50	
Train: epoch-1 (2600/7410)	batch_time 0.11		data_time 0.01		loss 0.936	prec@1 71.47	prec@5 91.12	
Train: epoch-1 (2800/7410)	batch_time 0.11		data_time 0.01		loss 0.956	prec@1 70.44	prec@5 90.25	
Train: epoch-1 (3000/7410)	batch_time 0.11		data_time 0.01		loss 0.919	prec@1 72.00	prec@5 91.06	
Train: epoch-1 (3200/7410)	batch_time 0.11		data_time 0.01		loss 0.958	prec@1 71.12	prec@5 90.84	
Train: epoch-1 (3400/7410)	batch_time 0.11		data_time 0.01		loss 0.929	prec@1 71.94	prec@5 90.41	
Train: epoch-1 (3600/7410)	batch_time 0.11		data_time 0.01		loss 0.931	prec@1 72.00	prec@5 89.94	
Train: epoch-1 (3800/7410)	batch_time 0.10		data_time 0.01		loss 0.986	prec@1 69.56	prec@5 90.47	
Train: epoch-1 (4000/7410)	batch_time 0.09		data_time 0.01		loss 0.976	prec@1 70.91	prec@5 90.03	
Train: epoch-1 (4200/7410)	batch_time 0.12		data_time 0.01		loss 0.943	prec@1 72.00	prec@5 90.16	
Train: epoch-1 (4400/7410)	batch_time 0.12		data_time 0.02		loss 0.892	prec@1 72.97	prec@5 91.56	
Train: epoch-1 (4600/7410)	batch_time 0.12		data_time 0.02		loss 0.921	prec@1 72.00	prec@5 90.31	
Train: epoch-1 (4800/7410)	batch_time 0.10		data_time 0.01		loss 0.917	prec@1 72.75	prec@5 91.19	
Train: epoch-1 (5000/7410)	batch_time 0.10		data_time 0.01		loss 0.936	prec@1 71.28	prec@5 90.47	
Train: epoch-1 (5200/7410)	batch_time 0.11		data_time 0.01		loss 0.907	prec@1 72.81	prec@5 91.72	
Train: epoch-1 (5400/7410)	batch_time 0.11		data_time 0.01		loss 0.897	prec@1 72.72	prec@5 91.50	
Train: epoch-1 (5600/7410)	batch_time 0.11		data_time 0.01		loss 0.921	prec@1 72.31	prec@5 90.72	
Train: epoch-1 (5800/7410)	batch_time 0.11		data_time 0.01		loss 0.898	prec@1 73.16	prec@5 91.09	
Train: epoch-1 (6000/7410)	batch_time 0.11		data_time 0.01		loss 0.899	prec@1 73.19	prec@5 91.44	
Train: epoch-1 (6200/7410)	batch_time 0.11		data_time 0.01		loss 0.901	prec@1 73.47	prec@5 90.91	
Train: epoch-1 (6400/7410)	batch_time 0.11		data_time 0.01		loss 0.926	prec@1 72.25	prec@5 90.41	
Train: epoch-1 (6600/7410)	batch_time 0.11		data_time 0.01		loss 0.942	prec@1 71.84	prec@5 90.75	
Train: epoch-1 (6800/7410)	batch_time 0.11		data_time 0.01		loss 0.890	prec@1 72.84	prec@5 90.78	
Train: epoch-1 (7000/7410)	batch_time 0.11		data_time 0.01		loss 0.850	prec@1 74.34	prec@5 92.19	
Train: epoch-1 (7200/7410)	batch_time 0.11		data_time 0.01		loss 0.884	prec@1 72.94	prec@5 91.97	
Train: epoch-1 (7400/7410)	batch_time 0.11		data_time 0.01		loss 0.818	prec@1 75.09	prec@5 92.22	
Validate: Prec@1 87.95 Validate: Prec@5 98.78  Loss 0.391
Best Prec@1: 87.95

Train: epoch-2 (200/7410)	batch_time 0.23		data_time 0.13		loss 0.802	prec@1 75.09	prec@5 91.84	
Train: epoch-2 (400/7410)	batch_time 0.11		data_time 0.01		loss 0.865	prec@1 73.97	prec@5 90.94	
Train: epoch-2 (600/7410)	batch_time 0.11		data_time 0.01		loss 0.889	prec@1 73.94	prec@5 90.69	
Train: epoch-2 (800/7410)	batch_time 0.11		data_time 0.01		loss 0.904	prec@1 73.19	prec@5 91.31	
Train: epoch-2 (1000/7410)	batch_time 0.11		data_time 0.01		loss 0.863	prec@1 74.81	prec@5 91.56	
Train: epoch-2 (1200/7410)	batch_time 0.11		data_time 0.01		loss 0.874	prec@1 73.38	prec@5 91.44	
Train: epoch-2 (1400/7410)	batch_time 0.11		data_time 0.01		loss 0.848	prec@1 74.31	prec@5 91.16	
Train: epoch-2 (1600/7410)	batch_time 0.11		data_time 0.01		loss 0.844	prec@1 75.22	prec@5 91.81	
Train: epoch-2 (1800/7410)	batch_time 0.11		data_time 0.01		loss 0.847	prec@1 74.69	prec@5 91.72	
Train: epoch-2 (2000/7410)	batch_time 0.11		data_time 0.01		loss 0.836	prec@1 73.75	prec@5 92.06	
Train: epoch-2 (2200/7410)	batch_time 0.11		data_time 0.01		loss 0.856	prec@1 74.53	prec@5 91.00	
Train: epoch-2 (2400/7410)	batch_time 0.11		data_time 0.01		loss 0.828	prec@1 74.44	prec@5 92.34	
Train: epoch-2 (2600/7410)	batch_time 0.11		data_time 0.01		loss 0.903	prec@1 73.34	prec@5 90.62	
Train: epoch-2 (2800/7410)	batch_time 0.11		data_time 0.01		loss 0.836	prec@1 75.88	prec@5 91.81	
Train: epoch-2 (3000/7410)	batch_time 0.11		data_time 0.01		loss 0.855	prec@1 73.97	prec@5 91.41	
Train: epoch-2 (3200/7410)	batch_time 0.11		data_time 0.01		loss 0.841	prec@1 74.34	prec@5 91.47	
Train: epoch-2 (3400/7410)	batch_time 0.11		data_time 0.01		loss 0.806	prec@1 75.56	prec@5 92.16	
Train: epoch-2 (3600/7410)	batch_time 0.11		data_time 0.01		loss 0.853	prec@1 73.81	prec@5 91.62	
Train: epoch-2 (3800/7410)	batch_time 0.11		data_time 0.01		loss 0.874	prec@1 74.16	prec@5 91.38	
Train: epoch-2 (4000/7410)	batch_time 0.11		data_time 0.01		loss 0.813	prec@1 75.41	prec@5 92.16	
Train: epoch-2 (4200/7410)	batch_time 0.11		data_time 0.01		loss 0.825	prec@1 75.09	prec@5 91.84	
Train: epoch-2 (4400/7410)	batch_time 0.11		data_time 0.01		loss 0.845	prec@1 75.09	prec@5 91.69	
Train: epoch-2 (4600/7410)	batch_time 0.11		data_time 0.01		loss 0.807	prec@1 76.28	prec@5 91.94	
Train: epoch-2 (4800/7410)	batch_time 0.11		data_time 0.01		loss 0.823	prec@1 75.28	prec@5 91.59	
Train: epoch-2 (5000/7410)	batch_time 0.11		data_time 0.01		loss 0.860	prec@1 74.72	prec@5 91.19	
Train: epoch-2 (5200/7410)	batch_time 0.11		data_time 0.01		loss 0.828	prec@1 75.69	prec@5 91.00	
Train: epoch-2 (5400/7410)	batch_time 0.11		data_time 0.01		loss 0.830	prec@1 74.75	prec@5 92.38	
Train: epoch-2 (5600/7410)	batch_time 0.10		data_time 0.01		loss 0.822	prec@1 75.81	prec@5 92.19	
Train: epoch-2 (5800/7410)	batch_time 0.10		data_time 0.01		loss 0.807	prec@1 75.50	prec@5 91.81	
Train: epoch-2 (6000/7410)	batch_time 0.12		data_time 0.02		loss 0.805	prec@1 76.09	prec@5 92.69	
Train: epoch-2 (6200/7410)	batch_time 0.12		data_time 0.01		loss 0.836	prec@1 74.81	prec@5 91.53	
Train: epoch-2 (6400/7410)	batch_time 0.12		data_time 0.02		loss 0.785	prec@1 75.75	prec@5 92.34	
Train: epoch-2 (6600/7410)	batch_time 0.09		data_time 0.01		loss 0.758	prec@1 77.25	prec@5 92.81	
Train: epoch-2 (6800/7410)	batch_time 0.10		data_time 0.01		loss 0.775	prec@1 77.03	prec@5 92.44	
Train: epoch-2 (7000/7410)	batch_time 0.11		data_time 0.01		loss 0.774	prec@1 76.66	prec@5 92.56	
Train: epoch-2 (7200/7410)	batch_time 0.11		data_time 0.01		loss 0.839	prec@1 75.16	prec@5 91.19	
Train: epoch-2 (7400/7410)	batch_time 0.11		data_time 0.01		loss 0.811	prec@1 74.75	prec@5 92.19	
Validate: Prec@1 88.27 Validate: Prec@5 98.66  Loss 0.383
Best Prec@1: 88.27

Train: epoch-3 (200/7410)	batch_time 0.23		data_time 0.13		loss 0.782	prec@1 76.78	prec@5 92.34	
Train: epoch-3 (400/7410)	batch_time 0.12		data_time 0.01		loss 0.814	prec@1 75.22	prec@5 91.88	
Train: epoch-3 (600/7410)	batch_time 0.11		data_time 0.01		loss 0.806	prec@1 75.25	prec@5 91.69	
Train: epoch-3 (800/7410)	batch_time 0.11		data_time 0.01		loss 0.797	prec@1 75.97	prec@5 91.97	
Train: epoch-3 (1000/7410)	batch_time 0.12		data_time 0.01		loss 0.773	prec@1 76.19	prec@5 92.31	
Train: epoch-3 (1200/7410)	batch_time 0.11		data_time 0.01		loss 0.811	prec@1 75.53	prec@5 92.12	
Train: epoch-3 (1400/7410)	batch_time 0.12		data_time 0.01		loss 0.712	prec@1 79.31	prec@5 92.84	
Train: epoch-3 (1600/7410)	batch_time 0.11		data_time 0.01		loss 0.778	prec@1 76.91	prec@5 92.38	
Train: epoch-3 (1800/7410)	batch_time 0.11		data_time 0.01		loss 0.775	prec@1 76.72	prec@5 92.22	
Train: epoch-3 (2000/7410)	batch_time 0.11		data_time 0.01		loss 0.825	prec@1 75.25	prec@5 91.97	
Train: epoch-3 (2200/7410)	batch_time 0.11		data_time 0.01		loss 0.787	prec@1 76.09	prec@5 91.59	
Train: epoch-3 (2400/7410)	batch_time 0.11		data_time 0.01		loss 0.766	prec@1 76.44	prec@5 92.12	
Train: epoch-3 (2600/7410)	batch_time 0.11		data_time 0.01		loss 0.798	prec@1 75.81	prec@5 91.94	
Train: epoch-3 (2800/7410)	batch_time 0.11		data_time 0.01		loss 0.753	prec@1 77.19	prec@5 92.38	
Train: epoch-3 (3000/7410)	batch_time 0.11		data_time 0.01		loss 0.764	prec@1 76.94	prec@5 92.31	
Train: epoch-3 (3200/7410)	batch_time 0.11		data_time 0.01		loss 0.755	prec@1 77.38	prec@5 91.81	
Train: epoch-3 (3400/7410)	batch_time 0.11		data_time 0.01		loss 0.786	prec@1 75.66	prec@5 91.84	
Train: epoch-3 (3600/7410)	batch_time 0.11		data_time 0.01		loss 0.763	prec@1 77.16	prec@5 92.59	
Train: epoch-3 (3800/7410)	batch_time 0.11		data_time 0.01		loss 0.825	prec@1 75.50	prec@5 91.16	
Train: epoch-3 (4000/7410)	batch_time 0.11		data_time 0.01		loss 0.782	prec@1 76.47	prec@5 91.69	
Train: epoch-3 (4200/7410)	batch_time 0.11		data_time 0.01		loss 0.805	prec@1 75.44	prec@5 92.16	
Train: epoch-3 (4400/7410)	batch_time 0.11		data_time 0.01		loss 0.817	prec@1 75.47	prec@5 91.41	
Train: epoch-3 (4600/7410)	batch_time 0.11		data_time 0.01		loss 0.758	prec@1 76.28	prec@5 92.38	
Train: epoch-3 (4800/7410)	batch_time 0.11		data_time 0.01		loss 0.806	prec@1 76.12	prec@5 91.66	
Train: epoch-3 (5000/7410)	batch_time 0.11		data_time 0.01		loss 0.782	prec@1 77.00	prec@5 91.84	
Train: epoch-3 (5200/7410)	batch_time 0.11		data_time 0.01		loss 0.776	prec@1 76.62	prec@5 93.12	
Train: epoch-3 (5400/7410)	batch_time 0.12		data_time 0.01		loss 0.729	prec@1 77.53	prec@5 92.78	
Train: epoch-3 (5600/7410)	batch_time 0.11		data_time 0.01		loss 0.823	prec@1 75.69	prec@5 92.16	
Train: epoch-3 (5800/7410)	batch_time 0.11		data_time 0.01		loss 0.776	prec@1 75.66	prec@5 92.59	
Train: epoch-3 (6000/7410)	batch_time 0.11		data_time 0.01		loss 0.762	prec@1 76.88	prec@5 91.91	
Train: epoch-3 (6200/7410)	batch_time 0.11		data_time 0.01		loss 0.765	prec@1 76.75	prec@5 92.09	
Train: epoch-3 (6400/7410)	batch_time 0.11		data_time 0.01		loss 0.796	prec@1 76.03	prec@5 92.75	
Train: epoch-3 (6600/7410)	batch_time 0.11		data_time 0.01		loss 0.750	prec@1 76.72	prec@5 93.06	
Train: epoch-3 (6800/7410)	batch_time 0.11		data_time 0.01		loss 0.748	prec@1 76.88	prec@5 93.09	
Train: epoch-3 (7000/7410)	batch_time 0.11		data_time 0.01		loss 0.730	prec@1 78.03	prec@5 93.03	
Train: epoch-3 (7200/7410)	batch_time 0.11		data_time 0.01		loss 0.790	prec@1 76.47	prec@5 92.34	
Train: epoch-3 (7400/7410)	batch_time 0.09		data_time 0.01		loss 0.762	prec@1 77.47	prec@5 91.94	
Validate: Prec@1 90.04 Validate: Prec@5 99.09  Loss 0.320
Best Prec@1: 90.04

Train: epoch-4 (200/7410)	batch_time 0.20		data_time 0.12		loss 0.744	prec@1 77.12	prec@5 92.47	
Train: epoch-4 (400/7410)	batch_time 0.08		data_time 0.01		loss 0.725	prec@1 78.00	prec@5 92.88	
Train: epoch-4 (600/7410)	batch_time 0.09		data_time 0.01		loss 0.756	prec@1 77.25	prec@5 92.59	
Train: epoch-4 (800/7410)	batch_time 0.09		data_time 0.01		loss 0.736	prec@1 77.75	prec@5 92.94	
Train: epoch-4 (1000/7410)	batch_time 0.09		data_time 0.01		loss 0.744	prec@1 77.25	prec@5 92.38	
Train: epoch-4 (1200/7410)	batch_time 0.08		data_time 0.01		loss 0.740	prec@1 78.09	prec@5 92.56	
Train: epoch-4 (1400/7410)	batch_time 0.09		data_time 0.01		loss 0.777	prec@1 77.03	prec@5 92.28	
Train: epoch-4 (1600/7410)	batch_time 0.08		data_time 0.01		loss 0.742	prec@1 77.81	prec@5 92.75	
Train: epoch-4 (1800/7410)	batch_time 0.08		data_time 0.01		loss 0.775	prec@1 76.56	prec@5 91.72	
Train: epoch-4 (2000/7410)	batch_time 0.08		data_time 0.01		loss 0.763	prec@1 77.47	prec@5 92.12	
Train: epoch-4 (2200/7410)	batch_time 0.10		data_time 0.01		loss 0.765	prec@1 76.78	prec@5 92.22	
Train: epoch-4 (2400/7410)	batch_time 0.11		data_time 0.01		loss 0.719	prec@1 77.44	prec@5 93.50	
Train: epoch-4 (2600/7410)	batch_time 0.12		data_time 0.01		loss 0.683	prec@1 79.84	prec@5 93.66	
Train: epoch-4 (2800/7410)	batch_time 0.12		data_time 0.01		loss 0.706	prec@1 78.66	prec@5 93.25	
Train: epoch-4 (3000/7410)	batch_time 0.12		data_time 0.01		loss 0.741	prec@1 77.59	prec@5 93.25	
Train: epoch-4 (3200/7410)	batch_time 0.11		data_time 0.01		loss 0.806	prec@1 75.66	prec@5 91.16	
Train: epoch-4 (3400/7410)	batch_time 0.11		data_time 0.01		loss 0.715	prec@1 78.25	prec@5 92.84	
Train: epoch-4 (3600/7410)	batch_time 0.12		data_time 0.01		loss 0.750	prec@1 77.44	prec@5 92.56	
Train: epoch-4 (3800/7410)	batch_time 0.11		data_time 0.01		loss 0.742	prec@1 77.97	prec@5 93.16	
Train: epoch-4 (4000/7410)	batch_time 0.11		data_time 0.01		loss 0.743	prec@1 77.75	prec@5 93.62	
Train: epoch-4 (4200/7410)	batch_time 0.11		data_time 0.01		loss 0.748	prec@1 77.66	prec@5 92.56	
Train: epoch-4 (4400/7410)	batch_time 0.11		data_time 0.01		loss 0.729	prec@1 77.78	prec@5 93.44	
Train: epoch-4 (4600/7410)	batch_time 0.11		data_time 0.01		loss 0.728	prec@1 77.81	prec@5 92.62	
Train: epoch-4 (4800/7410)	batch_time 0.12		data_time 0.01		loss 0.726	prec@1 78.00	prec@5 92.34	
Train: epoch-4 (5000/7410)	batch_time 0.11		data_time 0.01		loss 0.720	prec@1 77.94	prec@5 93.59	
Train: epoch-4 (5200/7410)	batch_time 0.11		data_time 0.01		loss 0.743	prec@1 78.06	prec@5 92.81	
Train: epoch-4 (5400/7410)	batch_time 0.11		data_time 0.01		loss 0.772	prec@1 76.28	prec@5 92.28	
Train: epoch-4 (5600/7410)	batch_time 0.11		data_time 0.01		loss 0.743	prec@1 77.94	prec@5 92.41	
Train: epoch-4 (5800/7410)	batch_time 0.11		data_time 0.01		loss 0.781	prec@1 76.72	prec@5 91.97	
Train: epoch-4 (6000/7410)	batch_time 0.11		data_time 0.01		loss 0.766	prec@1 77.41	prec@5 91.75	
Train: epoch-4 (6200/7410)	batch_time 0.11		data_time 0.01		loss 0.722	prec@1 78.72	prec@5 92.91	
Train: epoch-4 (6400/7410)	batch_time 0.11		data_time 0.01		loss 0.751	prec@1 77.56	prec@5 92.88	
Train: epoch-4 (6600/7410)	batch_time 0.11		data_time 0.01		loss 0.729	prec@1 78.38	prec@5 92.25	
Train: epoch-4 (6800/7410)	batch_time 0.11		data_time 0.01		loss 0.698	prec@1 78.59	prec@5 92.84	
Train: epoch-4 (7000/7410)	batch_time 0.11		data_time 0.01		loss 0.712	prec@1 78.12	prec@5 93.03	
Train: epoch-4 (7200/7410)	batch_time 0.11		data_time 0.01		loss 0.727	prec@1 77.97	prec@5 92.59	
Train: epoch-4 (7400/7410)	batch_time 0.11		data_time 0.01		loss 0.714	prec@1 78.44	prec@5 93.19	
Validate: Prec@1 90.14 Validate: Prec@5 99.13  Loss 0.321
Best Prec@1: 90.14

Train: epoch-5 (200/7410)	batch_time 0.23		data_time 0.13		loss 0.672	prec@1 79.47	prec@5 93.69	
Train: epoch-5 (400/7410)	batch_time 0.11		data_time 0.01		loss 0.778	prec@1 76.31	prec@5 91.78	
Train: epoch-5 (600/7410)	batch_time 0.11		data_time 0.01		loss 0.748	prec@1 77.78	prec@5 92.22	
Train: epoch-5 (800/7410)	batch_time 0.11		data_time 0.01		loss 0.714	prec@1 78.62	prec@5 93.28	
Train: epoch-5 (1000/7410)	batch_time 0.11		data_time 0.01		loss 0.740	prec@1 77.22	prec@5 92.19	
Train: epoch-5 (1200/7410)	batch_time 0.11		data_time 0.01		loss 0.756	prec@1 77.25	prec@5 92.09	
Train: epoch-5 (1400/7410)	batch_time 0.11		data_time 0.01		loss 0.746	prec@1 76.94	prec@5 92.81	
Train: epoch-5 (1600/7410)	batch_time 0.11		data_time 0.01		loss 0.753	prec@1 77.75	prec@5 91.88	
Train: epoch-5 (1800/7410)	batch_time 0.11		data_time 0.01		loss 0.708	prec@1 79.34	prec@5 93.12	
Train: epoch-5 (2000/7410)	batch_time 0.09		data_time 0.01		loss 0.664	prec@1 80.00	prec@5 93.28	
Train: epoch-5 (2200/7410)	batch_time 0.11		data_time 0.01		loss 0.722	prec@1 77.59	prec@5 92.12	
Train: epoch-5 (2400/7410)	batch_time 0.12		data_time 0.02		loss 0.740	prec@1 78.22	prec@5 92.59	
Train: epoch-5 (2600/7410)	batch_time 0.12		data_time 0.02		loss 0.701	prec@1 79.25	prec@5 93.03	
Train: epoch-5 (2800/7410)	batch_time 0.12		data_time 0.02		loss 0.714	prec@1 78.84	prec@5 92.94	
Train: epoch-5 (3000/7410)	batch_time 0.09		data_time 0.01		loss 0.705	prec@1 78.44	prec@5 93.12	
Train: epoch-5 (3200/7410)	batch_time 0.11		data_time 0.01		loss 0.748	prec@1 77.00	prec@5 92.50	
Train: epoch-5 (3400/7410)	batch_time 0.11		data_time 0.01		loss 0.691	prec@1 79.09	prec@5 93.28	
Train: epoch-5 (3600/7410)	batch_time 0.11		data_time 0.01		loss 0.718	prec@1 78.16	prec@5 92.91	
Train: epoch-5 (3800/7410)	batch_time 0.11		data_time 0.01		loss 0.713	prec@1 78.62	prec@5 92.69	
Train: epoch-5 (4000/7410)	batch_time 0.11		data_time 0.01		loss 0.674	prec@1 79.03	prec@5 92.91	
Train: epoch-5 (4200/7410)	batch_time 0.11		data_time 0.01		loss 0.711	prec@1 78.38	prec@5 93.09	
Train: epoch-5 (4400/7410)	batch_time 0.12		data_time 0.01		loss 0.696	prec@1 79.16	prec@5 93.25	
Train: epoch-5 (4600/7410)	batch_time 0.11		data_time 0.01		loss 0.705	prec@1 79.09	prec@5 93.06	
Train: epoch-5 (4800/7410)	batch_time 0.11		data_time 0.01		loss 0.677	prec@1 78.84	prec@5 92.88	
Train: epoch-5 (5000/7410)	batch_time 0.11		data_time 0.01		loss 0.715	prec@1 78.59	prec@5 92.56	
Train: epoch-5 (5200/7410)	batch_time 0.11		data_time 0.01		loss 0.723	prec@1 77.19	prec@5 92.78	
Train: epoch-5 (5400/7410)	batch_time 0.11		data_time 0.01		loss 0.682	prec@1 78.78	prec@5 93.81	
Train: epoch-5 (5600/7410)	batch_time 0.11		data_time 0.01		loss 0.720	prec@1 78.12	prec@5 92.97	
Train: epoch-5 (5800/7410)	batch_time 0.11		data_time 0.01		loss 0.704	prec@1 78.81	prec@5 93.00	
Train: epoch-5 (6000/7410)	batch_time 0.11		data_time 0.01		loss 0.709	prec@1 78.44	prec@5 93.41	
Train: epoch-5 (6200/7410)	batch_time 0.11		data_time 0.01		loss 0.726	prec@1 77.22	prec@5 93.56	
Train: epoch-5 (6400/7410)	batch_time 0.11		data_time 0.01		loss 0.716	prec@1 78.44	prec@5 93.03	
Train: epoch-5 (6600/7410)	batch_time 0.11		data_time 0.01		loss 0.665	prec@1 79.91	prec@5 93.25	
Train: epoch-5 (6800/7410)	batch_time 0.11		data_time 0.01		loss 0.670	prec@1 79.31	prec@5 93.28	
Train: epoch-5 (7000/7410)	batch_time 0.11		data_time 0.01		loss 0.771	prec@1 76.91	prec@5 91.47	
Train: epoch-5 (7200/7410)	batch_time 0.12		data_time 0.02		loss 0.704	prec@1 78.22	prec@5 92.84	
Train: epoch-5 (7400/7410)	batch_time 0.12		data_time 0.01		loss 0.706	prec@1 78.66	prec@5 93.31	
Validate: Prec@1 90.02 Validate: Prec@5 99.22  Loss 0.324
Best Prec@1: 90.14

Train: epoch-6 (200/7410)	batch_time 0.23		data_time 0.13		loss 0.720	prec@1 78.38	prec@5 92.72	
Train: epoch-6 (400/7410)	batch_time 0.11		data_time 0.01		loss 0.703	prec@1 79.12	prec@5 92.59	
Train: epoch-6 (600/7410)	batch_time 0.11		data_time 0.01		loss 0.664	prec@1 80.41	prec@5 93.94	
Train: epoch-6 (800/7410)	batch_time 0.11		data_time 0.01		loss 0.715	prec@1 78.72	prec@5 92.59	
Train: epoch-6 (1000/7410)	batch_time 0.12		data_time 0.01		loss 0.702	prec@1 79.09	prec@5 92.84	
Train: epoch-6 (1200/7410)	batch_time 0.11		data_time 0.01		loss 0.674	prec@1 80.00	prec@5 93.59	
Train: epoch-6 (1400/7410)	batch_time 0.11		data_time 0.01		loss 0.727	prec@1 78.03	prec@5 92.69	
Train: epoch-6 (1600/7410)	batch_time 0.11		data_time 0.01		loss 0.692	prec@1 79.19	prec@5 93.50	
Train: epoch-6 (1800/7410)	batch_time 0.11		data_time 0.01		loss 0.709	prec@1 78.06	prec@5 93.16	
Train: epoch-6 (2000/7410)	batch_time 0.11		data_time 0.01		loss 0.724	prec@1 78.62	prec@5 92.69	
Train: epoch-6 (2200/7410)	batch_time 0.11		data_time 0.01		loss 0.698	prec@1 78.88	prec@5 93.28	
Train: epoch-6 (2400/7410)	batch_time 0.12		data_time 0.02		loss 0.643	prec@1 79.88	prec@5 93.69	
Train: epoch-6 (2600/7410)	batch_time 0.12		data_time 0.02		loss 0.680	prec@1 79.12	prec@5 93.62	
Train: epoch-6 (2800/7410)	batch_time 0.10		data_time 0.01		loss 0.685	prec@1 78.84	prec@5 93.00	
Train: epoch-6 (3000/7410)	batch_time 0.10		data_time 0.01		loss 0.681	prec@1 79.31	prec@5 93.59	
Train: epoch-6 (3200/7410)	batch_time 0.12		data_time 0.01		loss 0.699	prec@1 79.12	prec@5 93.03	
Train: epoch-6 (3400/7410)	batch_time 0.13		data_time 0.01		loss 0.680	prec@1 79.28	prec@5 93.09	
Train: epoch-6 (3600/7410)	batch_time 0.12		data_time 0.01		loss 0.696	prec@1 79.03	prec@5 93.16	
Train: epoch-6 (3800/7410)	batch_time 0.09		data_time 0.01		loss 0.701	prec@1 78.56	prec@5 92.34	
Train: epoch-6 (4000/7410)	batch_time 0.11		data_time 0.01		loss 0.711	prec@1 77.84	prec@5 92.84	
Train: epoch-6 (4200/7410)	batch_time 0.11		data_time 0.01		loss 0.668	prec@1 79.56	prec@5 93.38	
Train: epoch-6 (4400/7410)	batch_time 0.11		data_time 0.01		loss 0.711	prec@1 78.47	prec@5 92.66	
Train: epoch-6 (4600/7410)	batch_time 0.12		data_time 0.02		loss 0.697	prec@1 79.09	prec@5 93.12	
Train: epoch-6 (4800/7410)	batch_time 0.12		data_time 0.01		loss 0.707	prec@1 78.56	prec@5 93.31	
Train: epoch-6 (5000/7410)	batch_time 0.12		data_time 0.01		loss 0.644	prec@1 80.28	prec@5 93.88	
Train: epoch-6 (5200/7410)	batch_time 0.12		data_time 0.01		loss 0.652	prec@1 80.25	prec@5 93.94	
Train: epoch-6 (5400/7410)	batch_time 0.11		data_time 0.01		loss 0.679	prec@1 79.09	prec@5 93.22	
Train: epoch-6 (5600/7410)	batch_time 0.11		data_time 0.01		loss 0.687	prec@1 79.94	prec@5 93.56	
Train: epoch-6 (5800/7410)	batch_time 0.11		data_time 0.01		loss 0.654	prec@1 79.94	prec@5 93.28	
Train: epoch-6 (6000/7410)	batch_time 0.11		data_time 0.01		loss 0.634	prec@1 81.25	prec@5 93.69	
Train: epoch-6 (6200/7410)	batch_time 0.11		data_time 0.01		loss 0.673	prec@1 78.59	prec@5 93.56	
Train: epoch-6 (6400/7410)	batch_time 0.11		data_time 0.01		loss 0.731	prec@1 77.12	prec@5 93.16	
Train: epoch-6 (6600/7410)	batch_time 0.11		data_time 0.01		loss 0.642	prec@1 80.62	prec@5 93.78	
Train: epoch-6 (6800/7410)	batch_time 0.11		data_time 0.01		loss 0.697	prec@1 78.56	prec@5 92.53	
Train: epoch-6 (7000/7410)	batch_time 0.12		data_time 0.01		loss 0.693	prec@1 78.66	prec@5 93.19	
Train: epoch-6 (7200/7410)	batch_time 0.12		data_time 0.01		loss 0.710	prec@1 79.25	prec@5 93.00	
Train: epoch-6 (7400/7410)	batch_time 0.10		data_time 0.01		loss 0.674	prec@1 78.72	prec@5 93.53	
Validate: Prec@1 91.34 Validate: Prec@5 99.28  Loss 0.283
Best Prec@1: 91.34

Train: epoch-7 (200/7410)	batch_time 0.18		data_time 0.11		loss 0.659	prec@1 80.28	prec@5 93.44	
Train: epoch-7 (400/7410)	batch_time 0.08		data_time 0.01		loss 0.679	prec@1 79.12	prec@5 93.22	
Train: epoch-7 (600/7410)	batch_time 0.08		data_time 0.01		loss 0.657	prec@1 79.91	prec@5 93.38	
Train: epoch-7 (800/7410)	batch_time 0.08		data_time 0.01		loss 0.687	prec@1 79.25	prec@5 92.88	
Train: epoch-7 (1000/7410)	batch_time 0.08		data_time 0.01		loss 0.668	prec@1 80.03	prec@5 93.56	
Train: epoch-7 (1200/7410)	batch_time 0.08		data_time 0.01		loss 0.691	prec@1 79.28	prec@5 93.72	
Train: epoch-7 (1400/7410)	batch_time 0.08		data_time 0.01		loss 0.711	prec@1 78.84	prec@5 92.69	
Train: epoch-7 (1600/7410)	batch_time 0.08		data_time 0.01		loss 0.644	prec@1 80.03	prec@5 93.75	
Train: epoch-7 (1800/7410)	batch_time 0.08		data_time 0.01		loss 0.686	prec@1 80.09	prec@5 92.94	
Train: epoch-7 (2000/7410)	batch_time 0.08		data_time 0.01		loss 0.688	prec@1 79.59	prec@5 93.19	
Train: epoch-7 (2200/7410)	batch_time 0.08		data_time 0.01		loss 0.651	prec@1 79.81	prec@5 94.03	
Train: epoch-7 (2400/7410)	batch_time 0.09		data_time 0.01		loss 0.668	prec@1 80.44	prec@5 93.59	
Train: epoch-7 (2600/7410)	batch_time 0.08		data_time 0.01		loss 0.708	prec@1 78.41	prec@5 92.75	
Train: epoch-7 (2800/7410)	batch_time 0.08		data_time 0.01		loss 0.653	prec@1 80.28	prec@5 93.97	
Train: epoch-7 (3000/7410)	batch_time 0.09		data_time 0.01		loss 0.682	prec@1 79.31	prec@5 93.56	
Train: epoch-7 (3200/7410)	batch_time 0.10		data_time 0.01		loss 0.671	prec@1 79.84	prec@5 93.66	
Train: epoch-7 (3400/7410)	batch_time 0.08		data_time 0.01		loss 0.684	prec@1 78.84	prec@5 93.34	
Train: epoch-7 (3600/7410)	batch_time 0.09		data_time 0.01		loss 0.631	prec@1 81.44	prec@5 93.38	
Train: epoch-7 (3800/7410)	batch_time 0.09		data_time 0.01		loss 0.678	prec@1 79.19	prec@5 92.50	
Train: epoch-7 (4000/7410)	batch_time 0.09		data_time 0.01		loss 0.706	prec@1 78.69	prec@5 93.66	
Train: epoch-7 (4200/7410)	batch_time 0.09		data_time 0.01		loss 0.663	prec@1 80.28	prec@5 93.34	
Train: epoch-7 (4400/7410)	batch_time 0.10		data_time 0.01		loss 0.627	prec@1 80.88	prec@5 93.59	
Train: epoch-7 (4600/7410)	batch_time 0.08		data_time 0.01		loss 0.642	prec@1 80.47	prec@5 93.78	
Train: epoch-7 (4800/7410)	batch_time 0.08		data_time 0.01		loss 0.686	prec@1 79.19	prec@5 93.44	
Train: epoch-7 (5000/7410)	batch_time 0.09		data_time 0.01		loss 0.648	prec@1 80.66	prec@5 93.97	
Train: epoch-7 (5200/7410)	batch_time 0.09		data_time 0.01		loss 0.683	prec@1 79.53	prec@5 92.50	
Train: epoch-7 (5400/7410)	batch_time 0.09		data_time 0.01		loss 0.674	prec@1 79.25	prec@5 93.50	
Train: epoch-7 (5600/7410)	batch_time 0.09		data_time 0.01		loss 0.668	prec@1 79.62	prec@5 92.59	
Train: epoch-7 (5800/7410)	batch_time 0.08		data_time 0.01		loss 0.677	prec@1 79.53	prec@5 93.19	
Train: epoch-7 (6000/7410)	batch_time 0.09		data_time 0.01		loss 0.681	prec@1 79.41	prec@5 93.12	
Train: epoch-7 (6200/7410)	batch_time 0.09		data_time 0.01		loss 0.679	prec@1 79.22	prec@5 92.88	
Train: epoch-7 (6400/7410)	batch_time 0.09		data_time 0.01		loss 0.674	prec@1 79.59	prec@5 93.62	
Train: epoch-7 (6600/7410)	batch_time 0.08		data_time 0.01		loss 0.688	prec@1 79.28	prec@5 92.88	
Train: epoch-7 (6800/7410)	batch_time 0.09		data_time 0.01		loss 0.617	prec@1 82.16	prec@5 94.47	
Train: epoch-7 (7000/7410)	batch_time 0.09		data_time 0.01		loss 0.694	prec@1 78.22	prec@5 92.91	
Train: epoch-7 (7200/7410)	batch_time 0.09		data_time 0.01		loss 0.649	prec@1 80.62	prec@5 93.44	
Train: epoch-7 (7400/7410)	batch_time 0.09		data_time 0.01		loss 0.650	prec@1 79.91	prec@5 93.78	
Validate: Prec@1 91.49 Validate: Prec@5 99.31  Loss 0.273
Best Prec@1: 91.49

Train: epoch-8 (200/7410)	batch_time 0.21		data_time 0.13		loss 0.648	prec@1 80.72	prec@5 93.91	
Train: epoch-8 (400/7410)	batch_time 0.09		data_time 0.01		loss 0.660	prec@1 79.72	prec@5 93.91	
Train: epoch-8 (600/7410)	batch_time 0.09		data_time 0.01		loss 0.668	prec@1 79.59	prec@5 92.91	
Train: epoch-8 (800/7410)	batch_time 0.09		data_time 0.01		loss 0.630	prec@1 80.62	prec@5 93.69	
Train: epoch-8 (1000/7410)	batch_time 0.09		data_time 0.01		loss 0.647	prec@1 80.19	prec@5 93.78	
Train: epoch-8 (1200/7410)	batch_time 0.08		data_time 0.01		loss 0.682	prec@1 79.19	prec@5 92.53	
Train: epoch-8 (1400/7410)	batch_time 0.09		data_time 0.01		loss 0.644	prec@1 80.03	prec@5 93.94	
Train: epoch-8 (1600/7410)	batch_time 0.10		data_time 0.01		loss 0.648	prec@1 80.12	prec@5 93.72	
Train: epoch-8 (1800/7410)	batch_time 0.09		data_time 0.01		loss 0.663	prec@1 80.00	prec@5 93.75	
Train: epoch-8 (2000/7410)	batch_time 0.09		data_time 0.01		loss 0.652	prec@1 80.12	prec@5 93.75	
Train: epoch-8 (2200/7410)	batch_time 0.09		data_time 0.01		loss 0.662	prec@1 79.78	prec@5 93.56	
Train: epoch-8 (2400/7410)	batch_time 0.10		data_time 0.01		loss 0.618	prec@1 81.62	prec@5 93.88	
Train: epoch-8 (2600/7410)	batch_time 0.10		data_time 0.01		loss 0.634	prec@1 81.00	prec@5 93.69	
Train: epoch-8 (2800/7410)	batch_time 0.09		data_time 0.01		loss 0.677	prec@1 79.09	prec@5 93.09	
Train: epoch-8 (3000/7410)	batch_time 0.09		data_time 0.01		loss 0.657	prec@1 80.94	prec@5 93.97	
Train: epoch-8 (3200/7410)	batch_time 0.09		data_time 0.01		loss 0.643	prec@1 80.19	prec@5 93.47	
Train: epoch-8 (3400/7410)	batch_time 0.09		data_time 0.01		loss 0.670	prec@1 79.97	prec@5 93.38	
Train: epoch-8 (3600/7410)	batch_time 0.09		data_time 0.01		loss 0.640	prec@1 80.12	prec@5 94.19	
Train: epoch-8 (3800/7410)	batch_time 0.09		data_time 0.01		loss 0.638	prec@1 80.88	prec@5 93.31	
Train: epoch-8 (4000/7410)	batch_time 0.09		data_time 0.01		loss 0.678	prec@1 79.44	prec@5 93.16	
Train: epoch-8 (4200/7410)	batch_time 0.09		data_time 0.01		loss 0.677	prec@1 79.81	prec@5 92.88	
Train: epoch-8 (4400/7410)	batch_time 0.09		data_time 0.01		loss 0.646	prec@1 79.97	prec@5 93.81	
Train: epoch-8 (4600/7410)	batch_time 0.09		data_time 0.01		loss 0.689	prec@1 78.28	prec@5 93.62	
Train: epoch-8 (4800/7410)	batch_time 0.09		data_time 0.01		loss 0.647	prec@1 79.84	prec@5 94.38	
Train: epoch-8 (5000/7410)	batch_time 0.10		data_time 0.01		loss 0.680	prec@1 78.91	prec@5 92.94	
Train: epoch-8 (5200/7410)	batch_time 0.08		data_time 0.01		loss 0.667	prec@1 79.75	prec@5 93.75	
Train: epoch-8 (5400/7410)	batch_time 0.09		data_time 0.01		loss 0.669	prec@1 79.56	prec@5 93.75	
Train: epoch-8 (5600/7410)	batch_time 0.09		data_time 0.01		loss 0.638	prec@1 80.53	prec@5 93.75	
Train: epoch-8 (5800/7410)	batch_time 0.09		data_time 0.01		loss 0.697	prec@1 79.38	prec@5 93.09	
Train: epoch-8 (6000/7410)	batch_time 0.09		data_time 0.01		loss 0.652	prec@1 79.34	prec@5 93.81	
Train: epoch-8 (6200/7410)	batch_time 0.09		data_time 0.01		loss 0.679	prec@1 79.56	prec@5 92.84	
Train: epoch-8 (6400/7410)	batch_time 0.08		data_time 0.01		loss 0.640	prec@1 80.69	prec@5 93.81	
Train: epoch-8 (6600/7410)	batch_time 0.09		data_time 0.01		loss 0.594	prec@1 81.78	prec@5 93.97	
Train: epoch-8 (6800/7410)	batch_time 0.09		data_time 0.01		loss 0.669	prec@1 79.81	prec@5 93.44	
Train: epoch-8 (7000/7410)	batch_time 0.09		data_time 0.01		loss 0.640	prec@1 80.53	prec@5 93.50	
Train: epoch-8 (7200/7410)	batch_time 0.11		data_time 0.01		loss 0.681	prec@1 79.56	prec@5 92.56	
Train: epoch-8 (7400/7410)	batch_time 0.13		data_time 0.01		loss 0.644	prec@1 80.34	prec@5 93.59	
Validate: Prec@1 90.65 Validate: Prec@5 99.26  Loss 0.298
Best Prec@1: 91.49

Train: epoch-9 (200/7410)	batch_time 0.19		data_time 0.12		loss 0.664	prec@1 79.72	prec@5 93.91	
Train: epoch-9 (400/7410)	batch_time 0.11		data_time 0.01		loss 0.653	prec@1 79.91	prec@5 93.47	
Train: epoch-9 (600/7410)	batch_time 0.11		data_time 0.01		loss 0.668	prec@1 79.97	prec@5 92.94	
Train: epoch-9 (800/7410)	batch_time 0.11		data_time 0.01		loss 0.678	prec@1 79.56	prec@5 93.09	
Train: epoch-9 (1000/7410)	batch_time 0.11		data_time 0.01		loss 0.632	prec@1 79.91	prec@5 93.69	
Train: epoch-9 (1200/7410)	batch_time 0.12		data_time 0.01		loss 0.647	prec@1 80.75	prec@5 93.06	
Train: epoch-9 (1400/7410)	batch_time 0.11		data_time 0.01		loss 0.637	prec@1 81.22	prec@5 93.72	
Train: epoch-9 (1600/7410)	batch_time 0.12		data_time 0.01		loss 0.600	prec@1 81.72	prec@5 94.22	
Train: epoch-9 (1800/7410)	batch_time 0.12		data_time 0.01		loss 0.670	prec@1 80.03	prec@5 94.09	
Train: epoch-9 (2000/7410)	batch_time 0.11		data_time 0.01		loss 0.638	prec@1 81.03	prec@5 93.78	
Train: epoch-9 (2200/7410)	batch_time 0.12		data_time 0.01		loss 0.631	prec@1 81.22	prec@5 93.59	
Train: epoch-9 (2400/7410)	batch_time 0.09		data_time 0.01		loss 0.640	prec@1 81.09	prec@5 94.12	
Train: epoch-9 (2600/7410)	batch_time 0.08		data_time 0.01		loss 0.684	prec@1 79.56	prec@5 93.25	
Train: epoch-9 (2800/7410)	batch_time 0.09		data_time 0.01		loss 0.682	prec@1 80.09	prec@5 92.91	
Train: epoch-9 (3000/7410)	batch_time 0.11		data_time 0.01		loss 0.634	prec@1 79.41	prec@5 94.09	
Train: epoch-9 (3200/7410)	batch_time 0.11		data_time 0.01		loss 0.619	prec@1 80.88	prec@5 93.47	
Train: epoch-9 (3400/7410)	batch_time 0.11		data_time 0.01		loss 0.657	prec@1 79.78	prec@5 93.88	
Train: epoch-9 (3600/7410)	batch_time 0.11		data_time 0.01		loss 0.653	prec@1 80.03	prec@5 93.62	
Train: epoch-9 (3800/7410)	batch_time 0.11		data_time 0.01		loss 0.650	prec@1 80.38	prec@5 93.78	
Train: epoch-9 (4000/7410)	batch_time 0.11		data_time 0.02		loss 0.617	prec@1 81.06	prec@5 93.59	
Train: epoch-9 (4200/7410)	batch_time 0.11		data_time 0.01		loss 0.646	prec@1 80.25	prec@5 93.47	
Train: epoch-9 (4400/7410)	batch_time 0.11		data_time 0.01		loss 0.662	prec@1 79.62	prec@5 93.75	
Train: epoch-9 (4600/7410)	batch_time 0.11		data_time 0.01		loss 0.637	prec@1 80.66	prec@5 93.91	
Train: epoch-9 (4800/7410)	batch_time 0.11		data_time 0.01		loss 0.620	prec@1 80.88	prec@5 94.19	
Train: epoch-9 (5000/7410)	batch_time 0.11		data_time 0.01		loss 0.613	prec@1 80.53	prec@5 93.88	
Train: epoch-9 (5200/7410)	batch_time 0.11		data_time 0.01		loss 0.668	prec@1 79.66	prec@5 93.22	
Train: epoch-9 (5400/7410)	batch_time 0.11		data_time 0.01		loss 0.636	prec@1 81.19	prec@5 93.31	
Train: epoch-9 (5600/7410)	batch_time 0.11		data_time 0.01		loss 0.668	prec@1 80.66	prec@5 93.47	
Train: epoch-9 (5800/7410)	batch_time 0.11		data_time 0.01		loss 0.610	prec@1 80.75	prec@5 94.34	
Train: epoch-9 (6000/7410)	batch_time 0.11		data_time 0.01		loss 0.642	prec@1 80.59	prec@5 93.84	
Train: epoch-9 (6200/7410)	batch_time 0.11		data_time 0.01		loss 0.670	prec@1 79.59	prec@5 93.50	
Train: epoch-9 (6400/7410)	batch_time 0.11		data_time 0.01		loss 0.663	prec@1 79.44	prec@5 93.16	
Train: epoch-9 (6600/7410)	batch_time 0.09		data_time 0.01		loss 0.646	prec@1 80.28	prec@5 93.91	
Train: epoch-9 (6800/7410)	batch_time 0.09		data_time 0.01		loss 0.652	prec@1 80.59	prec@5 93.34	
Train: epoch-9 (7000/7410)	batch_time 0.11		data_time 0.01		loss 0.595	prec@1 82.12	prec@5 94.19	
Train: epoch-9 (7200/7410)	batch_time 0.11		data_time 0.01		loss 0.655	prec@1 80.41	prec@5 93.53	
Train: epoch-9 (7400/7410)	batch_time 0.11		data_time 0.01		loss 0.651	prec@1 80.06	prec@5 93.62	
Validate: Prec@1 92.09 Validate: Prec@5 99.36  Loss 0.263
Best Prec@1: 92.09

Train: epoch-10 (200/7410)	batch_time 0.23		data_time 0.13		loss 0.645	prec@1 80.34	prec@5 93.84	
Train: epoch-10 (400/7410)	batch_time 0.11		data_time 0.01		loss 0.626	prec@1 80.88	prec@5 93.75	
Train: epoch-10 (600/7410)	batch_time 0.11		data_time 0.01		loss 0.643	prec@1 80.56	prec@5 93.50	
Train: epoch-10 (800/7410)	batch_time 0.11		data_time 0.02		loss 0.662	prec@1 79.69	prec@5 93.66	
Train: epoch-10 (1000/7410)	batch_time 0.11		data_time 0.01		loss 0.629	prec@1 80.88	prec@5 93.91	
Train: epoch-10 (1200/7410)	batch_time 0.11		data_time 0.01		loss 0.618	prec@1 80.91	prec@5 93.97	
Train: epoch-10 (1400/7410)	batch_time 0.11		data_time 0.01		loss 0.651	prec@1 80.41	prec@5 93.62	
Train: epoch-10 (1600/7410)	batch_time 0.11		data_time 0.01		loss 0.639	prec@1 80.19	prec@5 93.56	
Train: epoch-10 (1800/7410)	batch_time 0.11		data_time 0.01		loss 0.601	prec@1 81.12	prec@5 94.41	
Train: epoch-10 (2000/7410)	batch_time 0.11		data_time 0.01		loss 0.660	prec@1 80.12	prec@5 93.59	
Train: epoch-10 (2200/7410)	batch_time 0.11		data_time 0.01		loss 0.622	prec@1 80.75	prec@5 93.66	
Train: epoch-10 (2400/7410)	batch_time 0.11		data_time 0.01		loss 0.665	prec@1 79.62	prec@5 93.47	
Train: epoch-10 (2600/7410)	batch_time 0.11		data_time 0.01		loss 0.632	prec@1 80.78	prec@5 93.94	
Train: epoch-10 (2800/7410)	batch_time 0.11		data_time 0.01		loss 0.672	prec@1 80.34	prec@5 93.03	
Train: epoch-10 (3000/7410)	batch_time 0.11		data_time 0.01		loss 0.640	prec@1 80.88	prec@5 93.72	
Train: epoch-10 (3200/7410)	batch_time 0.11		data_time 0.01		loss 0.640	prec@1 80.47	prec@5 93.25	
Train: epoch-10 (3400/7410)	batch_time 0.11		data_time 0.01		loss 0.637	prec@1 80.19	prec@5 94.44	
Train: epoch-10 (3600/7410)	batch_time 0.11		data_time 0.01		loss 0.658	prec@1 80.12	prec@5 93.38	
Train: epoch-10 (3800/7410)	batch_time 0.11		data_time 0.01		loss 0.631	prec@1 80.84	prec@5 94.50	
Train: epoch-10 (4000/7410)	batch_time 0.11		data_time 0.01		loss 0.648	prec@1 80.28	prec@5 92.84	
Train: epoch-10 (4200/7410)	batch_time 0.11		data_time 0.01		loss 0.656	prec@1 80.56	prec@5 93.97	
Train: epoch-10 (4400/7410)	batch_time 0.11		data_time 0.01		loss 0.660	prec@1 80.22	prec@5 93.31	
Train: epoch-10 (4600/7410)	batch_time 0.11		data_time 0.01		loss 0.662	prec@1 79.94	prec@5 92.34	
Train: epoch-10 (4800/7410)	batch_time 0.11		data_time 0.01		loss 0.623	prec@1 80.88	prec@5 93.50	
Train: epoch-10 (5000/7410)	batch_time 0.11		data_time 0.01		loss 0.649	prec@1 80.19	prec@5 93.44	
Train: epoch-10 (5200/7410)	batch_time 0.11		data_time 0.01		loss 0.632	prec@1 79.81	prec@5 93.38	
Train: epoch-10 (5400/7410)	batch_time 0.11		data_time 0.01		loss 0.598	prec@1 82.28	prec@5 94.50	
Train: epoch-10 (5600/7410)	batch_time 0.11		data_time 0.01		loss 0.625	prec@1 81.59	prec@5 93.34	
Train: epoch-10 (5800/7410)	batch_time 0.11		data_time 0.01		loss 0.658	prec@1 79.84	prec@5 93.19	
Train: epoch-10 (6000/7410)	batch_time 0.11		data_time 0.01		loss 0.630	prec@1 80.75	prec@5 93.16	
Train: epoch-10 (6200/7410)	batch_time 0.11		data_time 0.01		loss 0.657	prec@1 79.59	prec@5 92.97	
Train: epoch-10 (6400/7410)	batch_time 0.11		data_time 0.01		loss 0.634	prec@1 81.16	prec@5 94.19	
Train: epoch-10 (6600/7410)	batch_time 0.10		data_time 0.01		loss 0.608	prec@1 81.69	prec@5 94.56	
Train: epoch-10 (6800/7410)	batch_time 0.10		data_time 0.01		loss 0.624	prec@1 80.72	prec@5 93.97	
Train: epoch-10 (7000/7410)	batch_time 0.12		data_time 0.02		loss 0.621	prec@1 80.91	prec@5 93.69	
Train: epoch-10 (7200/7410)	batch_time 0.13		data_time 0.02		loss 0.650	prec@1 80.19	prec@5 92.97	
Train: epoch-10 (7400/7410)	batch_time 0.12		data_time 0.02		loss 0.637	prec@1 80.50	prec@5 93.44	
Validate: Prec@1 92.66 Validate: Prec@5 99.41  Loss 0.243
Best Prec@1: 92.66

Train: epoch-11 (200/7410)	batch_time 0.23		data_time 0.13		loss 0.626	prec@1 81.06	prec@5 93.94	
Train: epoch-11 (400/7410)	batch_time 0.11		data_time 0.01		loss 0.617	prec@1 80.91	prec@5 94.12	
Train: epoch-11 (600/7410)	batch_time 0.11		data_time 0.01		loss 0.633	prec@1 80.88	prec@5 93.59	
Train: epoch-11 (800/7410)	batch_time 0.11		data_time 0.01		loss 0.638	prec@1 80.00	prec@5 94.00	
Train: epoch-11 (1000/7410)	batch_time 0.11		data_time 0.01		loss 0.612	prec@1 80.78	prec@5 93.81	
Train: epoch-11 (1200/7410)	batch_time 0.11		data_time 0.01		loss 0.615	prec@1 81.25	prec@5 93.94	
Train: epoch-11 (1400/7410)	batch_time 0.11		data_time 0.01		loss 0.636	prec@1 80.62	prec@5 94.09	
Train: epoch-11 (1600/7410)	batch_time 0.11		data_time 0.01		loss 0.640	prec@1 80.19	prec@5 93.75	
Train: epoch-11 (1800/7410)	batch_time 0.11		data_time 0.01		loss 0.617	prec@1 81.22	prec@5 94.44	
Train: epoch-11 (2000/7410)	batch_time 0.11		data_time 0.01		loss 0.611	prec@1 81.19	prec@5 93.78	
Train: epoch-11 (2200/7410)	batch_time 0.11		data_time 0.01		loss 0.605	prec@1 81.31	prec@5 94.00	
Train: epoch-11 (2400/7410)	batch_time 0.11		data_time 0.01		loss 0.611	prec@1 80.94	prec@5 94.16	
Train: epoch-11 (2600/7410)	batch_time 0.11		data_time 0.01		loss 0.651	prec@1 80.12	prec@5 93.53	
Train: epoch-11 (2800/7410)	batch_time 0.11		data_time 0.01		loss 0.623	prec@1 81.81	prec@5 94.06	
Train: epoch-11 (3000/7410)	batch_time 0.11		data_time 0.01		loss 0.613	prec@1 81.19	prec@5 94.19	
Train: epoch-11 (3200/7410)	batch_time 0.11		data_time 0.01		loss 0.634	prec@1 80.78	prec@5 93.50	
Train: epoch-11 (3400/7410)	batch_time 0.11		data_time 0.01		loss 0.635	prec@1 79.94	prec@5 93.09	
Train: epoch-11 (3600/7410)	batch_time 0.11		data_time 0.01		loss 0.596	prec@1 81.88	prec@5 94.03	
Train: epoch-11 (3800/7410)	batch_time 0.11		data_time 0.01		loss 0.628	prec@1 81.25	prec@5 93.41	
Train: epoch-11 (4000/7410)	batch_time 0.11		data_time 0.01		loss 0.640	prec@1 80.88	prec@5 93.56	
Train: epoch-11 (4200/7410)	batch_time 0.11		data_time 0.01		loss 0.604	prec@1 81.62	prec@5 94.12	
Train: epoch-11 (4400/7410)	batch_time 0.11		data_time 0.01		loss 0.619	prec@1 81.50	prec@5 94.09	
Train: epoch-11 (4600/7410)	batch_time 0.11		data_time 0.01		loss 0.624	prec@1 80.44	prec@5 94.03	
Train: epoch-11 (4800/7410)	batch_time 0.11		data_time 0.01		loss 0.645	prec@1 80.75	prec@5 93.62	
Train: epoch-11 (5000/7410)	batch_time 0.11		data_time 0.01		loss 0.661	prec@1 80.03	prec@5 92.88	
Train: epoch-11 (5200/7410)	batch_time 0.11		data_time 0.01		loss 0.619	prec@1 81.62	prec@5 93.88	
Train: epoch-11 (5400/7410)	batch_time 0.11		data_time 0.01		loss 0.620	prec@1 80.75	prec@5 93.84	
Train: epoch-11 (5600/7410)	batch_time 0.11		data_time 0.01		loss 0.608	prec@1 81.81	prec@5 94.56	
Train: epoch-11 (5800/7410)	batch_time 0.11		data_time 0.01		loss 0.611	prec@1 81.31	prec@5 94.03	
Train: epoch-11 (6000/7410)	batch_time 0.11		data_time 0.01		loss 0.615	prec@1 81.16	prec@5 93.84	
Train: epoch-11 (6200/7410)	batch_time 0.11		data_time 0.02		loss 0.617	prec@1 81.66	prec@5 94.50	
Train: epoch-11 (6400/7410)	batch_time 0.11		data_time 0.01		loss 0.665	prec@1 80.09	prec@5 92.91	
Train: epoch-11 (6600/7410)	batch_time 0.11		data_time 0.01		loss 0.591	prec@1 82.31	prec@5 94.62	
Train: epoch-11 (6800/7410)	batch_time 0.11		data_time 0.01		loss 0.606	prec@1 81.16	prec@5 94.22	
Train: epoch-11 (7000/7410)	batch_time 0.11		data_time 0.01		loss 0.619	prec@1 81.78	prec@5 93.47	
Train: epoch-11 (7200/7410)	batch_time 0.11		data_time 0.01		loss 0.612	prec@1 81.69	prec@5 94.38	
Train: epoch-11 (7400/7410)	batch_time 0.10		data_time 0.01		loss 0.654	prec@1 80.03	prec@5 93.44	
Validate: Prec@1 92.63 Validate: Prec@5 99.39  Loss 0.242
Best Prec@1: 92.66

Train: epoch-12 (200/7410)	batch_time 0.22		data_time 0.13		loss 0.585	prec@1 81.53	prec@5 94.31	
Train: epoch-12 (400/7410)	batch_time 0.11		data_time 0.01		loss 0.596	prec@1 82.25	prec@5 94.25	
Train: epoch-12 (600/7410)	batch_time 0.11		data_time 0.01		loss 0.646	prec@1 80.56	prec@5 93.03	
Train: epoch-12 (800/7410)	batch_time 0.11		data_time 0.01		loss 0.644	prec@1 80.66	prec@5 93.53	
Train: epoch-12 (1000/7410)	batch_time 0.11		data_time 0.01		loss 0.576	prec@1 82.16	prec@5 94.28	
Train: epoch-12 (1200/7410)	batch_time 0.11		data_time 0.01		loss 0.629	prec@1 80.25	prec@5 94.09	
Train: epoch-12 (1400/7410)	batch_time 0.11		data_time 0.01		loss 0.573	prec@1 81.88	prec@5 94.41	
Train: epoch-12 (1600/7410)	batch_time 0.11		data_time 0.01		loss 0.604	prec@1 81.69	prec@5 93.53	
Train: epoch-12 (1800/7410)	batch_time 0.11		data_time 0.01		loss 0.620	prec@1 81.09	prec@5 94.12	
Train: epoch-12 (2000/7410)	batch_time 0.11		data_time 0.01		loss 0.609	prec@1 82.00	prec@5 93.66	
Train: epoch-12 (2200/7410)	batch_time 0.11		data_time 0.01		loss 0.632	prec@1 80.97	prec@5 94.06	
Train: epoch-12 (2400/7410)	batch_time 0.11		data_time 0.01		loss 0.613	prec@1 81.16	prec@5 94.19	
Train: epoch-12 (2600/7410)	batch_time 0.11		data_time 0.01		loss 0.605	prec@1 81.84	prec@5 94.09	
Train: epoch-12 (2800/7410)	batch_time 0.11		data_time 0.01		loss 0.608	prec@1 81.84	prec@5 94.31	
Train: epoch-12 (3000/7410)	batch_time 0.11		data_time 0.01		loss 0.604	prec@1 81.81	prec@5 94.06	
Train: epoch-12 (3200/7410)	batch_time 0.11		data_time 0.01		loss 0.617	prec@1 81.22	prec@5 93.75	
Train: epoch-12 (3400/7410)	batch_time 0.11		data_time 0.01		loss 0.629	prec@1 81.78	prec@5 93.66	
Train: epoch-12 (3600/7410)	batch_time 0.11		data_time 0.01		loss 0.616	prec@1 81.22	prec@5 94.06	
Train: epoch-12 (3800/7410)	batch_time 0.11		data_time 0.01		loss 0.632	prec@1 81.06	prec@5 93.28	
Train: epoch-12 (4000/7410)	batch_time 0.11		data_time 0.01		loss 0.646	prec@1 80.22	prec@5 93.91	
Train: epoch-12 (4200/7410)	batch_time 0.11		data_time 0.01		loss 0.610	prec@1 81.00	prec@5 94.12	
Train: epoch-12 (4400/7410)	batch_time 0.11		data_time 0.01		loss 0.588	prec@1 81.88	prec@5 94.03	
Train: epoch-12 (4600/7410)	batch_time 0.11		data_time 0.01		loss 0.645	prec@1 80.03	prec@5 93.59	
Train: epoch-12 (4800/7410)	batch_time 0.11		data_time 0.01		loss 0.589	prec@1 81.09	prec@5 94.44	
Train: epoch-12 (5000/7410)	batch_time 0.11		data_time 0.01		loss 0.650	prec@1 80.66	prec@5 93.19	
Train: epoch-12 (5200/7410)	batch_time 0.11		data_time 0.01		loss 0.641	prec@1 80.44	prec@5 93.12	
Train: epoch-12 (5400/7410)	batch_time 0.11		data_time 0.01		loss 0.662	prec@1 80.06	prec@5 93.31	
Train: epoch-12 (5600/7410)	batch_time 0.11		data_time 0.01		loss 0.587	prec@1 81.84	prec@5 94.56	
Train: epoch-12 (5800/7410)	batch_time 0.11		data_time 0.01		loss 0.611	prec@1 81.41	prec@5 93.59	
Train: epoch-12 (6000/7410)	batch_time 0.11		data_time 0.01		loss 0.642	prec@1 80.16	prec@5 93.66	
Train: epoch-12 (6200/7410)	batch_time 0.11		data_time 0.01		loss 0.593	prec@1 82.19	prec@5 94.28	
Train: epoch-12 (6400/7410)	batch_time 0.11		data_time 0.01		loss 0.626	prec@1 80.88	prec@5 94.19	
Train: epoch-12 (6600/7410)	batch_time 0.11		data_time 0.01		loss 0.599	prec@1 82.12	prec@5 94.09	
Train: epoch-12 (6800/7410)	batch_time 0.11		data_time 0.01		loss 0.637	prec@1 79.97	prec@5 93.50	
Train: epoch-12 (7000/7410)	batch_time 0.11		data_time 0.01		loss 0.615	prec@1 81.03	prec@5 94.25	
Train: epoch-12 (7200/7410)	batch_time 0.11		data_time 0.01		loss 0.611	prec@1 81.12	prec@5 93.88	
Train: epoch-12 (7400/7410)	batch_time 0.11		data_time 0.01		loss 0.619	prec@1 81.44	prec@5 94.03	
Validate: Prec@1 92.51 Validate: Prec@5 99.43  Loss 0.248
Best Prec@1: 92.66

Train: epoch-13 (200/7410)	batch_time 0.24		data_time 0.14		loss 0.573	prec@1 82.69	prec@5 94.03	
Train: epoch-13 (400/7410)	batch_time 0.12		data_time 0.02		loss 0.587	prec@1 82.28	prec@5 94.09	
Train: epoch-13 (600/7410)	batch_time 0.09		data_time 0.01		loss 0.617	prec@1 81.41	prec@5 93.66	
Train: epoch-13 (800/7410)	batch_time 0.11		data_time 0.01		loss 0.609	prec@1 81.91	prec@5 93.59	
Train: epoch-13 (1000/7410)	batch_time 0.11		data_time 0.01		loss 0.581	prec@1 82.22	prec@5 93.91	
Train: epoch-13 (1200/7410)	batch_time 0.11		data_time 0.01		loss 0.617	prec@1 81.28	prec@5 93.91	
Train: epoch-13 (1400/7410)	batch_time 0.11		data_time 0.01		loss 0.613	prec@1 81.56	prec@5 93.94	
Train: epoch-13 (1600/7410)	batch_time 0.11		data_time 0.01		loss 0.602	prec@1 81.94	prec@5 93.91	
Train: epoch-13 (1800/7410)	batch_time 0.11		data_time 0.01		loss 0.605	prec@1 81.75	prec@5 93.88	
Train: epoch-13 (2000/7410)	batch_time 0.11		data_time 0.01		loss 0.633	prec@1 80.78	prec@5 93.62	
Train: epoch-13 (2200/7410)	batch_time 0.11		data_time 0.01		loss 0.561	prec@1 82.34	prec@5 94.59	
Train: epoch-13 (2400/7410)	batch_time 0.11		data_time 0.01		loss 0.615	prec@1 81.59	prec@5 93.97	
Train: epoch-13 (2600/7410)	batch_time 0.11		data_time 0.01		loss 0.549	prec@1 83.44	prec@5 94.78	
Train: epoch-13 (2800/7410)	batch_time 0.11		data_time 0.01		loss 0.618	prec@1 81.44	prec@5 93.44	
Train: epoch-13 (3000/7410)	batch_time 0.11		data_time 0.01		loss 0.629	prec@1 80.81	prec@5 93.66	
Train: epoch-13 (3200/7410)	batch_time 0.11		data_time 0.01		loss 0.636	prec@1 80.50	prec@5 94.09	
Train: epoch-13 (3400/7410)	batch_time 0.11		data_time 0.01		loss 0.634	prec@1 80.59	prec@5 92.94	
Train: epoch-13 (3600/7410)	batch_time 0.11		data_time 0.01		loss 0.627	prec@1 80.81	prec@5 93.41	
Train: epoch-13 (3800/7410)	batch_time 0.11		data_time 0.01		loss 0.635	prec@1 80.59	prec@5 93.62	
Train: epoch-13 (4000/7410)	batch_time 0.11		data_time 0.01		loss 0.629	prec@1 80.81	prec@5 93.88	
Train: epoch-13 (4200/7410)	batch_time 0.11		data_time 0.01		loss 0.604	prec@1 81.53	prec@5 93.84	
Train: epoch-13 (4400/7410)	batch_time 0.11		data_time 0.01		loss 0.621	prec@1 80.94	prec@5 93.09	
Train: epoch-13 (4600/7410)	batch_time 0.11		data_time 0.01		loss 0.640	prec@1 80.25	prec@5 93.69	
Train: epoch-13 (4800/7410)	batch_time 0.11		data_time 0.01		loss 0.613	prec@1 81.41	prec@5 93.56	
Train: epoch-13 (5000/7410)	batch_time 0.11		data_time 0.01		loss 0.598	prec@1 82.03	prec@5 94.62	
Train: epoch-13 (5200/7410)	batch_time 0.11		data_time 0.01		loss 0.639	prec@1 80.31	prec@5 93.75	
Train: epoch-13 (5400/7410)	batch_time 0.11		data_time 0.01		loss 0.603	prec@1 81.97	prec@5 93.53	
Train: epoch-13 (5600/7410)	batch_time 0.11		data_time 0.01		loss 0.592	prec@1 82.25	prec@5 93.94	
Train: epoch-13 (5800/7410)	batch_time 0.11		data_time 0.01		loss 0.615	prec@1 80.44	prec@5 94.75	
Train: epoch-13 (6000/7410)	batch_time 0.11		data_time 0.01		loss 0.591	prec@1 82.25	prec@5 94.03	
Train: epoch-13 (6200/7410)	batch_time 0.11		data_time 0.01		loss 0.600	prec@1 81.09	prec@5 93.84	
Train: epoch-13 (6400/7410)	batch_time 0.11		data_time 0.01		loss 0.609	prec@1 81.62	prec@5 93.78	
Train: epoch-13 (6600/7410)	batch_time 0.11		data_time 0.01		loss 0.590	prec@1 82.03	prec@5 94.06	
Train: epoch-13 (6800/7410)	batch_time 0.11		data_time 0.01		loss 0.612	prec@1 81.56	prec@5 93.50	
Train: epoch-13 (7000/7410)	batch_time 0.11		data_time 0.01		loss 0.613	prec@1 81.09	prec@5 93.78	
Train: epoch-13 (7200/7410)	batch_time 0.11		data_time 0.01		loss 0.599	prec@1 81.69	prec@5 93.34	
Train: epoch-13 (7400/7410)	batch_time 0.11		data_time 0.01		loss 0.628	prec@1 81.78	prec@5 94.06	
Validate: Prec@1 92.45 Validate: Prec@5 99.43  Loss 0.247
Best Prec@1: 92.66

Train: epoch-14 (200/7410)	batch_time 0.23		data_time 0.13		loss 0.599	prec@1 82.12	prec@5 94.03	
Train: epoch-14 (400/7410)	batch_time 0.10		data_time 0.01		loss 0.619	prec@1 80.03	prec@5 93.84	
Train: epoch-14 (600/7410)	batch_time 0.09		data_time 0.01		loss 0.579	prec@1 82.28	prec@5 94.72	
Train: epoch-14 (800/7410)	batch_time 0.11		data_time 0.02		loss 0.596	prec@1 81.97	prec@5 93.84	
Train: epoch-14 (1000/7410)	batch_time 0.11		data_time 0.02		loss 0.585	prec@1 81.78	prec@5 94.38	
Train: epoch-14 (1200/7410)	batch_time 0.11		data_time 0.01		loss 0.555	prec@1 83.25	prec@5 94.06	
Train: epoch-14 (1400/7410)	batch_time 0.10		data_time 0.01		loss 0.598	prec@1 82.06	prec@5 93.91	
Train: epoch-14 (1600/7410)	batch_time 0.09		data_time 0.01		loss 0.644	prec@1 80.38	prec@5 93.22	
Train: epoch-14 (1800/7410)	batch_time 0.11		data_time 0.01		loss 0.625	prec@1 80.66	prec@5 93.34	
Train: epoch-14 (2000/7410)	batch_time 0.11		data_time 0.01		loss 0.598	prec@1 81.88	prec@5 94.03	
Train: epoch-14 (2200/7410)	batch_time 0.11		data_time 0.01		loss 0.591	prec@1 82.22	prec@5 93.53	
Train: epoch-14 (2400/7410)	batch_time 0.11		data_time 0.01		loss 0.584	prec@1 81.66	prec@5 94.38	
Train: epoch-14 (2600/7410)	batch_time 0.11		data_time 0.01		loss 0.592	prec@1 82.25	prec@5 93.88	
Train: epoch-14 (2800/7410)	batch_time 0.11		data_time 0.01		loss 0.591	prec@1 82.53	prec@5 94.19	
Train: epoch-14 (3000/7410)	batch_time 0.11		data_time 0.01		loss 0.598	prec@1 81.53	prec@5 94.78	
Train: epoch-14 (3200/7410)	batch_time 0.11		data_time 0.01		loss 0.574	prec@1 82.22	prec@5 94.34	
Train: epoch-14 (3400/7410)	batch_time 0.11		data_time 0.01		loss 0.608	prec@1 80.91	prec@5 94.34	
Train: epoch-14 (3600/7410)	batch_time 0.12		data_time 0.01		loss 0.616	prec@1 81.12	prec@5 93.69	
Train: epoch-14 (3800/7410)	batch_time 0.11		data_time 0.01		loss 0.617	prec@1 81.28	prec@5 93.28	
Train: epoch-14 (4000/7410)	batch_time 0.11		data_time 0.01		loss 0.577	prec@1 82.31	prec@5 94.22	
Train: epoch-14 (4200/7410)	batch_time 0.11		data_time 0.01		loss 0.642	prec@1 80.84	prec@5 94.00	
Train: epoch-14 (4400/7410)	batch_time 0.11		data_time 0.01		loss 0.632	prec@1 80.97	prec@5 93.25	
Train: epoch-14 (4600/7410)	batch_time 0.11		data_time 0.01		loss 0.637	prec@1 80.81	prec@5 93.62	
Train: epoch-14 (4800/7410)	batch_time 0.12		data_time 0.01		loss 0.576	prec@1 82.16	prec@5 93.78	
Train: epoch-14 (5000/7410)	batch_time 0.11		data_time 0.01		loss 0.597	prec@1 81.72	prec@5 94.34	
Train: epoch-14 (5200/7410)	batch_time 0.11		data_time 0.01		loss 0.626	prec@1 81.06	prec@5 93.50	
Train: epoch-14 (5400/7410)	batch_time 0.11		data_time 0.01		loss 0.624	prec@1 80.81	prec@5 93.91	
Train: epoch-14 (5600/7410)	batch_time 0.11		data_time 0.01		loss 0.581	prec@1 82.72	prec@5 94.28	
Train: epoch-14 (5800/7410)	batch_time 0.11		data_time 0.01		loss 0.589	prec@1 82.16	prec@5 94.16	
Train: epoch-14 (6000/7410)	batch_time 0.11		data_time 0.01		loss 0.607	prec@1 81.12	prec@5 93.91	
Train: epoch-14 (6200/7410)	batch_time 0.11		data_time 0.01		loss 0.605	prec@1 81.00	prec@5 94.56	
Train: epoch-14 (6400/7410)	batch_time 0.11		data_time 0.01		loss 0.571	prec@1 83.22	prec@5 94.75	
Train: epoch-14 (6600/7410)	batch_time 0.11		data_time 0.01		loss 0.575	prec@1 83.12	prec@5 94.28	
Train: epoch-14 (6800/7410)	batch_time 0.11		data_time 0.01		loss 0.594	prec@1 81.41	prec@5 93.84	
Train: epoch-14 (7000/7410)	batch_time 0.11		data_time 0.01		loss 0.612	prec@1 81.31	prec@5 93.91	
Train: epoch-14 (7200/7410)	batch_time 0.11		data_time 0.01		loss 0.593	prec@1 81.84	prec@5 94.44	
Train: epoch-14 (7400/7410)	batch_time 0.11		data_time 0.01		loss 0.588	prec@1 82.47	prec@5 94.34	
Validate: Prec@1 92.33 Validate: Prec@5 99.47  Loss 0.250
Best Prec@1: 92.66

Train: epoch-15 (200/7410)	batch_time 0.23		data_time 0.13		loss 0.611	prec@1 81.38	prec@5 94.03	
Train: epoch-15 (400/7410)	batch_time 0.11		data_time 0.01		loss 0.644	prec@1 80.53	prec@5 94.25	
Train: epoch-15 (600/7410)	batch_time 0.11		data_time 0.01		loss 0.556	prec@1 82.72	prec@5 94.62	
Train: epoch-15 (800/7410)	batch_time 0.11		data_time 0.01		loss 0.607	prec@1 81.62	prec@5 93.91	
Train: epoch-15 (1000/7410)	batch_time 0.11		data_time 0.01		loss 0.579	prec@1 82.12	prec@5 94.28	
Train: epoch-15 (1200/7410)	batch_time 0.11		data_time 0.01		loss 0.582	prec@1 82.69	prec@5 94.31	
Train: epoch-15 (1400/7410)	batch_time 0.09		data_time 0.01		loss 0.584	prec@1 82.75	prec@5 94.09	
Train: epoch-15 (1600/7410)	batch_time 0.11		data_time 0.01		loss 0.575	prec@1 82.50	prec@5 94.16	
Train: epoch-15 (1800/7410)	batch_time 0.11		data_time 0.02		loss 0.593	prec@1 81.66	prec@5 94.00	
Train: epoch-15 (2000/7410)	batch_time 0.11		data_time 0.02		loss 0.595	prec@1 81.22	prec@5 93.97	
Train: epoch-15 (2200/7410)	batch_time 0.10		data_time 0.01		loss 0.583	prec@1 82.56	prec@5 93.91	
Train: epoch-15 (2400/7410)	batch_time 0.09		data_time 0.01		loss 0.580	prec@1 81.94	prec@5 94.16	
Train: epoch-15 (2600/7410)	batch_time 0.12		data_time 0.01		loss 0.593	prec@1 82.16	prec@5 94.38	
Train: epoch-15 (2800/7410)	batch_time 0.11		data_time 0.01		loss 0.571	prec@1 82.47	prec@5 94.59	
Train: epoch-15 (3000/7410)	batch_time 0.11		data_time 0.01		loss 0.541	prec@1 83.59	prec@5 95.25	
Train: epoch-15 (3200/7410)	batch_time 0.11		data_time 0.01		loss 0.632	prec@1 80.19	prec@5 93.34	
Train: epoch-15 (3400/7410)	batch_time 0.11		data_time 0.01		loss 0.611	prec@1 82.31	prec@5 93.81	
Train: epoch-15 (3600/7410)	batch_time 0.11		data_time 0.01		loss 0.597	prec@1 81.84	prec@5 93.72	
Train: epoch-15 (3800/7410)	batch_time 0.12		data_time 0.01		loss 0.585	prec@1 82.12	prec@5 94.69	
Train: epoch-15 (4000/7410)	batch_time 0.11		data_time 0.01		loss 0.642	prec@1 81.31	prec@5 93.88	
Train: epoch-15 (4200/7410)	batch_time 0.11		data_time 0.01		loss 0.610	prec@1 81.84	prec@5 93.53	
Train: epoch-15 (4400/7410)	batch_time 0.11		data_time 0.01		loss 0.576	prec@1 82.28	prec@5 93.78	
Train: epoch-15 (4600/7410)	batch_time 0.11		data_time 0.01		loss 0.576	prec@1 82.84	prec@5 94.38	
Train: epoch-15 (4800/7410)	batch_time 0.11		data_time 0.01		loss 0.590	prec@1 82.00	prec@5 94.19	
Train: epoch-15 (5000/7410)	batch_time 0.11		data_time 0.01		loss 0.566	prec@1 82.53	prec@5 94.03	
Train: epoch-15 (5200/7410)	batch_time 0.11		data_time 0.01		loss 0.591	prec@1 81.19	prec@5 94.28	
Train: epoch-15 (5400/7410)	batch_time 0.11		data_time 0.01		loss 0.625	prec@1 80.38	prec@5 93.72	
Train: epoch-15 (5600/7410)	batch_time 0.11		data_time 0.01		loss 0.618	prec@1 80.50	prec@5 93.88	
Train: epoch-15 (5800/7410)	batch_time 0.11		data_time 0.01		loss 0.633	prec@1 80.31	prec@5 93.00	
Train: epoch-15 (6000/7410)	batch_time 0.11		data_time 0.01		loss 0.596	prec@1 81.66	prec@5 93.69	
Train: epoch-15 (6200/7410)	batch_time 0.11		data_time 0.01		loss 0.612	prec@1 80.69	prec@5 93.00	
Train: epoch-15 (6400/7410)	batch_time 0.11		data_time 0.01		loss 0.551	prec@1 82.78	prec@5 95.22	
Train: epoch-15 (6600/7410)	batch_time 0.11		data_time 0.01		loss 0.581	prec@1 82.81	prec@5 94.00	
Train: epoch-15 (6800/7410)	batch_time 0.12		data_time 0.01		loss 0.577	prec@1 82.06	prec@5 94.62	
Train: epoch-15 (7000/7410)	batch_time 0.11		data_time 0.01		loss 0.610	prec@1 81.72	prec@5 94.03	
Train: epoch-15 (7200/7410)	batch_time 0.11		data_time 0.01		loss 0.574	prec@1 81.97	prec@5 94.47	
Train: epoch-15 (7400/7410)	batch_time 0.11		data_time 0.01		loss 0.608	prec@1 81.59	prec@5 93.97	
Validate: Prec@1 92.80 Validate: Prec@5 99.47  Loss 0.236
Best Prec@1: 92.80

Train: epoch-16 (200/7410)	batch_time 0.24		data_time 0.13		loss 0.572	prec@1 82.72	prec@5 93.97	
Train: epoch-16 (400/7410)	batch_time 0.12		data_time 0.01		loss 0.571	prec@1 82.50	prec@5 94.31	
Train: epoch-16 (600/7410)	batch_time 0.12		data_time 0.01		loss 0.572	prec@1 82.09	prec@5 94.38	
Train: epoch-16 (800/7410)	batch_time 0.14		data_time 0.02		loss 0.603	prec@1 81.44	prec@5 93.94	
Train: epoch-16 (1000/7410)	batch_time 0.15		data_time 0.02		loss 0.563	prec@1 82.84	prec@5 94.34	
Train: epoch-16 (1200/7410)	batch_time 0.14		data_time 0.02		loss 0.553	prec@1 83.03	prec@5 94.44	
Train: epoch-16 (1400/7410)	batch_time 0.12		data_time 0.02		loss 0.619	prec@1 81.38	prec@5 93.97	
Train: epoch-16 (1600/7410)	batch_time 0.11		data_time 0.01		loss 0.591	prec@1 82.53	prec@5 94.00	
Train: epoch-16 (1800/7410)	batch_time 0.11		data_time 0.01		loss 0.617	prec@1 81.59	prec@5 93.34	
Train: epoch-16 (2000/7410)	batch_time 0.11		data_time 0.01		loss 0.611	prec@1 82.12	prec@5 94.31	
Train: epoch-16 (2200/7410)	batch_time 0.08		data_time 0.01		loss 0.569	prec@1 82.56	prec@5 94.47	
Train: epoch-16 (2400/7410)	batch_time 0.08		data_time 0.01		loss 0.601	prec@1 81.84	prec@5 93.59	
Train: epoch-16 (2600/7410)	batch_time 0.08		data_time 0.01		loss 0.636	prec@1 81.00	prec@5 93.25	
Train: epoch-16 (2800/7410)	batch_time 0.08		data_time 0.01		loss 0.617	prec@1 81.44	prec@5 93.53	
Train: epoch-16 (3000/7410)	batch_time 0.08		data_time 0.01		loss 0.599	prec@1 81.72	prec@5 93.81	
Train: epoch-16 (3200/7410)	batch_time 0.08		data_time 0.01		loss 0.536	prec@1 83.69	prec@5 94.25	
Train: epoch-16 (3400/7410)	batch_time 0.08		data_time 0.01		loss 0.580	prec@1 82.62	prec@5 94.44	
Train: epoch-16 (3600/7410)	batch_time 0.08		data_time 0.01		loss 0.574	prec@1 82.25	prec@5 94.56	
Train: epoch-16 (3800/7410)	batch_time 0.08		data_time 0.01		loss 0.619	prec@1 81.16	prec@5 93.44	
Train: epoch-16 (4000/7410)	batch_time 0.08		data_time 0.01		loss 0.597	prec@1 81.84	prec@5 93.94	
Train: epoch-16 (4200/7410)	batch_time 0.08		data_time 0.01		loss 0.603	prec@1 81.44	prec@5 93.78	
Train: epoch-16 (4400/7410)	batch_time 0.08		data_time 0.01		loss 0.607	prec@1 82.00	prec@5 94.25	
Train: epoch-16 (4600/7410)	batch_time 0.08		data_time 0.01		loss 0.576	prec@1 82.81	prec@5 94.47	
Train: epoch-16 (4800/7410)	batch_time 0.08		data_time 0.01		loss 0.565	prec@1 82.38	prec@5 95.16	
Train: epoch-16 (5000/7410)	batch_time 0.08		data_time 0.01		loss 0.573	prec@1 83.72	prec@5 94.47	
Train: epoch-16 (5200/7410)	batch_time 0.08		data_time 0.01		loss 0.581	prec@1 82.12	prec@5 93.91	
Train: epoch-16 (5400/7410)	batch_time 0.08		data_time 0.01		loss 0.610	prec@1 81.47	prec@5 93.97	
Train: epoch-16 (5600/7410)	batch_time 0.08		data_time 0.01		loss 0.599	prec@1 81.22	prec@5 94.47	
Train: epoch-16 (5800/7410)	batch_time 0.08		data_time 0.01		loss 0.584	prec@1 82.38	prec@5 94.41	
Train: epoch-16 (6000/7410)	batch_time 0.08		data_time 0.01		loss 0.543	prec@1 82.59	prec@5 94.75	
Train: epoch-16 (6200/7410)	batch_time 0.08		data_time 0.01		loss 0.580	prec@1 82.44	prec@5 94.69	
Train: epoch-16 (6400/7410)	batch_time 0.08		data_time 0.01		loss 0.574	prec@1 82.59	prec@5 94.06	
Train: epoch-16 (6600/7410)	batch_time 0.09		data_time 0.01		loss 0.621	prec@1 81.59	prec@5 93.50	
Train: epoch-16 (6800/7410)	batch_time 0.08		data_time 0.01		loss 0.598	prec@1 81.56	prec@5 94.31	
Train: epoch-16 (7000/7410)	batch_time 0.08		data_time 0.01		loss 0.548	prec@1 83.56	prec@5 95.06	
Train: epoch-16 (7200/7410)	batch_time 0.08		data_time 0.01		loss 0.600	prec@1 81.44	prec@5 94.00	
Train: epoch-16 (7400/7410)	batch_time 0.08		data_time 0.01		loss 0.609	prec@1 81.59	prec@5 94.28	
Validate: Prec@1 93.04 Validate: Prec@5 99.49  Loss 0.230
Best Prec@1: 93.04

Train: epoch-17 (200/7410)	batch_time 0.19		data_time 0.12		loss 0.600	prec@1 81.47	prec@5 93.88	
Train: epoch-17 (400/7410)	batch_time 0.08		data_time 0.01		loss 0.565	prec@1 82.94	prec@5 94.47	
Train: epoch-17 (600/7410)	batch_time 0.08		data_time 0.01		loss 0.572	prec@1 82.38	prec@5 94.25	
Train: epoch-17 (800/7410)	batch_time 0.08		data_time 0.01		loss 0.614	prec@1 81.50	prec@5 93.53	
Train: epoch-17 (1000/7410)	batch_time 0.08		data_time 0.01		loss 0.587	prec@1 81.59	prec@5 94.44	
Train: epoch-17 (1200/7410)	batch_time 0.08		data_time 0.01		loss 0.608	prec@1 82.03	prec@5 93.31	
Train: epoch-17 (1400/7410)	batch_time 0.08		data_time 0.01		loss 0.584	prec@1 82.56	prec@5 94.59	
Train: epoch-17 (1600/7410)	batch_time 0.08		data_time 0.01		loss 0.577	prec@1 82.44	prec@5 94.22	
Train: epoch-17 (1800/7410)	batch_time 0.08		data_time 0.01		loss 0.590	prec@1 82.12	prec@5 94.44	
Train: epoch-17 (2000/7410)	batch_time 0.08		data_time 0.01		loss 0.575	prec@1 82.62	prec@5 94.00	
Train: epoch-17 (2200/7410)	batch_time 0.08		data_time 0.01		loss 0.532	prec@1 84.12	prec@5 94.53	
Train: epoch-17 (2400/7410)	batch_time 0.08		data_time 0.01		loss 0.549	prec@1 83.22	prec@5 94.81	
Train: epoch-17 (2600/7410)	batch_time 0.08		data_time 0.01		loss 0.594	prec@1 82.25	prec@5 94.16	
Train: epoch-17 (2800/7410)	batch_time 0.08		data_time 0.01		loss 0.580	prec@1 82.50	prec@5 93.97	
Train: epoch-17 (3000/7410)	batch_time 0.08		data_time 0.01		loss 0.577	prec@1 82.53	prec@5 93.72	
Train: epoch-17 (3200/7410)	batch_time 0.08		data_time 0.01		loss 0.561	prec@1 82.47	prec@5 94.38	
Train: epoch-17 (3400/7410)	batch_time 0.08		data_time 0.01		loss 0.573	prec@1 82.94	prec@5 94.47	
Train: epoch-17 (3600/7410)	batch_time 0.08		data_time 0.01		loss 0.579	prec@1 81.94	prec@5 94.66	
Train: epoch-17 (3800/7410)	batch_time 0.08		data_time 0.01		loss 0.592	prec@1 81.75	prec@5 93.66	
Train: epoch-17 (4000/7410)	batch_time 0.08		data_time 0.01		loss 0.566	prec@1 83.12	prec@5 93.94	
Train: epoch-17 (4200/7410)	batch_time 0.08		data_time 0.01		loss 0.589	prec@1 82.09	prec@5 93.97	
Train: epoch-17 (4400/7410)	batch_time 0.08		data_time 0.01		loss 0.619	prec@1 81.69	prec@5 93.84	
Train: epoch-17 (4600/7410)	batch_time 0.08		data_time 0.01		loss 0.572	prec@1 82.62	prec@5 94.72	
Train: epoch-17 (4800/7410)	batch_time 0.08		data_time 0.01		loss 0.592	prec@1 81.84	prec@5 94.09	
Train: epoch-17 (5000/7410)	batch_time 0.08		data_time 0.01		loss 0.552	prec@1 82.62	prec@5 94.06	
Train: epoch-17 (5200/7410)	batch_time 0.08		data_time 0.01		loss 0.584	prec@1 82.31	prec@5 94.56	
Train: epoch-17 (5400/7410)	batch_time 0.08		data_time 0.01		loss 0.606	prec@1 81.75	prec@5 94.12	
Train: epoch-17 (5600/7410)	batch_time 0.08		data_time 0.01		loss 0.573	prec@1 82.97	prec@5 94.50	
Train: epoch-17 (5800/7410)	batch_time 0.08		data_time 0.01		loss 0.571	prec@1 82.78	prec@5 94.25	
Train: epoch-17 (6000/7410)	batch_time 0.08		data_time 0.01		loss 0.570	prec@1 83.38	prec@5 94.53	
Train: epoch-17 (6200/7410)	batch_time 0.08		data_time 0.01		loss 0.609	prec@1 81.09	prec@5 93.53	
Train: epoch-17 (6400/7410)	batch_time 0.08		data_time 0.01		loss 0.555	prec@1 82.97	prec@5 94.91	
Train: epoch-17 (6600/7410)	batch_time 0.08		data_time 0.01		loss 0.597	prec@1 81.94	prec@5 94.69	
Train: epoch-17 (6800/7410)	batch_time 0.08		data_time 0.01		loss 0.585	prec@1 81.91	prec@5 94.06	
Train: epoch-17 (7000/7410)	batch_time 0.08		data_time 0.01		loss 0.605	prec@1 81.72	prec@5 94.50	
Train: epoch-17 (7200/7410)	batch_time 0.08		data_time 0.01		loss 0.555	prec@1 83.28	prec@5 94.62	
Train: epoch-17 (7400/7410)	batch_time 0.08		data_time 0.01		loss 0.605	prec@1 81.97	prec@5 93.44	
Validate: Prec@1 92.72 Validate: Prec@5 99.47  Loss 0.244
Best Prec@1: 93.04

Train: epoch-18 (200/7410)	batch_time 0.19		data_time 0.12		loss 0.592	prec@1 82.41	prec@5 93.16	
Train: epoch-18 (400/7410)	batch_time 0.08		data_time 0.01		loss 0.555	prec@1 82.81	prec@5 94.81	
Train: epoch-18 (600/7410)	batch_time 0.07		data_time 0.01		loss 0.569	prec@1 82.91	prec@5 94.56	
Train: epoch-18 (800/7410)	batch_time 0.08		data_time 0.01		loss 0.526	prec@1 83.66	prec@5 95.06	
Train: epoch-18 (1000/7410)	batch_time 0.08		data_time 0.01		loss 0.565	prec@1 83.03	prec@5 93.94	
Train: epoch-18 (1200/7410)	batch_time 0.08		data_time 0.01		loss 0.528	prec@1 83.88	prec@5 94.44	
Train: epoch-18 (1400/7410)	batch_time 0.08		data_time 0.01		loss 0.534	prec@1 84.41	prec@5 94.50	
Train: epoch-18 (1600/7410)	batch_time 0.08		data_time 0.01		loss 0.534	prec@1 83.97	prec@5 94.62	
Train: epoch-18 (1800/7410)	batch_time 0.08		data_time 0.01		loss 0.522	prec@1 84.12	prec@5 94.69	
Train: epoch-18 (2000/7410)	batch_time 0.08		data_time 0.01		loss 0.521	prec@1 84.50	prec@5 94.62	
Train: epoch-18 (2200/7410)	batch_time 0.08		data_time 0.01		loss 0.512	prec@1 84.25	prec@5 95.16	
Train: epoch-18 (2400/7410)	batch_time 0.08		data_time 0.01		loss 0.529	prec@1 83.88	prec@5 94.62	
Train: epoch-18 (2600/7410)	batch_time 0.08		data_time 0.01		loss 0.562	prec@1 83.19	prec@5 93.69	
Train: epoch-18 (2800/7410)	batch_time 0.08		data_time 0.01		loss 0.535	prec@1 83.03	prec@5 94.16	
Train: epoch-18 (3000/7410)	batch_time 0.08		data_time 0.01		loss 0.484	prec@1 85.41	prec@5 95.25	
Train: epoch-18 (3200/7410)	batch_time 0.08		data_time 0.01		loss 0.529	prec@1 83.94	prec@5 94.69	
Train: epoch-18 (3400/7410)	batch_time 0.08		data_time 0.01		loss 0.525	prec@1 84.28	prec@5 94.44	
Train: epoch-18 (3600/7410)	batch_time 0.08		data_time 0.01		loss 0.540	prec@1 83.53	prec@5 94.97	
Train: epoch-18 (3800/7410)	batch_time 0.08		data_time 0.01		loss 0.529	prec@1 83.66	prec@5 94.88	
Train: epoch-18 (4000/7410)	batch_time 0.08		data_time 0.01		loss 0.538	prec@1 83.88	prec@5 93.97	
Train: epoch-18 (4200/7410)	batch_time 0.08		data_time 0.01		loss 0.533	prec@1 83.84	prec@5 95.19	
Train: epoch-18 (4400/7410)	batch_time 0.08		data_time 0.01		loss 0.553	prec@1 83.28	prec@5 94.03	
Train: epoch-18 (4600/7410)	batch_time 0.08		data_time 0.01		loss 0.520	prec@1 84.34	prec@5 94.94	
Train: epoch-18 (4800/7410)	batch_time 0.08		data_time 0.01		loss 0.556	prec@1 82.91	prec@5 94.25	
Train: epoch-18 (5000/7410)	batch_time 0.08		data_time 0.01		loss 0.556	prec@1 83.19	prec@5 93.81	
Train: epoch-18 (5200/7410)	batch_time 0.08		data_time 0.01		loss 0.510	prec@1 85.09	prec@5 95.12	
Train: epoch-18 (5400/7410)	batch_time 0.08		data_time 0.01		loss 0.521	prec@1 83.88	prec@5 94.41	
Train: epoch-18 (5600/7410)	batch_time 0.08		data_time 0.01		loss 0.519	prec@1 83.78	prec@5 94.91	
Train: epoch-18 (5800/7410)	batch_time 0.08		data_time 0.01		loss 0.487	prec@1 85.53	prec@5 95.19	
Train: epoch-18 (6000/7410)	batch_time 0.08		data_time 0.01		loss 0.500	prec@1 84.94	prec@5 94.88	
Train: epoch-18 (6200/7410)	batch_time 0.08		data_time 0.01		loss 0.487	prec@1 85.12	prec@5 95.00	
Train: epoch-18 (6400/7410)	batch_time 0.08		data_time 0.01		loss 0.492	prec@1 85.25	prec@5 95.22	
Train: epoch-18 (6600/7410)	batch_time 0.08		data_time 0.01		loss 0.555	prec@1 82.97	prec@5 94.19	
Train: epoch-18 (6800/7410)	batch_time 0.08		data_time 0.01		loss 0.515	prec@1 84.22	prec@5 94.91	
Train: epoch-18 (7000/7410)	batch_time 0.08		data_time 0.01		loss 0.539	prec@1 83.69	prec@5 94.97	
Train: epoch-18 (7200/7410)	batch_time 0.08		data_time 0.01		loss 0.508	prec@1 84.66	prec@5 94.72	
Train: epoch-18 (7400/7410)	batch_time 0.08		data_time 0.01		loss 0.512	prec@1 84.94	prec@5 94.94	
Validate: Prec@1 94.28 Validate: Prec@5 99.59  Loss 0.192
Best Prec@1: 94.28

Train: epoch-19 (200/7410)	batch_time 0.19		data_time 0.12		loss 0.506	prec@1 83.72	prec@5 95.03	
Train: epoch-19 (400/7410)	batch_time 0.08		data_time 0.01		loss 0.518	prec@1 84.06	prec@5 94.91	
Train: epoch-19 (600/7410)	batch_time 0.08		data_time 0.01		loss 0.510	prec@1 84.38	prec@5 94.81	
Train: epoch-19 (800/7410)	batch_time 0.08		data_time 0.01		loss 0.541	prec@1 83.53	prec@5 94.34	
Train: epoch-19 (1000/7410)	batch_time 0.08		data_time 0.01		loss 0.464	prec@1 85.66	prec@5 95.81	
Train: epoch-19 (1200/7410)	batch_time 0.08		data_time 0.01		loss 0.535	prec@1 83.66	prec@5 94.41	
Train: epoch-19 (1400/7410)	batch_time 0.08		data_time 0.01		loss 0.525	prec@1 83.72	prec@5 95.25	
Train: epoch-19 (1600/7410)	batch_time 0.08		data_time 0.01		loss 0.553	prec@1 83.03	prec@5 94.06	
Train: epoch-19 (1800/7410)	batch_time 0.08		data_time 0.01		loss 0.524	prec@1 83.84	prec@5 95.06	
Train: epoch-19 (2000/7410)	batch_time 0.08		data_time 0.01		loss 0.515	prec@1 84.50	prec@5 94.25	
Train: epoch-19 (2200/7410)	batch_time 0.08		data_time 0.01		loss 0.478	prec@1 85.00	prec@5 95.19	
Train: epoch-19 (2400/7410)	batch_time 0.08		data_time 0.01		loss 0.475	prec@1 85.53	prec@5 95.41	
Train: epoch-19 (2600/7410)	batch_time 0.08		data_time 0.01		loss 0.511	prec@1 84.28	prec@5 94.88	
Train: epoch-19 (2800/7410)	batch_time 0.08		data_time 0.01		loss 0.547	prec@1 83.34	prec@5 94.62	
Train: epoch-19 (3000/7410)	batch_time 0.08		data_time 0.01		loss 0.561	prec@1 83.03	prec@5 93.88	
Train: epoch-19 (3200/7410)	batch_time 0.08		data_time 0.01		loss 0.526	prec@1 83.94	prec@5 94.78	
Train: epoch-19 (3400/7410)	batch_time 0.08		data_time 0.01		loss 0.493	prec@1 84.91	prec@5 94.97	
Train: epoch-19 (3600/7410)	batch_time 0.08		data_time 0.01		loss 0.476	prec@1 85.28	prec@5 95.31	
Train: epoch-19 (3800/7410)	batch_time 0.08		data_time 0.01		loss 0.502	prec@1 84.25	prec@5 94.59	
Train: epoch-19 (4000/7410)	batch_time 0.08		data_time 0.01		loss 0.494	prec@1 84.50	prec@5 95.62	
Train: epoch-19 (4200/7410)	batch_time 0.08		data_time 0.01		loss 0.473	prec@1 85.34	prec@5 95.66	
Train: epoch-19 (4400/7410)	batch_time 0.08		data_time 0.01		loss 0.558	prec@1 83.03	prec@5 94.09	
Train: epoch-19 (4600/7410)	batch_time 0.08		data_time 0.01		loss 0.500	prec@1 85.03	prec@5 95.44	
Train: epoch-19 (4800/7410)	batch_time 0.08		data_time 0.01		loss 0.490	prec@1 85.41	prec@5 95.44	
Train: epoch-19 (5000/7410)	batch_time 0.08		data_time 0.01		loss 0.521	prec@1 84.25	prec@5 95.03	
Train: epoch-19 (5200/7410)	batch_time 0.08		data_time 0.01		loss 0.481	prec@1 85.44	prec@5 95.53	
Train: epoch-19 (5400/7410)	batch_time 0.08		data_time 0.01		loss 0.501	prec@1 84.56	prec@5 94.62	
Train: epoch-19 (5600/7410)	batch_time 0.08		data_time 0.01		loss 0.530	prec@1 84.06	prec@5 94.91	
Train: epoch-19 (5800/7410)	batch_time 0.08		data_time 0.01		loss 0.524	prec@1 84.16	prec@5 95.00	
Train: epoch-19 (6000/7410)	batch_time 0.08		data_time 0.01		loss 0.493	prec@1 84.78	prec@5 95.16	
Train: epoch-19 (6200/7410)	batch_time 0.08		data_time 0.01		loss 0.504	prec@1 84.53	prec@5 94.81	
Train: epoch-19 (6400/7410)	batch_time 0.08		data_time 0.01		loss 0.497	prec@1 84.62	prec@5 95.41	
Train: epoch-19 (6600/7410)	batch_time 0.08		data_time 0.01		loss 0.493	prec@1 85.16	prec@5 95.00	
Train: epoch-19 (6800/7410)	batch_time 0.08		data_time 0.01		loss 0.516	prec@1 83.94	prec@5 93.91	
Train: epoch-19 (7000/7410)	batch_time 0.08		data_time 0.01		loss 0.511	prec@1 84.59	prec@5 95.44	
Train: epoch-19 (7200/7410)	batch_time 0.08		data_time 0.01		loss 0.539	prec@1 83.31	prec@5 93.81	
Train: epoch-19 (7400/7410)	batch_time 0.08		data_time 0.01		loss 0.501	prec@1 84.19	prec@5 94.72	
Validate: Prec@1 94.44 Validate: Prec@5 99.59  Loss 0.189
Best Prec@1: 94.44

Train: epoch-20 (200/7410)	batch_time 0.18		data_time 0.11		loss 0.538	prec@1 84.09	prec@5 94.44	
Train: epoch-20 (400/7410)	batch_time 0.08		data_time 0.01		loss 0.514	prec@1 84.19	prec@5 94.56	
Train: epoch-20 (600/7410)	batch_time 0.08		data_time 0.01		loss 0.496	prec@1 84.94	prec@5 94.91	
Train: epoch-20 (800/7410)	batch_time 0.08		data_time 0.01		loss 0.520	prec@1 83.44	prec@5 94.53	
Train: epoch-20 (1000/7410)	batch_time 0.08		data_time 0.01		loss 0.540	prec@1 83.69	prec@5 94.66	
Train: epoch-20 (1200/7410)	batch_time 0.08		data_time 0.01		loss 0.508	prec@1 84.22	prec@5 95.03	
Train: epoch-20 (1400/7410)	batch_time 0.08		data_time 0.01		loss 0.507	prec@1 84.25	prec@5 94.50	
Train: epoch-20 (1600/7410)	batch_time 0.08		data_time 0.01		loss 0.493	prec@1 85.00	prec@5 95.41	
Train: epoch-20 (1800/7410)	batch_time 0.08		data_time 0.01		loss 0.501	prec@1 84.59	prec@5 95.06	
Train: epoch-20 (2000/7410)	batch_time 0.08		data_time 0.01		loss 0.498	prec@1 85.19	prec@5 94.94	
Train: epoch-20 (2200/7410)	batch_time 0.08		data_time 0.01		loss 0.512	prec@1 84.66	prec@5 94.62	
Train: epoch-20 (2400/7410)	batch_time 0.08		data_time 0.01		loss 0.503	prec@1 84.53	prec@5 95.09	
Train: epoch-20 (2600/7410)	batch_time 0.08		data_time 0.01		loss 0.507	prec@1 84.53	prec@5 95.19	
Train: epoch-20 (2800/7410)	batch_time 0.08		data_time 0.01		loss 0.531	prec@1 83.81	prec@5 94.62	
Train: epoch-20 (3000/7410)	batch_time 0.08		data_time 0.01		loss 0.512	prec@1 84.28	prec@5 94.34	
Train: epoch-20 (3200/7410)	batch_time 0.08		data_time 0.01		loss 0.526	prec@1 83.28	prec@5 94.34	
Train: epoch-20 (3400/7410)	batch_time 0.08		data_time 0.01		loss 0.503	prec@1 84.41	prec@5 94.81	
Train: epoch-20 (3600/7410)	batch_time 0.08		data_time 0.01		loss 0.508	prec@1 84.19	prec@5 94.66	
Train: epoch-20 (3800/7410)	batch_time 0.08		data_time 0.01		loss 0.513	prec@1 84.16	prec@5 95.12	
Train: epoch-20 (4000/7410)	batch_time 0.08		data_time 0.01		loss 0.517	prec@1 84.19	prec@5 94.97	
Train: epoch-20 (4200/7410)	batch_time 0.08		data_time 0.01		loss 0.498	prec@1 84.62	prec@5 95.09	
Train: epoch-20 (4400/7410)	batch_time 0.08		data_time 0.01		loss 0.482	prec@1 85.06	prec@5 95.41	
Train: epoch-20 (4600/7410)	batch_time 0.08		data_time 0.01		loss 0.516	prec@1 84.19	prec@5 95.06	
Train: epoch-20 (4800/7410)	batch_time 0.08		data_time 0.01		loss 0.501	prec@1 83.84	prec@5 95.06	
Train: epoch-20 (5000/7410)	batch_time 0.08		data_time 0.01		loss 0.521	prec@1 84.31	prec@5 94.62	
Train: epoch-20 (5200/7410)	batch_time 0.08		data_time 0.01		loss 0.509	prec@1 84.00	prec@5 94.59	
Train: epoch-20 (5400/7410)	batch_time 0.08		data_time 0.01		loss 0.460	prec@1 86.12	prec@5 95.69	
Train: epoch-20 (5600/7410)	batch_time 0.08		data_time 0.01		loss 0.497	prec@1 84.00	prec@5 95.25	
Train: epoch-20 (5800/7410)	batch_time 0.08		data_time 0.01		loss 0.512	prec@1 83.97	prec@5 95.38	
Train: epoch-20 (6000/7410)	batch_time 0.08		data_time 0.01		loss 0.508	prec@1 84.66	prec@5 95.12	
Train: epoch-20 (6200/7410)	batch_time 0.08		data_time 0.01		loss 0.512	prec@1 84.75	prec@5 94.84	
Train: epoch-20 (6400/7410)	batch_time 0.08		data_time 0.01		loss 0.498	prec@1 84.41	prec@5 95.19	
Train: epoch-20 (6600/7410)	batch_time 0.08		data_time 0.01		loss 0.482	prec@1 85.78	prec@5 94.47	
Train: epoch-20 (6800/7410)	batch_time 0.08		data_time 0.01		loss 0.495	prec@1 85.06	prec@5 94.84	
Train: epoch-20 (7000/7410)	batch_time 0.08		data_time 0.01		loss 0.500	prec@1 84.84	prec@5 94.47	
Train: epoch-20 (7200/7410)	batch_time 0.08		data_time 0.01		loss 0.500	prec@1 84.22	prec@5 95.22	
Train: epoch-20 (7400/7410)	batch_time 0.08		data_time 0.01		loss 0.511	prec@1 84.69	prec@5 94.34	
Validate: Prec@1 94.49 Validate: Prec@5 99.63  Loss 0.185
Best Prec@1: 94.49

Train: epoch-21 (200/7410)	batch_time 0.19		data_time 0.11		loss 0.476	prec@1 86.06	prec@5 95.16	
Train: epoch-21 (400/7410)	batch_time 0.08		data_time 0.01		loss 0.492	prec@1 84.69	prec@5 95.12	
Train: epoch-21 (600/7410)	batch_time 0.08		data_time 0.01		loss 0.537	prec@1 84.16	prec@5 94.69	
Train: epoch-21 (800/7410)	batch_time 0.08		data_time 0.01		loss 0.481	prec@1 84.88	prec@5 95.16	
Train: epoch-21 (1000/7410)	batch_time 0.08		data_time 0.01		loss 0.506	prec@1 84.31	prec@5 95.00	
Train: epoch-21 (1200/7410)	batch_time 0.08		data_time 0.01		loss 0.493	prec@1 84.88	prec@5 94.69	
Train: epoch-21 (1400/7410)	batch_time 0.08		data_time 0.01		loss 0.496	prec@1 85.31	prec@5 95.41	
Train: epoch-21 (1600/7410)	batch_time 0.08		data_time 0.01		loss 0.479	prec@1 85.50	prec@5 95.38	
Train: epoch-21 (1800/7410)	batch_time 0.08		data_time 0.01		loss 0.489	prec@1 85.31	prec@5 94.94	
Train: epoch-21 (2000/7410)	batch_time 0.08		data_time 0.01		loss 0.502	prec@1 84.50	prec@5 94.53	
Train: epoch-21 (2200/7410)	batch_time 0.08		data_time 0.01		loss 0.517	prec@1 84.00	prec@5 94.94	
Train: epoch-21 (2400/7410)	batch_time 0.08		data_time 0.01		loss 0.487	prec@1 84.88	prec@5 94.78	
Train: epoch-21 (2600/7410)	batch_time 0.08		data_time 0.01		loss 0.512	prec@1 84.22	prec@5 94.69	
Train: epoch-21 (2800/7410)	batch_time 0.08		data_time 0.01		loss 0.532	prec@1 83.91	prec@5 94.62	
Train: epoch-21 (3000/7410)	batch_time 0.08		data_time 0.01		loss 0.513	prec@1 84.47	prec@5 94.09	
Train: epoch-21 (3200/7410)	batch_time 0.08		data_time 0.01		loss 0.517	prec@1 83.53	prec@5 94.41	
Train: epoch-21 (3400/7410)	batch_time 0.08		data_time 0.01		loss 0.485	prec@1 85.38	prec@5 95.34	
Train: epoch-21 (3600/7410)	batch_time 0.08		data_time 0.01		loss 0.535	prec@1 83.00	prec@5 94.41	
Train: epoch-21 (3800/7410)	batch_time 0.08		data_time 0.01		loss 0.515	prec@1 84.94	prec@5 94.38	
Train: epoch-21 (4000/7410)	batch_time 0.08		data_time 0.01		loss 0.510	prec@1 84.91	prec@5 95.09	
Train: epoch-21 (4200/7410)	batch_time 0.08		data_time 0.01		loss 0.497	prec@1 84.50	prec@5 95.25	
Train: epoch-21 (4400/7410)	batch_time 0.08		data_time 0.01		loss 0.530	prec@1 84.06	prec@5 94.91	
Train: epoch-21 (4600/7410)	batch_time 0.08		data_time 0.01		loss 0.493	prec@1 84.59	prec@5 94.94	
Train: epoch-21 (4800/7410)	batch_time 0.08		data_time 0.01		loss 0.506	prec@1 84.16	prec@5 94.53	
Train: epoch-21 (5000/7410)	batch_time 0.08		data_time 0.01		loss 0.493	prec@1 84.97	prec@5 94.41	
Train: epoch-21 (5200/7410)	batch_time 0.08		data_time 0.01		loss 0.492	prec@1 84.81	prec@5 94.72	
Train: epoch-21 (5400/7410)	batch_time 0.08		data_time 0.01		loss 0.520	prec@1 84.47	prec@5 94.53	
Train: epoch-21 (5600/7410)	batch_time 0.09		data_time 0.01		loss 0.488	prec@1 84.97	prec@5 95.22	
Train: epoch-21 (5800/7410)	batch_time 0.08		data_time 0.01		loss 0.468	prec@1 85.78	prec@5 95.69	
Train: epoch-21 (6000/7410)	batch_time 0.08		data_time 0.01		loss 0.489	prec@1 84.97	prec@5 95.25	
Train: epoch-21 (6200/7410)	batch_time 0.08		data_time 0.01		loss 0.492	prec@1 85.00	prec@5 95.16	
Train: epoch-21 (6400/7410)	batch_time 0.08		data_time 0.01		loss 0.483	prec@1 85.06	prec@5 95.16	
Train: epoch-21 (6600/7410)	batch_time 0.08		data_time 0.01		loss 0.514	prec@1 84.69	prec@5 95.03	
Train: epoch-21 (6800/7410)	batch_time 0.08		data_time 0.01		loss 0.467	prec@1 85.97	prec@5 95.41	
Train: epoch-21 (7000/7410)	batch_time 0.08		data_time 0.01		loss 0.508	prec@1 84.44	prec@5 94.94	
Train: epoch-21 (7200/7410)	batch_time 0.08		data_time 0.01		loss 0.522	prec@1 83.91	prec@5 94.12	
Train: epoch-21 (7400/7410)	batch_time 0.08		data_time 0.01		loss 0.472	prec@1 85.47	prec@5 96.06	
Validate: Prec@1 94.62 Validate: Prec@5 99.63  Loss 0.184
Best Prec@1: 94.62

Train: epoch-22 (200/7410)	batch_time 0.19		data_time 0.11		loss 0.502	prec@1 84.28	prec@5 94.50	
Train: epoch-22 (400/7410)	batch_time 0.08		data_time 0.01		loss 0.490	prec@1 84.84	prec@5 94.81	
Train: epoch-22 (600/7410)	batch_time 0.08		data_time 0.01		loss 0.491	prec@1 84.97	prec@5 95.03	
Train: epoch-22 (800/7410)	batch_time 0.08		data_time 0.01		loss 0.480	prec@1 85.09	prec@5 94.53	
Train: epoch-22 (1000/7410)	batch_time 0.08		data_time 0.01		loss 0.526	prec@1 84.19	prec@5 94.56	
Train: epoch-22 (1200/7410)	batch_time 0.08		data_time 0.01		loss 0.480	prec@1 85.69	prec@5 94.81	
Train: epoch-22 (1400/7410)	batch_time 0.08		data_time 0.01		loss 0.510	prec@1 84.19	prec@5 94.44	
Train: epoch-22 (1600/7410)	batch_time 0.08		data_time 0.01		loss 0.471	prec@1 85.78	prec@5 95.31	
Train: epoch-22 (1800/7410)	batch_time 0.08		data_time 0.01		loss 0.539	prec@1 84.09	prec@5 94.09	
Train: epoch-22 (2000/7410)	batch_time 0.08		data_time 0.01		loss 0.505	prec@1 84.53	prec@5 95.59	
Train: epoch-22 (2200/7410)	batch_time 0.08		data_time 0.01		loss 0.530	prec@1 84.69	prec@5 94.69	
Train: epoch-22 (2400/7410)	batch_time 0.08		data_time 0.01		loss 0.454	prec@1 85.56	prec@5 95.88	
Train: epoch-22 (2600/7410)	batch_time 0.08		data_time 0.01		loss 0.492	prec@1 85.06	prec@5 95.34	
Train: epoch-22 (2800/7410)	batch_time 0.08		data_time 0.01		loss 0.481	prec@1 85.47	prec@5 95.41	
Train: epoch-22 (3000/7410)	batch_time 0.08		data_time 0.01		loss 0.479	prec@1 85.03	prec@5 95.53	
Train: epoch-22 (3200/7410)	batch_time 0.08		data_time 0.01		loss 0.463	prec@1 86.22	prec@5 95.19	
Train: epoch-22 (3400/7410)	batch_time 0.08		data_time 0.01		loss 0.486	prec@1 85.19	prec@5 95.16	
Train: epoch-22 (3600/7410)	batch_time 0.09		data_time 0.01		loss 0.487	prec@1 85.16	prec@5 95.47	
Train: epoch-22 (3800/7410)	batch_time 0.08		data_time 0.01		loss 0.509	prec@1 84.44	prec@5 94.06	
Train: epoch-22 (4000/7410)	batch_time 0.08		data_time 0.01		loss 0.504	prec@1 84.72	prec@5 95.19	
Train: epoch-22 (4200/7410)	batch_time 0.08		data_time 0.01		loss 0.498	prec@1 84.91	prec@5 94.31	
Train: epoch-22 (4400/7410)	batch_time 0.08		data_time 0.01		loss 0.499	prec@1 84.84	prec@5 94.75	
Train: epoch-22 (4600/7410)	batch_time 0.08		data_time 0.01		loss 0.502	prec@1 84.47	prec@5 94.69	
Train: epoch-22 (4800/7410)	batch_time 0.08		data_time 0.01		loss 0.481	prec@1 85.44	prec@5 94.88	
Train: epoch-22 (5000/7410)	batch_time 0.08		data_time 0.01		loss 0.468	prec@1 85.59	prec@5 95.47	
Train: epoch-22 (5200/7410)	batch_time 0.08		data_time 0.01		loss 0.446	prec@1 85.84	prec@5 95.88	
Train: epoch-22 (5400/7410)	batch_time 0.08		data_time 0.01		loss 0.498	prec@1 85.03	prec@5 94.84	
Train: epoch-22 (5600/7410)	batch_time 0.08		data_time 0.01		loss 0.495	prec@1 84.69	prec@5 95.09	
Train: epoch-22 (5800/7410)	batch_time 0.08		data_time 0.01		loss 0.471	prec@1 85.09	prec@5 95.78	
Train: epoch-22 (6000/7410)	batch_time 0.08		data_time 0.01		loss 0.488	prec@1 84.84	prec@5 95.19	
Train: epoch-22 (6200/7410)	batch_time 0.08		data_time 0.01		loss 0.484	prec@1 84.72	prec@5 95.53	
Train: epoch-22 (6400/7410)	batch_time 0.08		data_time 0.01		loss 0.522	prec@1 84.03	prec@5 94.72	
Train: epoch-22 (6600/7410)	batch_time 0.09		data_time 0.01		loss 0.495	prec@1 84.47	prec@5 95.28	
Train: epoch-22 (6800/7410)	batch_time 0.08		data_time 0.01		loss 0.484	prec@1 85.06	prec@5 94.97	
Train: epoch-22 (7000/7410)	batch_time 0.08		data_time 0.01		loss 0.520	prec@1 84.31	prec@5 94.56	
Train: epoch-22 (7200/7410)	batch_time 0.08		data_time 0.01		loss 0.514	prec@1 84.50	prec@5 94.72	
Train: epoch-22 (7400/7410)	batch_time 0.08		data_time 0.01		loss 0.473	prec@1 84.97	prec@5 95.41	
Validate: Prec@1 94.60 Validate: Prec@5 99.67  Loss 0.182
Best Prec@1: 94.62

Train: epoch-23 (200/7410)	batch_time 0.20		data_time 0.12		loss 0.509	prec@1 84.69	prec@5 95.09	
Train: epoch-23 (400/7410)	batch_time 0.08		data_time 0.01		loss 0.525	prec@1 84.28	prec@5 94.50	
Train: epoch-23 (600/7410)	batch_time 0.08		data_time 0.01		loss 0.482	prec@1 85.28	prec@5 94.91	
Train: epoch-23 (800/7410)	batch_time 0.08		data_time 0.01		loss 0.489	prec@1 84.84	prec@5 95.44	
Train: epoch-23 (1000/7410)	batch_time 0.08		data_time 0.01		loss 0.468	prec@1 85.94	prec@5 95.41	
Train: epoch-23 (1200/7410)	batch_time 0.08		data_time 0.01		loss 0.508	prec@1 84.44	prec@5 94.59	
Train: epoch-23 (1400/7410)	batch_time 0.08		data_time 0.01		loss 0.458	prec@1 85.66	prec@5 95.44	
Train: epoch-23 (1600/7410)	batch_time 0.08		data_time 0.01		loss 0.494	prec@1 84.94	prec@5 94.91	
Train: epoch-23 (1800/7410)	batch_time 0.08		data_time 0.01		loss 0.505	prec@1 84.31	prec@5 94.78	
Train: epoch-23 (2000/7410)	batch_time 0.08		data_time 0.01		loss 0.481	prec@1 85.38	prec@5 95.22	
Train: epoch-23 (2200/7410)	batch_time 0.08		data_time 0.01		loss 0.496	prec@1 84.81	prec@5 94.72	
Train: epoch-23 (2400/7410)	batch_time 0.08		data_time 0.01		loss 0.489	prec@1 84.81	prec@5 95.41	
Train: epoch-23 (2600/7410)	batch_time 0.08		data_time 0.01		loss 0.497	prec@1 85.09	prec@5 94.59	
Train: epoch-23 (2800/7410)	batch_time 0.08		data_time 0.01		loss 0.483	prec@1 85.59	prec@5 94.91	
Train: epoch-23 (3000/7410)	batch_time 0.08		data_time 0.01		loss 0.514	prec@1 84.81	prec@5 94.91	
Train: epoch-23 (3200/7410)	batch_time 0.08		data_time 0.01		loss 0.502	prec@1 84.59	prec@5 95.25	
Train: epoch-23 (3400/7410)	batch_time 0.08		data_time 0.01		loss 0.498	prec@1 85.19	prec@5 95.09	
Train: epoch-23 (3600/7410)	batch_time 0.08		data_time 0.01		loss 0.509	prec@1 84.47	prec@5 94.84	
Train: epoch-23 (3800/7410)	batch_time 0.08		data_time 0.01		loss 0.507	prec@1 84.31	prec@5 94.66	
Train: epoch-23 (4000/7410)	batch_time 0.08		data_time 0.01		loss 0.512	prec@1 85.25	prec@5 94.69	
Train: epoch-23 (4200/7410)	batch_time 0.08		data_time 0.01		loss 0.466	prec@1 85.34	prec@5 95.62	
Train: epoch-23 (4400/7410)	batch_time 0.08		data_time 0.01		loss 0.480	prec@1 85.44	prec@5 94.97	
Train: epoch-23 (4600/7410)	batch_time 0.08		data_time 0.01		loss 0.490	prec@1 85.00	prec@5 95.25	
Train: epoch-23 (4800/7410)	batch_time 0.08		data_time 0.01		loss 0.463	prec@1 86.09	prec@5 95.31	
Train: epoch-23 (5000/7410)	batch_time 0.08		data_time 0.01		loss 0.494	prec@1 84.62	prec@5 94.72	
Train: epoch-23 (5200/7410)	batch_time 0.08		data_time 0.01		loss 0.499	prec@1 84.88	prec@5 94.53	
Train: epoch-23 (5400/7410)	batch_time 0.08		data_time 0.01		loss 0.497	prec@1 84.88	prec@5 94.47	
Train: epoch-23 (5600/7410)	batch_time 0.08		data_time 0.01		loss 0.507	prec@1 84.72	prec@5 94.31	
Train: epoch-23 (5800/7410)	batch_time 0.08		data_time 0.01		loss 0.515	prec@1 84.16	prec@5 94.22	
Train: epoch-23 (6000/7410)	batch_time 0.08		data_time 0.01		loss 0.509	prec@1 84.88	prec@5 95.25	
Train: epoch-23 (6200/7410)	batch_time 0.08		data_time 0.01		loss 0.500	prec@1 85.06	prec@5 94.97	
Train: epoch-23 (6400/7410)	batch_time 0.08		data_time 0.01		loss 0.531	prec@1 83.94	prec@5 94.56	
Train: epoch-23 (6600/7410)	batch_time 0.08		data_time 0.01		loss 0.480	prec@1 85.34	prec@5 95.16	
Train: epoch-23 (6800/7410)	batch_time 0.08		data_time 0.01		loss 0.511	prec@1 84.31	prec@5 94.81	
Train: epoch-23 (7000/7410)	batch_time 0.08		data_time 0.01		loss 0.478	prec@1 85.69	prec@5 95.28	
Train: epoch-23 (7200/7410)	batch_time 0.08		data_time 0.01		loss 0.495	prec@1 84.41	prec@5 95.34	
Train: epoch-23 (7400/7410)	batch_time 0.09		data_time 0.01		loss 0.489	prec@1 84.84	prec@5 94.78	
Validate: Prec@1 94.55 Validate: Prec@5 99.63  Loss 0.182
Best Prec@1: 94.62

Train: epoch-24 (200/7410)	batch_time 0.19		data_time 0.12		loss 0.509	prec@1 84.78	prec@5 94.91	
Train: epoch-24 (400/7410)	batch_time 0.08		data_time 0.01		loss 0.479	prec@1 85.81	prec@5 95.16	
Train: epoch-24 (600/7410)	batch_time 0.08		data_time 0.01		loss 0.482	prec@1 85.12	prec@5 94.84	
Train: epoch-24 (800/7410)	batch_time 0.08		data_time 0.01		loss 0.476	prec@1 85.34	prec@5 95.66	
Train: epoch-24 (1000/7410)	batch_time 0.08		data_time 0.01		loss 0.472	prec@1 85.66	prec@5 95.41	
Train: epoch-24 (1200/7410)	batch_time 0.08		data_time 0.01		loss 0.520	prec@1 84.69	prec@5 94.69	
Train: epoch-24 (1400/7410)	batch_time 0.08		data_time 0.01		loss 0.525	prec@1 84.03	prec@5 94.12	
Train: epoch-24 (1600/7410)	batch_time 0.08		data_time 0.01		loss 0.455	prec@1 85.91	prec@5 95.81	
Train: epoch-24 (1800/7410)	batch_time 0.08		data_time 0.01		loss 0.469	prec@1 85.53	prec@5 95.09	
Train: epoch-24 (2000/7410)	batch_time 0.08		data_time 0.01		loss 0.525	prec@1 84.16	prec@5 94.31	
Train: epoch-24 (2200/7410)	batch_time 0.08		data_time 0.01		loss 0.471	prec@1 86.31	prec@5 95.28	
Train: epoch-24 (2400/7410)	batch_time 0.08		data_time 0.01		loss 0.501	prec@1 85.22	prec@5 94.75	
Train: epoch-24 (2600/7410)	batch_time 0.08		data_time 0.01		loss 0.485	prec@1 84.75	prec@5 95.19	
Train: epoch-24 (2800/7410)	batch_time 0.08		data_time 0.01		loss 0.481	prec@1 85.12	prec@5 95.03	
Train: epoch-24 (3000/7410)	batch_time 0.08		data_time 0.01		loss 0.454	prec@1 85.75	prec@5 95.72	
Train: epoch-24 (3200/7410)	batch_time 0.08		data_time 0.01		loss 0.472	prec@1 86.38	prec@5 95.53	
Train: epoch-24 (3400/7410)	batch_time 0.08		data_time 0.01		loss 0.471	prec@1 85.28	prec@5 95.12	
Train: epoch-24 (3600/7410)	batch_time 0.08		data_time 0.01		loss 0.466	prec@1 84.97	prec@5 95.34	
Train: epoch-24 (3800/7410)	batch_time 0.08		data_time 0.01		loss 0.469	prec@1 85.31	prec@5 95.50	
Train: epoch-24 (4000/7410)	batch_time 0.08		data_time 0.01		loss 0.459	prec@1 86.00	prec@5 95.78	
Train: epoch-24 (4200/7410)	batch_time 0.08		data_time 0.01		loss 0.507	prec@1 84.50	prec@5 95.16	
Train: epoch-24 (4400/7410)	batch_time 0.08		data_time 0.01		loss 0.491	prec@1 85.16	prec@5 95.12	
Train: epoch-24 (4600/7410)	batch_time 0.08		data_time 0.01		loss 0.467	prec@1 85.72	prec@5 95.38	
Train: epoch-24 (4800/7410)	batch_time 0.08		data_time 0.01		loss 0.496	prec@1 84.72	prec@5 94.78	
Train: epoch-24 (5000/7410)	batch_time 0.08		data_time 0.01		loss 0.490	prec@1 85.28	prec@5 95.16	
Train: epoch-24 (5200/7410)	batch_time 0.08		data_time 0.01		loss 0.488	prec@1 85.09	prec@5 95.41	
Train: epoch-24 (5400/7410)	batch_time 0.08		data_time 0.01		loss 0.503	prec@1 84.59	prec@5 95.41	
Train: epoch-24 (5600/7410)	batch_time 0.08		data_time 0.01		loss 0.500	prec@1 84.28	prec@5 95.12	
Train: epoch-24 (5800/7410)	batch_time 0.08		data_time 0.01		loss 0.468	prec@1 85.94	prec@5 95.34	
Train: epoch-24 (6000/7410)	batch_time 0.08		data_time 0.01		loss 0.492	prec@1 85.03	prec@5 94.28	
Train: epoch-24 (6200/7410)	batch_time 0.08		data_time 0.01		loss 0.490	prec@1 85.19	prec@5 94.94	
Train: epoch-24 (6400/7410)	batch_time 0.08		data_time 0.01		loss 0.476	prec@1 84.41	prec@5 95.88	
Train: epoch-24 (6600/7410)	batch_time 0.08		data_time 0.01		loss 0.460	prec@1 86.28	prec@5 95.81	
Train: epoch-24 (6800/7410)	batch_time 0.08		data_time 0.01		loss 0.484	prec@1 84.62	prec@5 95.41	
Train: epoch-24 (7000/7410)	batch_time 0.08		data_time 0.01		loss 0.480	prec@1 85.38	prec@5 95.25	
Train: epoch-24 (7200/7410)	batch_time 0.08		data_time 0.01		loss 0.486	prec@1 84.53	prec@5 95.41	
Train: epoch-24 (7400/7410)	batch_time 0.08		data_time 0.01		loss 0.475	prec@1 86.06	prec@5 95.25	
Validate: Prec@1 94.66 Validate: Prec@5 99.64  Loss 0.180
Best Prec@1: 94.66

Train: epoch-25 (200/7410)	batch_time 0.20		data_time 0.12		loss 0.485	prec@1 84.94	prec@5 95.06	
Train: epoch-25 (400/7410)	batch_time 0.08		data_time 0.01		loss 0.509	prec@1 84.59	prec@5 94.41	
Train: epoch-25 (600/7410)	batch_time 0.08		data_time 0.01		loss 0.473	prec@1 85.47	prec@5 95.53	
Train: epoch-25 (800/7410)	batch_time 0.08		data_time 0.01		loss 0.535	prec@1 83.84	prec@5 94.88	
Train: epoch-25 (1000/7410)	batch_time 0.08		data_time 0.01		loss 0.436	prec@1 86.62	prec@5 96.12	
Train: epoch-25 (1200/7410)	batch_time 0.08		data_time 0.01		loss 0.466	prec@1 85.56	prec@5 95.12	
Train: epoch-25 (1400/7410)	batch_time 0.08		data_time 0.01		loss 0.488	prec@1 84.72	prec@5 94.97	
Train: epoch-25 (1600/7410)	batch_time 0.08		data_time 0.01		loss 0.479	prec@1 84.97	prec@5 95.22	
Train: epoch-25 (1800/7410)	batch_time 0.09		data_time 0.01		loss 0.464	prec@1 85.97	prec@5 95.28	
Train: epoch-25 (2000/7410)	batch_time 0.08		data_time 0.01		loss 0.486	prec@1 85.19	prec@5 94.84	
Train: epoch-25 (2200/7410)	batch_time 0.08		data_time 0.01		loss 0.508	prec@1 84.84	prec@5 94.88	
Train: epoch-25 (2400/7410)	batch_time 0.08		data_time 0.01		loss 0.489	prec@1 85.19	prec@5 94.47	
Train: epoch-25 (2600/7410)	batch_time 0.08		data_time 0.01		loss 0.471	prec@1 85.72	prec@5 95.38	
Train: epoch-25 (2800/7410)	batch_time 0.08		data_time 0.01		loss 0.504	prec@1 85.06	prec@5 94.62	
Train: epoch-25 (3000/7410)	batch_time 0.08		data_time 0.01		loss 0.482	prec@1 85.41	prec@5 95.28	
Train: epoch-25 (3200/7410)	batch_time 0.08		data_time 0.01		loss 0.497	prec@1 84.38	prec@5 95.06	
Train: epoch-25 (3400/7410)	batch_time 0.08		data_time 0.01		loss 0.511	prec@1 83.97	prec@5 94.31	
Train: epoch-25 (3600/7410)	batch_time 0.08		data_time 0.01		loss 0.500	prec@1 85.03	prec@5 95.19	
Train: epoch-25 (3800/7410)	batch_time 0.08		data_time 0.01		loss 0.458	prec@1 85.84	prec@5 95.47	
Train: epoch-25 (4000/7410)	batch_time 0.08		data_time 0.01		loss 0.504	prec@1 84.91	prec@5 94.69	
Train: epoch-25 (4200/7410)	batch_time 0.08		data_time 0.01		loss 0.514	prec@1 84.12	prec@5 94.41	
Train: epoch-25 (4400/7410)	batch_time 0.09		data_time 0.01		loss 0.460	prec@1 85.66	prec@5 95.72	
Train: epoch-25 (4600/7410)	batch_time 0.08		data_time 0.01		loss 0.459	prec@1 85.75	prec@5 95.41	
Train: epoch-25 (4800/7410)	batch_time 0.08		data_time 0.01		loss 0.521	prec@1 83.69	prec@5 94.53	
Train: epoch-25 (5000/7410)	batch_time 0.08		data_time 0.01		loss 0.476	prec@1 84.91	prec@5 95.12	
Train: epoch-25 (5200/7410)	batch_time 0.08		data_time 0.01		loss 0.509	prec@1 84.62	prec@5 94.88	
Train: epoch-25 (5400/7410)	batch_time 0.08		data_time 0.01		loss 0.457	prec@1 86.09	prec@5 95.50	
Train: epoch-25 (5600/7410)	batch_time 0.08		data_time 0.01		loss 0.506	prec@1 84.31	prec@5 95.22	
Train: epoch-25 (5800/7410)	batch_time 0.08		data_time 0.01		loss 0.482	prec@1 85.41	prec@5 95.19	
Train: epoch-25 (6000/7410)	batch_time 0.08		data_time 0.01		loss 0.450	prec@1 86.56	prec@5 95.66	
Train: epoch-25 (6200/7410)	batch_time 0.08		data_time 0.01		loss 0.511	prec@1 84.72	prec@5 94.94	
Train: epoch-25 (6400/7410)	batch_time 0.08		data_time 0.01		loss 0.489	prec@1 85.41	prec@5 95.25	
Train: epoch-25 (6600/7410)	batch_time 0.08		data_time 0.01		loss 0.498	prec@1 85.44	prec@5 94.47	
Train: epoch-25 (6800/7410)	batch_time 0.08		data_time 0.01		loss 0.493	prec@1 84.66	prec@5 95.12	
Train: epoch-25 (7000/7410)	batch_time 0.08		data_time 0.01		loss 0.490	prec@1 84.56	prec@5 94.84	
Train: epoch-25 (7200/7410)	batch_time 0.08		data_time 0.01		loss 0.484	prec@1 85.16	prec@5 94.88	
Train: epoch-25 (7400/7410)	batch_time 0.08		data_time 0.01		loss 0.491	prec@1 85.12	prec@5 94.69	
Validate: Prec@1 94.68 Validate: Prec@5 99.64  Loss 0.180
Best Prec@1: 94.68

Train: epoch-26 (200/7410)	batch_time 0.19		data_time 0.12		loss 0.509	prec@1 84.25	prec@5 94.97	
Train: epoch-26 (400/7410)	batch_time 0.08		data_time 0.01		loss 0.444	prec@1 86.69	prec@5 95.88	
Train: epoch-26 (600/7410)	batch_time 0.08		data_time 0.01		loss 0.451	prec@1 86.44	prec@5 95.84	
Train: epoch-26 (800/7410)	batch_time 0.08		data_time 0.01		loss 0.489	prec@1 84.53	prec@5 95.06	
Train: epoch-26 (1000/7410)	batch_time 0.08		data_time 0.01		loss 0.489	prec@1 84.75	prec@5 94.84	
Train: epoch-26 (1200/7410)	batch_time 0.08		data_time 0.01		loss 0.503	prec@1 84.34	prec@5 94.97	
Train: epoch-26 (1400/7410)	batch_time 0.08		data_time 0.01		loss 0.498	prec@1 85.00	prec@5 95.03	
Train: epoch-26 (1600/7410)	batch_time 0.08		data_time 0.01		loss 0.481	prec@1 85.38	prec@5 94.59	
Train: epoch-26 (1800/7410)	batch_time 0.08		data_time 0.01		loss 0.496	prec@1 84.19	prec@5 95.25	
Train: epoch-26 (2000/7410)	batch_time 0.08		data_time 0.01		loss 0.520	prec@1 84.06	prec@5 94.62	
Train: epoch-26 (2200/7410)	batch_time 0.08		data_time 0.01		loss 0.483	prec@1 85.12	prec@5 95.22	
Train: epoch-26 (2400/7410)	batch_time 0.08		data_time 0.01		loss 0.528	prec@1 83.97	prec@5 94.62	
Train: epoch-26 (2600/7410)	batch_time 0.08		data_time 0.01		loss 0.471	prec@1 85.31	prec@5 95.41	
Train: epoch-26 (2800/7410)	batch_time 0.08		data_time 0.01		loss 0.490	prec@1 85.12	prec@5 95.28	
Train: epoch-26 (3000/7410)	batch_time 0.08		data_time 0.01		loss 0.502	prec@1 84.53	prec@5 94.94	
Train: epoch-26 (3200/7410)	batch_time 0.08		data_time 0.01		loss 0.473	prec@1 85.25	prec@5 95.12	
Train: epoch-26 (3400/7410)	batch_time 0.08		data_time 0.01		loss 0.498	prec@1 84.38	prec@5 95.25	
Train: epoch-26 (3600/7410)	batch_time 0.08		data_time 0.01		loss 0.443	prec@1 86.56	prec@5 96.00	
Train: epoch-26 (3800/7410)	batch_time 0.08		data_time 0.01		loss 0.511	prec@1 84.78	prec@5 94.78	
Train: epoch-26 (4000/7410)	batch_time 0.08		data_time 0.01		loss 0.490	prec@1 85.31	prec@5 94.84	
Train: epoch-26 (4200/7410)	batch_time 0.08		data_time 0.01		loss 0.517	prec@1 84.34	prec@5 94.84	
Train: epoch-26 (4400/7410)	batch_time 0.08		data_time 0.01		loss 0.487	prec@1 84.84	prec@5 95.12	
Train: epoch-26 (4600/7410)	batch_time 0.08		data_time 0.01		loss 0.448	prec@1 86.97	prec@5 95.38	
Train: epoch-26 (4800/7410)	batch_time 0.08		data_time 0.01		loss 0.506	prec@1 84.66	prec@5 94.62	
Train: epoch-26 (5000/7410)	batch_time 0.08		data_time 0.01		loss 0.474	prec@1 85.41	prec@5 94.91	
Train: epoch-26 (5200/7410)	batch_time 0.08		data_time 0.01		loss 0.497	prec@1 84.66	prec@5 95.12	
Train: epoch-26 (5400/7410)	batch_time 0.08		data_time 0.01		loss 0.452	prec@1 86.34	prec@5 95.25	
Train: epoch-26 (5600/7410)	batch_time 0.08		data_time 0.01		loss 0.477	prec@1 85.16	prec@5 96.09	
Train: epoch-26 (5800/7410)	batch_time 0.08		data_time 0.01		loss 0.485	prec@1 85.28	prec@5 95.22	
Train: epoch-26 (6000/7410)	batch_time 0.08		data_time 0.01		loss 0.464	prec@1 85.97	prec@5 95.16	
Train: epoch-26 (6200/7410)	batch_time 0.08		data_time 0.01		loss 0.472	prec@1 85.09	prec@5 95.91	
Train: epoch-26 (6400/7410)	batch_time 0.08		data_time 0.01		loss 0.467	prec@1 86.16	prec@5 95.28	
Train: epoch-26 (6600/7410)	batch_time 0.08		data_time 0.01		loss 0.475	prec@1 85.75	prec@5 95.12	
Train: epoch-26 (6800/7410)	batch_time 0.08		data_time 0.01		loss 0.471	prec@1 85.62	prec@5 95.19	
Train: epoch-26 (7000/7410)	batch_time 0.08		data_time 0.01		loss 0.497	prec@1 84.88	prec@5 94.47	
Train: epoch-26 (7200/7410)	batch_time 0.08		data_time 0.01		loss 0.498	prec@1 85.12	prec@5 94.44	
Train: epoch-26 (7400/7410)	batch_time 0.08		data_time 0.01		loss 0.482	prec@1 85.41	prec@5 95.00	
Validate: Prec@1 94.74 Validate: Prec@5 99.64  Loss 0.180
Best Prec@1: 94.74

Train: epoch-27 (200/7410)	batch_time 0.20		data_time 0.13		loss 0.501	prec@1 84.91	prec@5 94.75	
Train: epoch-27 (400/7410)	batch_time 0.08		data_time 0.01		loss 0.462	prec@1 85.56	prec@5 95.53	
Train: epoch-27 (600/7410)	batch_time 0.08		data_time 0.01		loss 0.483	prec@1 84.69	prec@5 95.22	
Train: epoch-27 (800/7410)	batch_time 0.08		data_time 0.01		loss 0.496	prec@1 84.59	prec@5 94.91	
Train: epoch-27 (1000/7410)	batch_time 0.08		data_time 0.01		loss 0.500	prec@1 84.84	prec@5 94.97	
Train: epoch-27 (1200/7410)	batch_time 0.08		data_time 0.01		loss 0.490	prec@1 85.28	prec@5 95.28	
Train: epoch-27 (1400/7410)	batch_time 0.08		data_time 0.01		loss 0.475	prec@1 85.88	prec@5 94.25	
Train: epoch-27 (1600/7410)	batch_time 0.08		data_time 0.01		loss 0.493	prec@1 84.88	prec@5 94.72	
Train: epoch-27 (1800/7410)	batch_time 0.08		data_time 0.01		loss 0.493	prec@1 84.53	prec@5 94.97	
Train: epoch-27 (2000/7410)	batch_time 0.08		data_time 0.01		loss 0.496	prec@1 84.69	prec@5 94.72	
Train: epoch-27 (2200/7410)	batch_time 0.08		data_time 0.01		loss 0.500	prec@1 84.03	prec@5 95.22	
Train: epoch-27 (2400/7410)	batch_time 0.08		data_time 0.01		loss 0.462	prec@1 86.12	prec@5 95.75	
Train: epoch-27 (2600/7410)	batch_time 0.08		data_time 0.01		loss 0.461	prec@1 85.41	prec@5 95.34	
Train: epoch-27 (2800/7410)	batch_time 0.08		data_time 0.01		loss 0.509	prec@1 84.66	prec@5 94.91	
Train: epoch-27 (3000/7410)	batch_time 0.08		data_time 0.01		loss 0.471	prec@1 85.44	prec@5 95.66	
Train: epoch-27 (3200/7410)	batch_time 0.08		data_time 0.01		loss 0.476	prec@1 85.47	prec@5 95.59	
Train: epoch-27 (3400/7410)	batch_time 0.08		data_time 0.01		loss 0.482	prec@1 85.41	prec@5 95.16	
Train: epoch-27 (3600/7410)	batch_time 0.08		data_time 0.01		loss 0.477	prec@1 85.44	prec@5 95.47	
Train: epoch-27 (3800/7410)	batch_time 0.08		data_time 0.01		loss 0.466	prec@1 85.94	prec@5 95.59	
Train: epoch-27 (4000/7410)	batch_time 0.08		data_time 0.01		loss 0.518	prec@1 83.72	prec@5 94.75	
Train: epoch-27 (4200/7410)	batch_time 0.08		data_time 0.01		loss 0.481	prec@1 85.00	prec@5 94.69	
Train: epoch-27 (4400/7410)	batch_time 0.08		data_time 0.01		loss 0.535	prec@1 83.41	prec@5 94.84	
Train: epoch-27 (4600/7410)	batch_time 0.08		data_time 0.01		loss 0.465	prec@1 85.69	prec@5 95.16	
Train: epoch-27 (4800/7410)	batch_time 0.08		data_time 0.01		loss 0.491	prec@1 85.16	prec@5 95.19	
Train: epoch-27 (5000/7410)	batch_time 0.08		data_time 0.01		loss 0.491	prec@1 84.59	prec@5 94.81	
Train: epoch-27 (5200/7410)	batch_time 0.08		data_time 0.01		loss 0.510	prec@1 84.19	prec@5 94.97	
Train: epoch-27 (5400/7410)	batch_time 0.08		data_time 0.01		loss 0.464	prec@1 85.38	prec@5 95.62	
Train: epoch-27 (5600/7410)	batch_time 0.08		data_time 0.01		loss 0.485	prec@1 85.41	prec@5 94.94	
Train: epoch-27 (5800/7410)	batch_time 0.08		data_time 0.01		loss 0.495	prec@1 85.34	prec@5 95.12	
Train: epoch-27 (6000/7410)	batch_time 0.08		data_time 0.01		loss 0.472	prec@1 85.00	prec@5 95.81	
Train: epoch-27 (6200/7410)	batch_time 0.08		data_time 0.01		loss 0.491	prec@1 85.97	prec@5 94.38	
Train: epoch-27 (6400/7410)	batch_time 0.08		data_time 0.01		loss 0.459	prec@1 85.78	prec@5 95.72	
Train: epoch-27 (6600/7410)	batch_time 0.08		data_time 0.01		loss 0.523	prec@1 84.53	prec@5 94.25	
Train: epoch-27 (6800/7410)	batch_time 0.08		data_time 0.01		loss 0.465	prec@1 85.81	prec@5 95.56	
Train: epoch-27 (7000/7410)	batch_time 0.08		data_time 0.01		loss 0.491	prec@1 85.06	prec@5 95.38	
Train: epoch-27 (7200/7410)	batch_time 0.08		data_time 0.01		loss 0.474	prec@1 85.56	prec@5 95.12	
Train: epoch-27 (7400/7410)	batch_time 0.08		data_time 0.01		loss 0.450	prec@1 87.06	prec@5 95.53	
Validate: Prec@1 94.71 Validate: Prec@5 99.64  Loss 0.180
Best Prec@1: 94.74

Train: epoch-28 (200/7410)	batch_time 0.19		data_time 0.12		loss 0.507	prec@1 84.28	prec@5 95.12	
Train: epoch-28 (400/7410)	batch_time 0.08		data_time 0.01		loss 0.480	prec@1 85.03	prec@5 95.69	
Train: epoch-28 (600/7410)	batch_time 0.08		data_time 0.01		loss 0.488	prec@1 85.12	prec@5 94.78	
Train: epoch-28 (800/7410)	batch_time 0.07		data_time 0.01		loss 0.465	prec@1 85.44	prec@5 95.09	
Train: epoch-28 (1000/7410)	batch_time 0.08		data_time 0.01		loss 0.487	prec@1 84.88	prec@5 95.06	
Train: epoch-28 (1200/7410)	batch_time 0.08		data_time 0.01		loss 0.470	prec@1 85.62	prec@5 95.09	
Train: epoch-28 (1400/7410)	batch_time 0.08		data_time 0.01		loss 0.474	prec@1 85.44	prec@5 95.16	
Train: epoch-28 (1600/7410)	batch_time 0.08		data_time 0.01		loss 0.489	prec@1 85.38	prec@5 95.00	
Train: epoch-28 (1800/7410)	batch_time 0.08		data_time 0.01		loss 0.502	prec@1 85.03	prec@5 94.78	
Train: epoch-28 (2000/7410)	batch_time 0.08		data_time 0.01		loss 0.483	prec@1 85.22	prec@5 95.06	
Train: epoch-28 (2200/7410)	batch_time 0.08		data_time 0.01		loss 0.488	prec@1 84.88	prec@5 95.28	
Train: epoch-28 (2400/7410)	batch_time 0.08		data_time 0.01		loss 0.504	prec@1 84.31	prec@5 95.06	
Train: epoch-28 (2600/7410)	batch_time 0.08		data_time 0.01		loss 0.492	prec@1 85.03	prec@5 94.72	
Train: epoch-28 (2800/7410)	batch_time 0.08		data_time 0.01		loss 0.498	prec@1 84.56	prec@5 94.81	
Train: epoch-28 (3000/7410)	batch_time 0.08		data_time 0.01		loss 0.487	prec@1 85.12	prec@5 94.84	
Train: epoch-28 (3200/7410)	batch_time 0.08		data_time 0.01		loss 0.485	prec@1 85.47	prec@5 95.03	
Train: epoch-28 (3400/7410)	batch_time 0.08		data_time 0.01		loss 0.512	prec@1 84.25	prec@5 94.12	
Train: epoch-28 (3600/7410)	batch_time 0.08		data_time 0.01		loss 0.485	prec@1 84.78	prec@5 95.06	
Train: epoch-28 (3800/7410)	batch_time 0.08		data_time 0.01		loss 0.495	prec@1 85.00	prec@5 95.22	
Train: epoch-28 (4000/7410)	batch_time 0.08		data_time 0.01		loss 0.489	prec@1 85.00	prec@5 95.91	
Train: epoch-28 (4200/7410)	batch_time 0.08		data_time 0.01		loss 0.494	prec@1 85.28	prec@5 94.78	
Train: epoch-28 (4400/7410)	batch_time 0.08		data_time 0.01		loss 0.481	prec@1 85.09	prec@5 94.94	
Train: epoch-28 (4600/7410)	batch_time 0.08		data_time 0.01		loss 0.482	prec@1 85.38	prec@5 94.84	
Train: epoch-28 (4800/7410)	batch_time 0.08		data_time 0.01		loss 0.469	prec@1 85.38	prec@5 95.62	
Train: epoch-28 (5000/7410)	batch_time 0.08		data_time 0.01		loss 0.483	prec@1 85.94	prec@5 95.31	
Train: epoch-28 (5200/7410)	batch_time 0.09		data_time 0.01		loss 0.478	prec@1 85.56	prec@5 95.34	
Train: epoch-28 (5400/7410)	batch_time 0.09		data_time 0.01		loss 0.506	prec@1 84.50	prec@5 94.94	
Train: epoch-28 (5600/7410)	batch_time 0.08		data_time 0.01		loss 0.479	prec@1 85.16	prec@5 95.28	
Train: epoch-28 (5800/7410)	batch_time 0.08		data_time 0.01		loss 0.487	prec@1 85.44	prec@5 94.78	
Train: epoch-28 (6000/7410)	batch_time 0.08		data_time 0.01		loss 0.494	prec@1 84.28	prec@5 94.97	
Train: epoch-28 (6200/7410)	batch_time 0.08		data_time 0.01		loss 0.445	prec@1 86.59	prec@5 95.44	
Train: epoch-28 (6400/7410)	batch_time 0.08		data_time 0.01		loss 0.474	prec@1 85.28	prec@5 95.06	
Train: epoch-28 (6600/7410)	batch_time 0.08		data_time 0.01		loss 0.463	prec@1 85.22	prec@5 95.91	
Train: epoch-28 (6800/7410)	batch_time 0.08		data_time 0.01		loss 0.494	prec@1 84.81	prec@5 95.16	
Train: epoch-28 (7000/7410)	batch_time 0.08		data_time 0.01		loss 0.484	prec@1 85.97	prec@5 94.97	
Train: epoch-28 (7200/7410)	batch_time 0.09		data_time 0.01		loss 0.487	prec@1 85.25	prec@5 95.06	
Train: epoch-28 (7400/7410)	batch_time 0.09		data_time 0.01		loss 0.486	prec@1 84.97	prec@5 95.22	
Validate: Prec@1 94.78 Validate: Prec@5 99.63  Loss 0.180
Best Prec@1: 94.78

Train: epoch-29 (200/7410)	batch_time 0.19		data_time 0.11		loss 0.513	prec@1 84.09	prec@5 95.03	
Train: epoch-29 (400/7410)	batch_time 0.08		data_time 0.01		loss 0.485	prec@1 85.78	prec@5 94.81	
Train: epoch-29 (600/7410)	batch_time 0.08		data_time 0.01		loss 0.462	prec@1 85.78	prec@5 95.38	
Train: epoch-29 (800/7410)	batch_time 0.08		data_time 0.01		loss 0.507	prec@1 84.91	prec@5 94.41	
Train: epoch-29 (1000/7410)	batch_time 0.09		data_time 0.01		loss 0.485	prec@1 85.09	prec@5 95.03	
Train: epoch-29 (1200/7410)	batch_time 0.09		data_time 0.01		loss 0.474	prec@1 85.59	prec@5 94.97	
Train: epoch-29 (1400/7410)	batch_time 0.09		data_time 0.01		loss 0.479	prec@1 84.94	prec@5 95.09	
Train: epoch-29 (1600/7410)	batch_time 0.08		data_time 0.01		loss 0.457	prec@1 85.59	prec@5 95.66	
Train: epoch-29 (1800/7410)	batch_time 0.09		data_time 0.01		loss 0.471	prec@1 86.09	prec@5 94.94	
Train: epoch-29 (2000/7410)	batch_time 0.09		data_time 0.01		loss 0.476	prec@1 85.31	prec@5 95.31	
Train: epoch-29 (2200/7410)	batch_time 0.08		data_time 0.01		loss 0.478	prec@1 85.41	prec@5 95.19	
Train: epoch-29 (2400/7410)	batch_time 0.09		data_time 0.01		loss 0.478	prec@1 85.44	prec@5 94.91	
Train: epoch-29 (2600/7410)	batch_time 0.09		data_time 0.01		loss 0.458	prec@1 86.09	prec@5 95.25	
Train: epoch-29 (2800/7410)	batch_time 0.09		data_time 0.01		loss 0.480	prec@1 85.12	prec@5 95.34	
Train: epoch-29 (3000/7410)	batch_time 0.08		data_time 0.01		loss 0.483	prec@1 84.84	prec@5 95.19	
Train: epoch-29 (3200/7410)	batch_time 0.08		data_time 0.01		loss 0.488	prec@1 85.12	prec@5 94.84	
Train: epoch-29 (3400/7410)	batch_time 0.08		data_time 0.01		loss 0.493	prec@1 84.72	prec@5 94.78	
Train: epoch-29 (3600/7410)	batch_time 0.08		data_time 0.01		loss 0.455	prec@1 86.19	prec@5 95.59	
Train: epoch-29 (3800/7410)	batch_time 0.09		data_time 0.01		loss 0.458	prec@1 86.38	prec@5 95.78	
Train: epoch-29 (4000/7410)	batch_time 0.09		data_time 0.01		loss 0.506	prec@1 84.69	prec@5 94.84	
Train: epoch-29 (4200/7410)	batch_time 0.09		data_time 0.01		loss 0.499	prec@1 85.03	prec@5 95.47	
Train: epoch-29 (4400/7410)	batch_time 0.08		data_time 0.01		loss 0.479	prec@1 85.78	prec@5 95.41	
Train: epoch-29 (4600/7410)	batch_time 0.08		data_time 0.01		loss 0.469	prec@1 85.88	prec@5 95.19	
Train: epoch-29 (4800/7410)	batch_time 0.09		data_time 0.01		loss 0.466	prec@1 86.19	prec@5 95.53	
Train: epoch-29 (5000/7410)	batch_time 0.09		data_time 0.01		loss 0.470	prec@1 86.12	prec@5 95.28	
Train: epoch-29 (5200/7410)	batch_time 0.08		data_time 0.01		loss 0.538	prec@1 83.81	prec@5 94.59	
Train: epoch-29 (5400/7410)	batch_time 0.09		data_time 0.01		loss 0.454	prec@1 86.06	prec@5 95.66	
Train: epoch-29 (5600/7410)	batch_time 0.08		data_time 0.01		loss 0.507	prec@1 84.22	prec@5 95.28	
Train: epoch-29 (5800/7410)	batch_time 0.08		data_time 0.01		loss 0.508	prec@1 84.84	prec@5 94.19	
Train: epoch-29 (6000/7410)	batch_time 0.09		data_time 0.01		loss 0.466	prec@1 85.84	prec@5 95.22	
Train: epoch-29 (6200/7410)	batch_time 0.09		data_time 0.01		loss 0.458	prec@1 86.16	prec@5 95.78	
Train: epoch-29 (6400/7410)	batch_time 0.08		data_time 0.01		loss 0.475	prec@1 85.62	prec@5 95.47	
Train: epoch-29 (6600/7410)	batch_time 0.09		data_time 0.01		loss 0.520	prec@1 84.19	prec@5 94.41	
Train: epoch-29 (6800/7410)	batch_time 0.09		data_time 0.01		loss 0.470	prec@1 85.62	prec@5 96.00	
Train: epoch-29 (7000/7410)	batch_time 0.08		data_time 0.01		loss 0.494	prec@1 84.97	prec@5 95.06	
Train: epoch-29 (7200/7410)	batch_time 0.08		data_time 0.01		loss 0.479	prec@1 85.12	prec@5 95.25	
Train: epoch-29 (7400/7410)	batch_time 0.09		data_time 0.01		loss 0.474	prec@1 86.00	prec@5 94.72	
Validate: Prec@1 94.70 Validate: Prec@5 99.65  Loss 0.180
Best Prec@1: 94.78

