Train: epoch-0 (200/7410)	batch_time 0.25		data_time 0.14		loss 3.310	prec@1 6.91	prec@5 23.78	
Train: epoch-0 (400/7410)	batch_time 0.11		data_time 0.01		loss 3.081	prec@1 11.47	prec@5 38.56	
Train: epoch-0 (600/7410)	batch_time 0.11		data_time 0.01		loss 2.813	prec@1 18.69	prec@5 52.78	
Train: epoch-0 (800/7410)	batch_time 0.11		data_time 0.01		loss 2.567	prec@1 24.97	prec@5 61.09	
Train: epoch-0 (1000/7410)	batch_time 0.11		data_time 0.01		loss 2.419	prec@1 28.12	prec@5 65.19	
Train: epoch-0 (1200/7410)	batch_time 0.11		data_time 0.01		loss 2.270	prec@1 31.94	prec@5 70.59	
Train: epoch-0 (1400/7410)	batch_time 0.11		data_time 0.01		loss 2.231	prec@1 33.41	prec@5 70.19	
Train: epoch-0 (1600/7410)	batch_time 0.11		data_time 0.01		loss 2.110	prec@1 36.44	prec@5 73.50	
Train: epoch-0 (1800/7410)	batch_time 0.11		data_time 0.01		loss 2.057	prec@1 38.81	prec@5 74.91	
Train: epoch-0 (2000/7410)	batch_time 0.11		data_time 0.01		loss 2.039	prec@1 37.41	prec@5 75.25	
Train: epoch-0 (2200/7410)	batch_time 0.11		data_time 0.01		loss 1.959	prec@1 38.72	prec@5 77.00	
Train: epoch-0 (2400/7410)	batch_time 0.11		data_time 0.01		loss 1.940	prec@1 40.16	prec@5 75.69	
Train: epoch-0 (2600/7410)	batch_time 0.11		data_time 0.01		loss 1.928	prec@1 40.66	prec@5 77.34	
Train: epoch-0 (2800/7410)	batch_time 0.11		data_time 0.01		loss 1.869	prec@1 41.75	prec@5 77.81	
Train: epoch-0 (3000/7410)	batch_time 0.11		data_time 0.01		loss 1.872	prec@1 40.97	prec@5 78.34	
Train: epoch-0 (3200/7410)	batch_time 0.11		data_time 0.01		loss 1.810	prec@1 43.16	prec@5 79.25	
Train: epoch-0 (3400/7410)	batch_time 0.11		data_time 0.01		loss 1.851	prec@1 42.50	prec@5 78.22	
Train: epoch-0 (3600/7410)	batch_time 0.11		data_time 0.01		loss 1.759	prec@1 44.81	prec@5 80.38	
Train: epoch-0 (3800/7410)	batch_time 0.11		data_time 0.01		loss 1.760	prec@1 44.44	prec@5 79.75	
Train: epoch-0 (4000/7410)	batch_time 0.11		data_time 0.01		loss 1.705	prec@1 47.19	prec@5 81.59	
Train: epoch-0 (4200/7410)	batch_time 0.11		data_time 0.01		loss 1.764	prec@1 44.81	prec@5 79.53	
Train: epoch-0 (4400/7410)	batch_time 0.11		data_time 0.01		loss 1.718	prec@1 46.81	prec@5 81.50	
Train: epoch-0 (4600/7410)	batch_time 0.11		data_time 0.01		loss 1.716	prec@1 45.47	prec@5 80.56	
Train: epoch-0 (4800/7410)	batch_time 0.11		data_time 0.01		loss 1.710	prec@1 46.31	prec@5 80.09	
Train: epoch-0 (5000/7410)	batch_time 0.11		data_time 0.01		loss 1.647	prec@1 46.84	prec@5 81.94	
Train: epoch-0 (5200/7410)	batch_time 0.11		data_time 0.01		loss 1.680	prec@1 46.47	prec@5 80.75	
Train: epoch-0 (5400/7410)	batch_time 0.11		data_time 0.01		loss 1.606	prec@1 47.97	prec@5 83.12	
Train: epoch-0 (5600/7410)	batch_time 0.11		data_time 0.01		loss 1.682	prec@1 46.03	prec@5 81.50	
Train: epoch-0 (5800/7410)	batch_time 0.11		data_time 0.01		loss 1.628	prec@1 48.66	prec@5 81.19	
Train: epoch-0 (6000/7410)	batch_time 0.11		data_time 0.01		loss 1.617	prec@1 47.19	prec@5 81.97	
Train: epoch-0 (6200/7410)	batch_time 0.11		data_time 0.01		loss 1.621	prec@1 47.62	prec@5 82.16	
Train: epoch-0 (6400/7410)	batch_time 0.08		data_time 0.01		loss 1.609	prec@1 48.91	prec@5 83.00	
Train: epoch-0 (6600/7410)	batch_time 0.11		data_time 0.02		loss 1.631	prec@1 47.94	prec@5 81.84	
Train: epoch-0 (6800/7410)	batch_time 0.12		data_time 0.02		loss 1.599	prec@1 48.97	prec@5 82.72	
Train: epoch-0 (7000/7410)	batch_time 0.12		data_time 0.02		loss 1.634	prec@1 48.66	prec@5 81.78	
Train: epoch-0 (7200/7410)	batch_time 0.10		data_time 0.01		loss 1.570	prec@1 49.16	prec@5 83.53	
Train: epoch-0 (7400/7410)	batch_time 0.09		data_time 0.01		loss 1.564	prec@1 51.06	prec@5 82.34	
Validate: Prec@1 57.35 Validate: Prec@5 91.33  Loss 1.268
Best Prec@1: 57.35

Train: epoch-1 (200/7410)	batch_time 0.23		data_time 0.13		loss 1.571	prec@1 50.41	prec@5 82.41	
Train: epoch-1 (400/7410)	batch_time 0.11		data_time 0.01		loss 1.547	prec@1 51.25	prec@5 83.22	
Train: epoch-1 (600/7410)	batch_time 0.11		data_time 0.02		loss 1.614	prec@1 48.53	prec@5 82.25	
Train: epoch-1 (800/7410)	batch_time 0.11		data_time 0.01		loss 1.556	prec@1 51.03	prec@5 82.75	
Train: epoch-1 (1000/7410)	batch_time 0.11		data_time 0.01		loss 1.532	prec@1 51.34	prec@5 83.38	
Train: epoch-1 (1200/7410)	batch_time 0.11		data_time 0.02		loss 1.549	prec@1 49.75	prec@5 84.12	
Train: epoch-1 (1400/7410)	batch_time 0.11		data_time 0.01		loss 1.560	prec@1 49.53	prec@5 83.22	
Train: epoch-1 (1600/7410)	batch_time 0.11		data_time 0.01		loss 1.507	prec@1 50.66	prec@5 83.44	
Train: epoch-1 (1800/7410)	batch_time 0.11		data_time 0.01		loss 1.489	prec@1 50.72	prec@5 84.78	
Train: epoch-1 (2000/7410)	batch_time 0.11		data_time 0.01		loss 1.514	prec@1 51.28	prec@5 84.00	
Train: epoch-1 (2200/7410)	batch_time 0.11		data_time 0.01		loss 1.532	prec@1 50.28	prec@5 83.72	
Train: epoch-1 (2400/7410)	batch_time 0.11		data_time 0.01		loss 1.493	prec@1 51.62	prec@5 84.88	
Train: epoch-1 (2600/7410)	batch_time 0.11		data_time 0.01		loss 1.510	prec@1 51.97	prec@5 83.28	
Train: epoch-1 (2800/7410)	batch_time 0.11		data_time 0.01		loss 1.552	prec@1 50.97	prec@5 82.97	
Train: epoch-1 (3000/7410)	batch_time 0.11		data_time 0.01		loss 1.545	prec@1 51.09	prec@5 83.84	
Train: epoch-1 (3200/7410)	batch_time 0.11		data_time 0.01		loss 1.448	prec@1 51.47	prec@5 85.12	
Train: epoch-1 (3400/7410)	batch_time 0.11		data_time 0.01		loss 1.484	prec@1 52.12	prec@5 84.31	
Train: epoch-1 (3600/7410)	batch_time 0.11		data_time 0.01		loss 1.501	prec@1 51.69	prec@5 83.97	
Train: epoch-1 (3800/7410)	batch_time 0.11		data_time 0.01		loss 1.464	prec@1 53.66	prec@5 85.41	
Train: epoch-1 (4000/7410)	batch_time 0.11		data_time 0.01		loss 1.466	prec@1 53.31	prec@5 84.16	
Train: epoch-1 (4200/7410)	batch_time 0.11		data_time 0.01		loss 1.522	prec@1 50.16	prec@5 83.44	
Train: epoch-1 (4400/7410)	batch_time 0.11		data_time 0.01		loss 1.522	prec@1 51.16	prec@5 82.75	
Train: epoch-1 (4600/7410)	batch_time 0.11		data_time 0.01		loss 1.474	prec@1 52.91	prec@5 85.16	
Train: epoch-1 (4800/7410)	batch_time 0.11		data_time 0.01		loss 1.422	prec@1 54.09	prec@5 85.09	
Train: epoch-1 (5000/7410)	batch_time 0.11		data_time 0.01		loss 1.458	prec@1 54.53	prec@5 83.84	
Train: epoch-1 (5200/7410)	batch_time 0.11		data_time 0.01		loss 1.454	prec@1 52.66	prec@5 84.56	
Train: epoch-1 (5400/7410)	batch_time 0.11		data_time 0.01		loss 1.461	prec@1 53.47	prec@5 85.25	
Train: epoch-1 (5600/7410)	batch_time 0.11		data_time 0.01		loss 1.469	prec@1 52.84	prec@5 85.25	
Train: epoch-1 (5800/7410)	batch_time 0.11		data_time 0.01		loss 1.467	prec@1 54.00	prec@5 83.66	
Train: epoch-1 (6000/7410)	batch_time 0.11		data_time 0.01		loss 1.459	prec@1 52.84	prec@5 84.62	
Train: epoch-1 (6200/7410)	batch_time 0.11		data_time 0.01		loss 1.413	prec@1 53.38	prec@5 85.56	
Train: epoch-1 (6400/7410)	batch_time 0.11		data_time 0.01		loss 1.428	prec@1 54.69	prec@5 84.97	
Train: epoch-1 (6600/7410)	batch_time 0.11		data_time 0.01		loss 1.411	prec@1 54.19	prec@5 85.28	
Train: epoch-1 (6800/7410)	batch_time 0.10		data_time 0.01		loss 1.475	prec@1 52.75	prec@5 84.09	
Train: epoch-1 (7000/7410)	batch_time 0.08		data_time 0.01		loss 1.382	prec@1 55.16	prec@5 86.41	
Train: epoch-1 (7200/7410)	batch_time 0.12		data_time 0.02		loss 1.447	prec@1 54.53	prec@5 85.38	
Train: epoch-1 (7400/7410)	batch_time 0.12		data_time 0.02		loss 1.436	prec@1 53.72	prec@5 85.28	
Validate: Prec@1 68.07 Validate: Prec@5 95.87  Loss 0.943
Best Prec@1: 68.07

Train: epoch-2 (200/7410)	batch_time 0.21		data_time 0.14		loss 1.426	prec@1 53.34	prec@5 84.53	
Train: epoch-2 (400/7410)	batch_time 0.08		data_time 0.01		loss 1.404	prec@1 54.91	prec@5 85.50	
Train: epoch-2 (600/7410)	batch_time 0.07		data_time 0.01		loss 1.403	prec@1 53.47	prec@5 85.94	
Train: epoch-2 (800/7410)	batch_time 0.07		data_time 0.01		loss 1.406	prec@1 53.59	prec@5 84.69	
Train: epoch-2 (1000/7410)	batch_time 0.07		data_time 0.01		loss 1.386	prec@1 54.31	prec@5 85.53	
Train: epoch-2 (1200/7410)	batch_time 0.07		data_time 0.01		loss 1.421	prec@1 53.34	prec@5 84.97	
Train: epoch-2 (1400/7410)	batch_time 0.07		data_time 0.01		loss 1.390	prec@1 54.03	prec@5 85.25	
Train: epoch-2 (1600/7410)	batch_time 0.07		data_time 0.01		loss 1.414	prec@1 54.38	prec@5 84.69	
Train: epoch-2 (1800/7410)	batch_time 0.07		data_time 0.01		loss 1.393	prec@1 54.16	prec@5 85.12	
Train: epoch-2 (2000/7410)	batch_time 0.07		data_time 0.01		loss 1.428	prec@1 54.00	prec@5 85.62	
Train: epoch-2 (2200/7410)	batch_time 0.07		data_time 0.01		loss 1.404	prec@1 53.91	prec@5 85.16	
Train: epoch-2 (2400/7410)	batch_time 0.07		data_time 0.01		loss 1.361	prec@1 55.09	prec@5 86.75	
Train: epoch-2 (2600/7410)	batch_time 0.07		data_time 0.01		loss 1.348	prec@1 55.03	prec@5 85.88	
Train: epoch-2 (2800/7410)	batch_time 0.08		data_time 0.01		loss 1.353	prec@1 54.94	prec@5 86.69	
Train: epoch-2 (3000/7410)	batch_time 0.08		data_time 0.01		loss 1.360	prec@1 56.38	prec@5 85.91	
Train: epoch-2 (3200/7410)	batch_time 0.08		data_time 0.01		loss 1.418	prec@1 54.09	prec@5 85.94	
Train: epoch-2 (3400/7410)	batch_time 0.08		data_time 0.01		loss 1.380	prec@1 55.34	prec@5 86.44	
Train: epoch-2 (3600/7410)	batch_time 0.08		data_time 0.01		loss 1.374	prec@1 55.03	prec@5 86.12	
Train: epoch-2 (3800/7410)	batch_time 0.08		data_time 0.01		loss 1.368	prec@1 55.28	prec@5 86.47	
Train: epoch-2 (4000/7410)	batch_time 0.08		data_time 0.01		loss 1.365	prec@1 55.09	prec@5 86.34	
Train: epoch-2 (4200/7410)	batch_time 0.08		data_time 0.01		loss 1.358	prec@1 54.38	prec@5 86.03	
Train: epoch-2 (4400/7410)	batch_time 0.08		data_time 0.01		loss 1.378	prec@1 54.97	prec@5 85.72	
Train: epoch-2 (4600/7410)	batch_time 0.08		data_time 0.01		loss 1.323	prec@1 56.12	prec@5 86.78	
Train: epoch-2 (4800/7410)	batch_time 0.08		data_time 0.01		loss 1.329	prec@1 56.41	prec@5 86.66	
Train: epoch-2 (5000/7410)	batch_time 0.08		data_time 0.01		loss 1.368	prec@1 55.34	prec@5 85.97	
Train: epoch-2 (5200/7410)	batch_time 0.08		data_time 0.01		loss 1.353	prec@1 55.19	prec@5 86.25	
Train: epoch-2 (5400/7410)	batch_time 0.08		data_time 0.01		loss 1.371	prec@1 54.22	prec@5 85.62	
Train: epoch-2 (5600/7410)	batch_time 0.08		data_time 0.01		loss 1.355	prec@1 55.44	prec@5 86.50	
Train: epoch-2 (5800/7410)	batch_time 0.08		data_time 0.01		loss 1.397	prec@1 54.53	prec@5 85.84	
Train: epoch-2 (6000/7410)	batch_time 0.08		data_time 0.01		loss 1.368	prec@1 55.47	prec@5 85.56	
Train: epoch-2 (6200/7410)	batch_time 0.08		data_time 0.01		loss 1.331	prec@1 57.88	prec@5 86.22	
Train: epoch-2 (6400/7410)	batch_time 0.08		data_time 0.01		loss 1.347	prec@1 56.44	prec@5 86.03	
Train: epoch-2 (6600/7410)	batch_time 0.08		data_time 0.01		loss 1.342	prec@1 56.66	prec@5 86.12	
Train: epoch-2 (6800/7410)	batch_time 0.08		data_time 0.01		loss 1.352	prec@1 55.69	prec@5 85.50	
Train: epoch-2 (7000/7410)	batch_time 0.08		data_time 0.01		loss 1.293	prec@1 58.78	prec@5 86.34	
Train: epoch-2 (7200/7410)	batch_time 0.08		data_time 0.01		loss 1.330	prec@1 56.84	prec@5 86.97	
Train: epoch-2 (7400/7410)	batch_time 0.08		data_time 0.01		loss 1.350	prec@1 55.88	prec@5 86.94	
Validate: Prec@1 66.69 Validate: Prec@5 95.75  Loss 0.952
Best Prec@1: 68.07

Train: epoch-3 (200/7410)	batch_time 0.18		data_time 0.11		loss 1.346	prec@1 55.50	prec@5 86.31	
Train: epoch-3 (400/7410)	batch_time 0.08		data_time 0.01		loss 1.323	prec@1 57.25	prec@5 85.84	
Train: epoch-3 (600/7410)	batch_time 0.08		data_time 0.01		loss 1.331	prec@1 56.66	prec@5 87.09	
Train: epoch-3 (800/7410)	batch_time 0.08		data_time 0.01		loss 1.380	prec@1 55.06	prec@5 85.69	
Train: epoch-3 (1000/7410)	batch_time 0.08		data_time 0.01		loss 1.288	prec@1 56.47	prec@5 87.47	
Train: epoch-3 (1200/7410)	batch_time 0.08		data_time 0.01		loss 1.323	prec@1 54.97	prec@5 87.25	
Train: epoch-3 (1400/7410)	batch_time 0.08		data_time 0.01		loss 1.311	prec@1 56.19	prec@5 86.12	
Train: epoch-3 (1600/7410)	batch_time 0.08		data_time 0.01		loss 1.323	prec@1 55.72	prec@5 86.62	
Train: epoch-3 (1800/7410)	batch_time 0.08		data_time 0.01		loss 1.301	prec@1 56.94	prec@5 86.31	
Train: epoch-3 (2000/7410)	batch_time 0.08		data_time 0.01		loss 1.365	prec@1 56.31	prec@5 85.38	
Train: epoch-3 (2200/7410)	batch_time 0.08		data_time 0.01		loss 1.316	prec@1 57.56	prec@5 86.38	
Train: epoch-3 (2400/7410)	batch_time 0.08		data_time 0.01		loss 1.335	prec@1 56.94	prec@5 85.59	
Train: epoch-3 (2600/7410)	batch_time 0.08		data_time 0.01		loss 1.385	prec@1 56.16	prec@5 84.78	
Train: epoch-3 (2800/7410)	batch_time 0.08		data_time 0.01		loss 1.328	prec@1 55.94	prec@5 86.81	
Train: epoch-3 (3000/7410)	batch_time 0.08		data_time 0.01		loss 1.281	prec@1 57.06	prec@5 87.12	
Train: epoch-3 (3200/7410)	batch_time 0.08		data_time 0.01		loss 1.337	prec@1 56.62	prec@5 86.59	
Train: epoch-3 (3400/7410)	batch_time 0.08		data_time 0.01		loss 1.322	prec@1 56.97	prec@5 86.19	
Train: epoch-3 (3600/7410)	batch_time 0.08		data_time 0.01		loss 1.261	prec@1 56.75	prec@5 88.41	
Train: epoch-3 (3800/7410)	batch_time 0.08		data_time 0.01		loss 1.327	prec@1 56.38	prec@5 86.59	
Train: epoch-3 (4000/7410)	batch_time 0.08		data_time 0.01		loss 1.347	prec@1 56.56	prec@5 85.91	
Train: epoch-3 (4200/7410)	batch_time 0.08		data_time 0.01		loss 1.264	prec@1 57.66	prec@5 88.00	
Train: epoch-3 (4400/7410)	batch_time 0.08		data_time 0.01		loss 1.264	prec@1 58.47	prec@5 87.62	
Train: epoch-3 (4600/7410)	batch_time 0.08		data_time 0.01		loss 1.315	prec@1 57.56	prec@5 86.69	
Train: epoch-3 (4800/7410)	batch_time 0.08		data_time 0.01		loss 1.303	prec@1 56.00	prec@5 87.28	
Train: epoch-3 (5000/7410)	batch_time 0.08		data_time 0.01		loss 1.281	prec@1 57.22	prec@5 87.59	
Train: epoch-3 (5200/7410)	batch_time 0.08		data_time 0.01		loss 1.307	prec@1 56.75	prec@5 86.38	
Train: epoch-3 (5400/7410)	batch_time 0.08		data_time 0.01		loss 1.293	prec@1 57.34	prec@5 87.16	
Train: epoch-3 (5600/7410)	batch_time 0.08		data_time 0.01		loss 1.357	prec@1 55.22	prec@5 85.97	
Train: epoch-3 (5800/7410)	batch_time 0.08		data_time 0.01		loss 1.340	prec@1 56.12	prec@5 84.94	
Train: epoch-3 (6000/7410)	batch_time 0.08		data_time 0.01		loss 1.292	prec@1 56.91	prec@5 86.38	
Train: epoch-3 (6200/7410)	batch_time 0.08		data_time 0.01		loss 1.282	prec@1 57.12	prec@5 87.47	
Train: epoch-3 (6400/7410)	batch_time 0.08		data_time 0.01		loss 1.267	prec@1 57.47	prec@5 87.56	
Train: epoch-3 (6600/7410)	batch_time 0.08		data_time 0.01		loss 1.301	prec@1 57.59	prec@5 86.09	
Train: epoch-3 (6800/7410)	batch_time 0.08		data_time 0.01		loss 1.261	prec@1 58.03	prec@5 88.50	
Train: epoch-3 (7000/7410)	batch_time 0.08		data_time 0.01		loss 1.332	prec@1 56.59	prec@5 85.88	
Train: epoch-3 (7200/7410)	batch_time 0.08		data_time 0.01		loss 1.288	prec@1 56.81	prec@5 86.72	
Train: epoch-3 (7400/7410)	batch_time 0.08		data_time 0.01		loss 1.305	prec@1 56.06	prec@5 87.38	
Validate: Prec@1 65.95 Validate: Prec@5 95.96  Loss 1.002
Best Prec@1: 68.07

Train: epoch-4 (200/7410)	batch_time 0.19		data_time 0.12		loss 1.323	prec@1 56.81	prec@5 87.28	
Train: epoch-4 (400/7410)	batch_time 0.08		data_time 0.01		loss 1.312	prec@1 57.84	prec@5 85.75	
Train: epoch-4 (600/7410)	batch_time 0.09		data_time 0.01		loss 1.309	prec@1 57.47	prec@5 85.50	
Train: epoch-4 (800/7410)	batch_time 0.08		data_time 0.01		loss 1.329	prec@1 56.44	prec@5 85.75	
Train: epoch-4 (1000/7410)	batch_time 0.08		data_time 0.01		loss 1.250	prec@1 57.56	prec@5 87.78	
Train: epoch-4 (1200/7410)	batch_time 0.08		data_time 0.01		loss 1.265	prec@1 57.97	prec@5 86.59	
Train: epoch-4 (1400/7410)	batch_time 0.08		data_time 0.01		loss 1.248	prec@1 59.41	prec@5 86.84	
Train: epoch-4 (1600/7410)	batch_time 0.08		data_time 0.01		loss 1.246	prec@1 60.19	prec@5 87.78	
Train: epoch-4 (1800/7410)	batch_time 0.08		data_time 0.01		loss 1.288	prec@1 57.62	prec@5 87.03	
Train: epoch-4 (2000/7410)	batch_time 0.08		data_time 0.01		loss 1.277	prec@1 57.62	prec@5 86.72	
Train: epoch-4 (2200/7410)	batch_time 0.08		data_time 0.01		loss 1.262	prec@1 58.50	prec@5 87.56	
Train: epoch-4 (2400/7410)	batch_time 0.08		data_time 0.01		loss 1.300	prec@1 57.50	prec@5 87.09	
Train: epoch-4 (2600/7410)	batch_time 0.08		data_time 0.01		loss 1.275	prec@1 57.56	prec@5 87.28	
Train: epoch-4 (2800/7410)	batch_time 0.08		data_time 0.01		loss 1.259	prec@1 59.09	prec@5 87.34	
Train: epoch-4 (3000/7410)	batch_time 0.08		data_time 0.01		loss 1.293	prec@1 57.12	prec@5 87.03	
Train: epoch-4 (3200/7410)	batch_time 0.08		data_time 0.01		loss 1.280	prec@1 58.56	prec@5 86.50	
Train: epoch-4 (3400/7410)	batch_time 0.08		data_time 0.01		loss 1.252	prec@1 57.38	prec@5 87.81	
Train: epoch-4 (3600/7410)	batch_time 0.08		data_time 0.01		loss 1.267	prec@1 58.47	prec@5 87.09	
Train: epoch-4 (3800/7410)	batch_time 0.08		data_time 0.01		loss 1.289	prec@1 57.50	prec@5 87.41	
Train: epoch-4 (4000/7410)	batch_time 0.08		data_time 0.01		loss 1.334	prec@1 56.50	prec@5 85.88	
Train: epoch-4 (4200/7410)	batch_time 0.08		data_time 0.01		loss 1.263	prec@1 58.97	prec@5 86.84	
Train: epoch-4 (4400/7410)	batch_time 0.08		data_time 0.01		loss 1.315	prec@1 57.22	prec@5 86.78	
Train: epoch-4 (4600/7410)	batch_time 0.08		data_time 0.01		loss 1.245	prec@1 58.41	prec@5 87.59	
Train: epoch-4 (4800/7410)	batch_time 0.08		data_time 0.01		loss 1.267	prec@1 58.41	prec@5 87.25	
Train: epoch-4 (5000/7410)	batch_time 0.08		data_time 0.01		loss 1.262	prec@1 57.47	prec@5 87.84	
Train: epoch-4 (5200/7410)	batch_time 0.08		data_time 0.01		loss 1.259	prec@1 58.31	prec@5 87.78	
Train: epoch-4 (5400/7410)	batch_time 0.08		data_time 0.01		loss 1.223	prec@1 58.94	prec@5 87.44	
Train: epoch-4 (5600/7410)	batch_time 0.08		data_time 0.01		loss 1.269	prec@1 58.19	prec@5 88.06	
Train: epoch-4 (5800/7410)	batch_time 0.08		data_time 0.01		loss 1.323	prec@1 56.72	prec@5 86.25	
Train: epoch-4 (6000/7410)	batch_time 0.08		data_time 0.01		loss 1.280	prec@1 58.25	prec@5 87.53	
Train: epoch-4 (6200/7410)	batch_time 0.08		data_time 0.01		loss 1.271	prec@1 58.22	prec@5 87.44	
Train: epoch-4 (6400/7410)	batch_time 0.08		data_time 0.01		loss 1.281	prec@1 57.28	prec@5 87.75	
Train: epoch-4 (6600/7410)	batch_time 0.08		data_time 0.01		loss 1.234	prec@1 59.56	prec@5 87.66	
Train: epoch-4 (6800/7410)	batch_time 0.08		data_time 0.01		loss 1.246	prec@1 57.47	prec@5 86.94	
Train: epoch-4 (7000/7410)	batch_time 0.08		data_time 0.01		loss 1.280	prec@1 58.22	prec@5 87.62	
Train: epoch-4 (7200/7410)	batch_time 0.08		data_time 0.01		loss 1.316	prec@1 56.25	prec@5 85.91	
Train: epoch-4 (7400/7410)	batch_time 0.08		data_time 0.01		loss 1.244	prec@1 58.25	prec@5 88.31	
Validate: Prec@1 70.67 Validate: Prec@5 96.65  Loss 0.882
Best Prec@1: 70.67

Train: epoch-5 (200/7410)	batch_time 0.18		data_time 0.11		loss 1.201	prec@1 60.00	prec@5 88.59	
Train: epoch-5 (400/7410)	batch_time 0.08		data_time 0.01		loss 1.218	prec@1 60.41	prec@5 88.16	
Train: epoch-5 (600/7410)	batch_time 0.08		data_time 0.01		loss 1.234	prec@1 59.59	prec@5 87.44	
Train: epoch-5 (800/7410)	batch_time 0.08		data_time 0.01		loss 1.192	prec@1 60.19	prec@5 88.16	
Train: epoch-5 (1000/7410)	batch_time 0.08		data_time 0.01		loss 1.263	prec@1 58.81	prec@5 87.75	
Train: epoch-5 (1200/7410)	batch_time 0.08		data_time 0.01		loss 1.219	prec@1 58.78	prec@5 87.84	
Train: epoch-5 (1400/7410)	batch_time 0.08		data_time 0.01		loss 1.211	prec@1 60.12	prec@5 88.12	
Train: epoch-5 (1600/7410)	batch_time 0.08		data_time 0.01		loss 1.246	prec@1 59.47	prec@5 87.28	
Train: epoch-5 (1800/7410)	batch_time 0.08		data_time 0.01		loss 1.235	prec@1 59.12	prec@5 88.03	
Train: epoch-5 (2000/7410)	batch_time 0.08		data_time 0.01		loss 1.228	prec@1 58.59	prec@5 88.44	
Train: epoch-5 (2200/7410)	batch_time 0.08		data_time 0.01		loss 1.222	prec@1 60.94	prec@5 87.91	
Train: epoch-5 (2400/7410)	batch_time 0.08		data_time 0.01		loss 1.264	prec@1 57.75	prec@5 87.41	
Train: epoch-5 (2600/7410)	batch_time 0.08		data_time 0.01		loss 1.245	prec@1 58.25	prec@5 87.69	
Train: epoch-5 (2800/7410)	batch_time 0.08		data_time 0.01		loss 1.293	prec@1 58.47	prec@5 86.91	
Train: epoch-5 (3000/7410)	batch_time 0.08		data_time 0.01		loss 1.220	prec@1 60.25	prec@5 87.50	
Train: epoch-5 (3200/7410)	batch_time 0.08		data_time 0.01		loss 1.243	prec@1 57.81	prec@5 86.78	
Train: epoch-5 (3400/7410)	batch_time 0.08		data_time 0.01		loss 1.261	prec@1 58.94	prec@5 86.94	
Train: epoch-5 (3600/7410)	batch_time 0.08		data_time 0.01		loss 1.223	prec@1 59.41	prec@5 87.50	
Train: epoch-5 (3800/7410)	batch_time 0.08		data_time 0.01		loss 1.233	prec@1 59.09	prec@5 87.81	
Train: epoch-5 (4000/7410)	batch_time 0.08		data_time 0.01		loss 1.243	prec@1 58.62	prec@5 87.56	
Train: epoch-5 (4200/7410)	batch_time 0.08		data_time 0.01		loss 1.222	prec@1 58.84	prec@5 87.53	
Train: epoch-5 (4400/7410)	batch_time 0.08		data_time 0.01		loss 1.240	prec@1 58.50	prec@5 88.66	
Train: epoch-5 (4600/7410)	batch_time 0.08		data_time 0.01		loss 1.190	prec@1 61.28	prec@5 88.19	
Train: epoch-5 (4800/7410)	batch_time 0.08		data_time 0.01		loss 1.224	prec@1 61.34	prec@5 87.84	
Train: epoch-5 (5000/7410)	batch_time 0.08		data_time 0.01		loss 1.230	prec@1 59.19	prec@5 88.28	
Train: epoch-5 (5200/7410)	batch_time 0.08		data_time 0.01		loss 1.266	prec@1 58.75	prec@5 86.84	
Train: epoch-5 (5400/7410)	batch_time 0.08		data_time 0.01		loss 1.201	prec@1 60.03	prec@5 88.69	
Train: epoch-5 (5600/7410)	batch_time 0.08		data_time 0.01		loss 1.236	prec@1 59.06	prec@5 87.06	
Train: epoch-5 (5800/7410)	batch_time 0.08		data_time 0.01		loss 1.252	prec@1 59.81	prec@5 87.78	
Train: epoch-5 (6000/7410)	batch_time 0.08		data_time 0.01		loss 1.207	prec@1 59.97	prec@5 88.38	
Train: epoch-5 (6200/7410)	batch_time 0.08		data_time 0.01		loss 1.202	prec@1 59.25	prec@5 88.50	
Train: epoch-5 (6400/7410)	batch_time 0.08		data_time 0.01		loss 1.226	prec@1 59.41	prec@5 87.50	
Train: epoch-5 (6600/7410)	batch_time 0.08		data_time 0.01		loss 1.284	prec@1 58.25	prec@5 86.28	
Train: epoch-5 (6800/7410)	batch_time 0.08		data_time 0.01		loss 1.231	prec@1 58.31	prec@5 87.78	
Train: epoch-5 (7000/7410)	batch_time 0.08		data_time 0.01		loss 1.223	prec@1 59.38	prec@5 88.31	
Train: epoch-5 (7200/7410)	batch_time 0.08		data_time 0.01		loss 1.246	prec@1 60.09	prec@5 87.34	
Train: epoch-5 (7400/7410)	batch_time 0.08		data_time 0.01		loss 1.191	prec@1 60.22	prec@5 88.09	
Validate: Prec@1 72.50 Validate: Prec@5 97.20  Loss 0.825
Best Prec@1: 72.50

Train: epoch-6 (200/7410)	batch_time 0.18		data_time 0.12		loss 1.238	prec@1 59.75	prec@5 87.03	
Train: epoch-6 (400/7410)	batch_time 0.08		data_time 0.01		loss 1.239	prec@1 60.12	prec@5 86.97	
Train: epoch-6 (600/7410)	batch_time 0.07		data_time 0.01		loss 1.191	prec@1 60.06	prec@5 88.38	
Train: epoch-6 (800/7410)	batch_time 0.08		data_time 0.01		loss 1.178	prec@1 61.50	prec@5 88.16	
Train: epoch-6 (1000/7410)	batch_time 0.08		data_time 0.01		loss 1.236	prec@1 59.38	prec@5 88.12	
Train: epoch-6 (1200/7410)	batch_time 0.08		data_time 0.01		loss 1.197	prec@1 60.22	prec@5 88.06	
Train: epoch-6 (1400/7410)	batch_time 0.08		data_time 0.01		loss 1.175	prec@1 61.28	prec@5 88.34	
Train: epoch-6 (1600/7410)	batch_time 0.08		data_time 0.01		loss 1.180	prec@1 61.38	prec@5 88.81	
Train: epoch-6 (1800/7410)	batch_time 0.08		data_time 0.01		loss 1.208	prec@1 60.44	prec@5 88.44	
Train: epoch-6 (2000/7410)	batch_time 0.08		data_time 0.01		loss 1.203	prec@1 59.72	prec@5 88.59	
Train: epoch-6 (2200/7410)	batch_time 0.08		data_time 0.01		loss 1.214	prec@1 59.84	prec@5 88.31	
Train: epoch-6 (2400/7410)	batch_time 0.08		data_time 0.01		loss 1.221	prec@1 59.56	prec@5 87.53	
Train: epoch-6 (2600/7410)	batch_time 0.08		data_time 0.01		loss 1.208	prec@1 59.47	prec@5 88.22	
Train: epoch-6 (2800/7410)	batch_time 0.08		data_time 0.01		loss 1.184	prec@1 59.66	prec@5 88.50	
Train: epoch-6 (3000/7410)	batch_time 0.08		data_time 0.01		loss 1.179	prec@1 60.44	prec@5 88.69	
Train: epoch-6 (3200/7410)	batch_time 0.08		data_time 0.01		loss 1.169	prec@1 61.41	prec@5 88.97	
Train: epoch-6 (3400/7410)	batch_time 0.08		data_time 0.01		loss 1.199	prec@1 60.06	prec@5 88.62	
Train: epoch-6 (3600/7410)	batch_time 0.08		data_time 0.01		loss 1.178	prec@1 60.34	prec@5 89.25	
Train: epoch-6 (3800/7410)	batch_time 0.08		data_time 0.01		loss 1.239	prec@1 57.75	prec@5 88.28	
Train: epoch-6 (4000/7410)	batch_time 0.08		data_time 0.01		loss 1.189	prec@1 60.88	prec@5 88.31	
Train: epoch-6 (4200/7410)	batch_time 0.08		data_time 0.01		loss 1.233	prec@1 59.34	prec@5 88.50	
Train: epoch-6 (4400/7410)	batch_time 0.08		data_time 0.01		loss 1.220	prec@1 59.41	prec@5 88.38	
Train: epoch-6 (4600/7410)	batch_time 0.08		data_time 0.01		loss 1.222	prec@1 60.12	prec@5 88.03	
Train: epoch-6 (4800/7410)	batch_time 0.08		data_time 0.01		loss 1.232	prec@1 59.06	prec@5 87.09	
Train: epoch-6 (5000/7410)	batch_time 0.08		data_time 0.01		loss 1.193	prec@1 59.47	prec@5 88.50	
Train: epoch-6 (5200/7410)	batch_time 0.08		data_time 0.01		loss 1.175	prec@1 61.06	prec@5 88.03	
Train: epoch-6 (5400/7410)	batch_time 0.08		data_time 0.01		loss 1.214	prec@1 60.09	prec@5 88.19	
Train: epoch-6 (5600/7410)	batch_time 0.08		data_time 0.01		loss 1.235	prec@1 58.81	prec@5 87.09	
Train: epoch-6 (5800/7410)	batch_time 0.08		data_time 0.01		loss 1.213	prec@1 59.72	prec@5 87.84	
Train: epoch-6 (6000/7410)	batch_time 0.08		data_time 0.01		loss 1.229	prec@1 59.38	prec@5 87.00	
Train: epoch-6 (6200/7410)	batch_time 0.08		data_time 0.01		loss 1.184	prec@1 60.81	prec@5 88.62	
Train: epoch-6 (6400/7410)	batch_time 0.08		data_time 0.01		loss 1.233	prec@1 60.03	prec@5 87.38	
Train: epoch-6 (6600/7410)	batch_time 0.08		data_time 0.01		loss 1.172	prec@1 60.38	prec@5 88.28	
Train: epoch-6 (6800/7410)	batch_time 0.08		data_time 0.01		loss 1.178	prec@1 61.19	prec@5 88.06	
Train: epoch-6 (7000/7410)	batch_time 0.08		data_time 0.01		loss 1.180	prec@1 60.94	prec@5 87.97	
Train: epoch-6 (7200/7410)	batch_time 0.08		data_time 0.01		loss 1.215	prec@1 60.38	prec@5 87.50	
Train: epoch-6 (7400/7410)	batch_time 0.08		data_time 0.01		loss 1.222	prec@1 59.12	prec@5 87.94	
Validate: Prec@1 72.33 Validate: Prec@5 97.40  Loss 0.857
Best Prec@1: 72.50

Train: epoch-7 (200/7410)	batch_time 0.18		data_time 0.12		loss 1.228	prec@1 58.72	prec@5 87.59	
Train: epoch-7 (400/7410)	batch_time 0.08		data_time 0.01		loss 1.185	prec@1 60.72	prec@5 87.75	
Train: epoch-7 (600/7410)	batch_time 0.07		data_time 0.01		loss 1.234	prec@1 59.53	prec@5 88.53	
Train: epoch-7 (800/7410)	batch_time 0.07		data_time 0.01		loss 1.235	prec@1 60.09	prec@5 87.47	
Train: epoch-7 (1000/7410)	batch_time 0.08		data_time 0.01		loss 1.189	prec@1 60.16	prec@5 88.66	
Train: epoch-7 (1200/7410)	batch_time 0.08		data_time 0.01		loss 1.185	prec@1 59.69	prec@5 88.03	
Train: epoch-7 (1400/7410)	batch_time 0.08		data_time 0.01		loss 1.174	prec@1 62.09	prec@5 88.69	
Train: epoch-7 (1600/7410)	batch_time 0.08		data_time 0.01		loss 1.185	prec@1 59.94	prec@5 88.66	
Train: epoch-7 (1800/7410)	batch_time 0.08		data_time 0.01		loss 1.205	prec@1 60.72	prec@5 88.56	
Train: epoch-7 (2000/7410)	batch_time 0.08		data_time 0.01		loss 1.218	prec@1 59.44	prec@5 88.00	
Train: epoch-7 (2200/7410)	batch_time 0.08		data_time 0.01		loss 1.145	prec@1 62.94	prec@5 88.31	
Train: epoch-7 (2400/7410)	batch_time 0.08		data_time 0.01		loss 1.209	prec@1 61.00	prec@5 88.41	
Train: epoch-7 (2600/7410)	batch_time 0.08		data_time 0.01		loss 1.185	prec@1 60.91	prec@5 88.34	
Train: epoch-7 (2800/7410)	batch_time 0.08		data_time 0.01		loss 1.170	prec@1 62.22	prec@5 88.72	
Train: epoch-7 (3000/7410)	batch_time 0.08		data_time 0.01		loss 1.167	prec@1 61.66	prec@5 88.06	
Train: epoch-7 (3200/7410)	batch_time 0.08		data_time 0.01		loss 1.189	prec@1 60.91	prec@5 88.25	
Train: epoch-7 (3400/7410)	batch_time 0.08		data_time 0.01		loss 1.189	prec@1 59.06	prec@5 88.09	
Train: epoch-7 (3600/7410)	batch_time 0.08		data_time 0.01		loss 1.166	prec@1 61.25	prec@5 88.94	
Train: epoch-7 (3800/7410)	batch_time 0.08		data_time 0.01		loss 1.210	prec@1 60.50	prec@5 87.94	
Train: epoch-7 (4000/7410)	batch_time 0.08		data_time 0.01		loss 1.164	prec@1 61.91	prec@5 88.94	
Train: epoch-7 (4200/7410)	batch_time 0.08		data_time 0.01		loss 1.172	prec@1 61.50	prec@5 88.22	
Train: epoch-7 (4400/7410)	batch_time 0.08		data_time 0.01		loss 1.197	prec@1 60.34	prec@5 88.03	
Train: epoch-7 (4600/7410)	batch_time 0.08		data_time 0.01		loss 1.202	prec@1 60.53	prec@5 87.84	
Train: epoch-7 (4800/7410)	batch_time 0.08		data_time 0.01		loss 1.196	prec@1 60.16	prec@5 87.16	
Train: epoch-7 (5000/7410)	batch_time 0.08		data_time 0.01		loss 1.147	prec@1 61.66	prec@5 89.53	
Train: epoch-7 (5200/7410)	batch_time 0.08		data_time 0.01		loss 1.160	prec@1 62.56	prec@5 88.72	
Train: epoch-7 (5400/7410)	batch_time 0.08		data_time 0.01		loss 1.185	prec@1 60.41	prec@5 88.25	
Train: epoch-7 (5600/7410)	batch_time 0.08		data_time 0.01		loss 1.214	prec@1 59.56	prec@5 88.22	
Train: epoch-7 (5800/7410)	batch_time 0.08		data_time 0.01		loss 1.182	prec@1 60.31	prec@5 88.97	
Train: epoch-7 (6000/7410)	batch_time 0.08		data_time 0.01		loss 1.185	prec@1 60.78	prec@5 88.19	
Train: epoch-7 (6200/7410)	batch_time 0.08		data_time 0.01		loss 1.213	prec@1 60.00	prec@5 88.62	
Train: epoch-7 (6400/7410)	batch_time 0.08		data_time 0.01		loss 1.188	prec@1 60.62	prec@5 88.31	
Train: epoch-7 (6600/7410)	batch_time 0.08		data_time 0.01		loss 1.145	prec@1 62.09	prec@5 88.50	
Train: epoch-7 (6800/7410)	batch_time 0.08		data_time 0.01		loss 1.188	prec@1 61.31	prec@5 87.50	
Train: epoch-7 (7000/7410)	batch_time 0.08		data_time 0.01		loss 1.150	prec@1 60.97	prec@5 89.59	
Train: epoch-7 (7200/7410)	batch_time 0.08		data_time 0.01		loss 1.195	prec@1 60.50	prec@5 88.16	
Train: epoch-7 (7400/7410)	batch_time 0.08		data_time 0.01		loss 1.152	prec@1 61.22	prec@5 89.41	
Validate: Prec@1 72.17 Validate: Prec@5 96.84  Loss 0.835
Best Prec@1: 72.50

Train: epoch-8 (200/7410)	batch_time 0.18		data_time 0.12		loss 1.189	prec@1 59.38	prec@5 88.31	
Train: epoch-8 (400/7410)	batch_time 0.08		data_time 0.01		loss 1.142	prec@1 62.38	prec@5 88.69	
Train: epoch-8 (600/7410)	batch_time 0.08		data_time 0.01		loss 1.181	prec@1 60.00	prec@5 88.56	
Train: epoch-8 (800/7410)	batch_time 0.08		data_time 0.01		loss 1.152	prec@1 61.50	prec@5 88.78	
Train: epoch-8 (1000/7410)	batch_time 0.08		data_time 0.01		loss 1.159	prec@1 61.97	prec@5 89.19	
Train: epoch-8 (1200/7410)	batch_time 0.08		data_time 0.01		loss 1.173	prec@1 61.47	prec@5 88.12	
Train: epoch-8 (1400/7410)	batch_time 0.08		data_time 0.01		loss 1.160	prec@1 62.25	prec@5 88.53	
Train: epoch-8 (1600/7410)	batch_time 0.08		data_time 0.01		loss 1.127	prec@1 62.12	prec@5 89.50	
Train: epoch-8 (1800/7410)	batch_time 0.08		data_time 0.01		loss 1.159	prec@1 62.69	prec@5 88.56	
Train: epoch-8 (2000/7410)	batch_time 0.08		data_time 0.01		loss 1.181	prec@1 61.34	prec@5 88.25	
Train: epoch-8 (2200/7410)	batch_time 0.08		data_time 0.01		loss 1.176	prec@1 60.41	prec@5 88.53	
Train: epoch-8 (2400/7410)	batch_time 0.08		data_time 0.01		loss 1.138	prec@1 61.34	prec@5 89.19	
Train: epoch-8 (2600/7410)	batch_time 0.08		data_time 0.01		loss 1.166	prec@1 60.88	prec@5 87.81	
Train: epoch-8 (2800/7410)	batch_time 0.08		data_time 0.01		loss 1.163	prec@1 61.62	prec@5 88.22	
Train: epoch-8 (3000/7410)	batch_time 0.08		data_time 0.01		loss 1.187	prec@1 59.78	prec@5 88.44	
Train: epoch-8 (3200/7410)	batch_time 0.08		data_time 0.01		loss 1.197	prec@1 60.34	prec@5 87.19	
Train: epoch-8 (3400/7410)	batch_time 0.08		data_time 0.01		loss 1.193	prec@1 60.91	prec@5 87.50	
Train: epoch-8 (3600/7410)	batch_time 0.08		data_time 0.01		loss 1.162	prec@1 61.22	prec@5 88.50	
Train: epoch-8 (3800/7410)	batch_time 0.08		data_time 0.01		loss 1.176	prec@1 61.00	prec@5 88.38	
Train: epoch-8 (4000/7410)	batch_time 0.08		data_time 0.01		loss 1.195	prec@1 60.91	prec@5 87.47	
Train: epoch-8 (4200/7410)	batch_time 0.08		data_time 0.01		loss 1.172	prec@1 59.91	prec@5 88.59	
Train: epoch-8 (4400/7410)	batch_time 0.08		data_time 0.01		loss 1.171	prec@1 60.94	prec@5 88.78	
Train: epoch-8 (4600/7410)	batch_time 0.08		data_time 0.01		loss 1.149	prec@1 62.00	prec@5 88.75	
Train: epoch-8 (4800/7410)	batch_time 0.08		data_time 0.01		loss 1.145	prec@1 62.69	prec@5 88.75	
Train: epoch-8 (5000/7410)	batch_time 0.08		data_time 0.01		loss 1.182	prec@1 61.22	prec@5 88.22	
Train: epoch-8 (5200/7410)	batch_time 0.08		data_time 0.01		loss 1.182	prec@1 60.88	prec@5 88.03	
Train: epoch-8 (5400/7410)	batch_time 0.08		data_time 0.01		loss 1.165	prec@1 61.88	prec@5 88.69	
Train: epoch-8 (5600/7410)	batch_time 0.08		data_time 0.01		loss 1.131	prec@1 61.19	prec@5 89.34	
Train: epoch-8 (5800/7410)	batch_time 0.08		data_time 0.01		loss 1.180	prec@1 61.91	prec@5 88.16	
Train: epoch-8 (6000/7410)	batch_time 0.08		data_time 0.01		loss 1.151	prec@1 61.78	prec@5 88.81	
Train: epoch-8 (6200/7410)	batch_time 0.08		data_time 0.01		loss 1.145	prec@1 62.94	prec@5 88.75	
Train: epoch-8 (6400/7410)	batch_time 0.08		data_time 0.01		loss 1.150	prec@1 62.97	prec@5 88.88	
Train: epoch-8 (6600/7410)	batch_time 0.08		data_time 0.01		loss 1.220	prec@1 59.50	prec@5 87.62	
Train: epoch-8 (6800/7410)	batch_time 0.08		data_time 0.01		loss 1.161	prec@1 61.59	prec@5 88.56	
Train: epoch-8 (7000/7410)	batch_time 0.08		data_time 0.01		loss 1.176	prec@1 60.88	prec@5 88.16	
Train: epoch-8 (7200/7410)	batch_time 0.08		data_time 0.01		loss 1.167	prec@1 61.12	prec@5 88.75	
Train: epoch-8 (7400/7410)	batch_time 0.08		data_time 0.01		loss 1.136	prec@1 63.34	prec@5 88.28	
Validate: Prec@1 73.86 Validate: Prec@5 97.35  Loss 0.797
Best Prec@1: 73.86

Train: epoch-9 (200/7410)	batch_time 0.19		data_time 0.12		loss 1.149	prec@1 62.50	prec@5 88.50	
Train: epoch-9 (400/7410)	batch_time 0.08		data_time 0.01		loss 1.098	prec@1 63.56	prec@5 89.16	
Train: epoch-9 (600/7410)	batch_time 0.08		data_time 0.01		loss 1.120	prec@1 62.66	prec@5 89.44	
Train: epoch-9 (800/7410)	batch_time 0.08		data_time 0.01		loss 1.145	prec@1 61.22	prec@5 88.78	
Train: epoch-9 (1000/7410)	batch_time 0.08		data_time 0.01		loss 1.118	prec@1 63.56	prec@5 90.25	
Train: epoch-9 (1200/7410)	batch_time 0.08		data_time 0.01		loss 1.127	prec@1 61.38	prec@5 89.72	
Train: epoch-9 (1400/7410)	batch_time 0.08		data_time 0.01		loss 1.159	prec@1 60.69	prec@5 88.47	
Train: epoch-9 (1600/7410)	batch_time 0.08		data_time 0.01		loss 1.165	prec@1 61.62	prec@5 89.00	
Train: epoch-9 (1800/7410)	batch_time 0.08		data_time 0.01		loss 1.167	prec@1 61.38	prec@5 88.38	
Train: epoch-9 (2000/7410)	batch_time 0.08		data_time 0.01		loss 1.184	prec@1 60.66	prec@5 87.88	
Train: epoch-9 (2200/7410)	batch_time 0.08		data_time 0.01		loss 1.202	prec@1 61.38	prec@5 87.09	
Train: epoch-9 (2400/7410)	batch_time 0.08		data_time 0.01		loss 1.172	prec@1 61.12	prec@5 87.47	
Train: epoch-9 (2600/7410)	batch_time 0.08		data_time 0.01		loss 1.151	prec@1 61.28	prec@5 88.25	
Train: epoch-9 (2800/7410)	batch_time 0.08		data_time 0.01		loss 1.173	prec@1 61.47	prec@5 88.09	
Train: epoch-9 (3000/7410)	batch_time 0.08		data_time 0.01		loss 1.165	prec@1 61.25	prec@5 88.06	
Train: epoch-9 (3200/7410)	batch_time 0.08		data_time 0.01		loss 1.170	prec@1 60.88	prec@5 87.91	
Train: epoch-9 (3400/7410)	batch_time 0.08		data_time 0.01		loss 1.152	prec@1 62.16	prec@5 88.41	
Train: epoch-9 (3600/7410)	batch_time 0.08		data_time 0.01		loss 1.096	prec@1 64.88	prec@5 88.91	
Train: epoch-9 (3800/7410)	batch_time 0.08		data_time 0.01		loss 1.119	prec@1 63.00	prec@5 89.31	
Train: epoch-9 (4000/7410)	batch_time 0.08		data_time 0.01		loss 1.139	prec@1 61.97	prec@5 88.88	
Train: epoch-9 (4200/7410)	batch_time 0.08		data_time 0.01		loss 1.165	prec@1 62.09	prec@5 88.97	
Train: epoch-9 (4400/7410)	batch_time 0.08		data_time 0.01		loss 1.155	prec@1 62.66	prec@5 88.91	
Train: epoch-9 (4600/7410)	batch_time 0.08		data_time 0.01		loss 1.170	prec@1 60.38	prec@5 87.94	
Train: epoch-9 (4800/7410)	batch_time 0.08		data_time 0.01		loss 1.181	prec@1 59.69	prec@5 88.81	
Train: epoch-9 (5000/7410)	batch_time 0.08		data_time 0.01		loss 1.160	prec@1 61.31	prec@5 88.53	
Train: epoch-9 (5200/7410)	batch_time 0.08		data_time 0.01		loss 1.148	prec@1 61.94	prec@5 89.00	
Train: epoch-9 (5400/7410)	batch_time 0.08		data_time 0.01		loss 1.134	prec@1 62.53	prec@5 88.97	
Train: epoch-9 (5600/7410)	batch_time 0.08		data_time 0.01		loss 1.149	prec@1 62.38	prec@5 89.00	
Train: epoch-9 (5800/7410)	batch_time 0.08		data_time 0.01		loss 1.185	prec@1 61.84	prec@5 88.25	
Train: epoch-9 (6000/7410)	batch_time 0.08		data_time 0.01		loss 1.137	prec@1 62.06	prec@5 89.03	
Train: epoch-9 (6200/7410)	batch_time 0.08		data_time 0.01		loss 1.124	prec@1 61.72	prec@5 89.44	
Train: epoch-9 (6400/7410)	batch_time 0.08		data_time 0.01		loss 1.136	prec@1 62.22	prec@5 89.00	
Train: epoch-9 (6600/7410)	batch_time 0.08		data_time 0.01		loss 1.124	prec@1 62.25	prec@5 90.00	
Train: epoch-9 (6800/7410)	batch_time 0.08		data_time 0.01		loss 1.093	prec@1 63.50	prec@5 89.62	
Train: epoch-9 (7000/7410)	batch_time 0.08		data_time 0.01		loss 1.180	prec@1 60.72	prec@5 88.47	
Train: epoch-9 (7200/7410)	batch_time 0.08		data_time 0.01		loss 1.153	prec@1 60.62	prec@5 89.06	
Train: epoch-9 (7400/7410)	batch_time 0.08		data_time 0.01		loss 1.118	prec@1 61.94	prec@5 88.97	
Validate: Prec@1 74.07 Validate: Prec@5 97.72  Loss 0.805
Best Prec@1: 74.07

Train: epoch-10 (200/7410)	batch_time 0.18		data_time 0.11		loss 1.150	prec@1 61.44	prec@5 88.84	
Train: epoch-10 (400/7410)	batch_time 0.08		data_time 0.01		loss 1.133	prec@1 63.38	prec@5 88.62	
Train: epoch-10 (600/7410)	batch_time 0.08		data_time 0.01		loss 1.127	prec@1 62.66	prec@5 89.06	
Train: epoch-10 (800/7410)	batch_time 0.08		data_time 0.01		loss 1.141	prec@1 63.19	prec@5 88.66	
Train: epoch-10 (1000/7410)	batch_time 0.08		data_time 0.01		loss 1.111	prec@1 63.19	prec@5 89.47	
Train: epoch-10 (1200/7410)	batch_time 0.08		data_time 0.01		loss 1.163	prec@1 61.12	prec@5 88.84	
Train: epoch-10 (1400/7410)	batch_time 0.08		data_time 0.01		loss 1.178	prec@1 61.66	prec@5 88.50	
Train: epoch-10 (1600/7410)	batch_time 0.08		data_time 0.01		loss 1.109	prec@1 63.00	prec@5 89.38	
Train: epoch-10 (1800/7410)	batch_time 0.08		data_time 0.01		loss 1.144	prec@1 61.56	prec@5 88.84	
Train: epoch-10 (2000/7410)	batch_time 0.08		data_time 0.01		loss 1.135	prec@1 61.59	prec@5 89.16	
Train: epoch-10 (2200/7410)	batch_time 0.08		data_time 0.01		loss 1.123	prec@1 62.81	prec@5 89.25	
Train: epoch-10 (2400/7410)	batch_time 0.09		data_time 0.01		loss 1.142	prec@1 62.66	prec@5 88.91	
Train: epoch-10 (2600/7410)	batch_time 0.08		data_time 0.01		loss 1.132	prec@1 61.12	prec@5 89.62	
Train: epoch-10 (2800/7410)	batch_time 0.08		data_time 0.01		loss 1.128	prec@1 62.84	prec@5 88.94	
Train: epoch-10 (3000/7410)	batch_time 0.08		data_time 0.01		loss 1.117	prec@1 62.94	prec@5 89.44	
Train: epoch-10 (3200/7410)	batch_time 0.08		data_time 0.01		loss 1.138	prec@1 61.91	prec@5 90.06	
Train: epoch-10 (3400/7410)	batch_time 0.08		data_time 0.01		loss 1.161	prec@1 61.44	prec@5 88.00	
Train: epoch-10 (3600/7410)	batch_time 0.08		data_time 0.01		loss 1.132	prec@1 61.75	prec@5 89.25	
Train: epoch-10 (3800/7410)	batch_time 0.08		data_time 0.01		loss 1.131	prec@1 62.16	prec@5 88.69	
Train: epoch-10 (4000/7410)	batch_time 0.08		data_time 0.01		loss 1.139	prec@1 62.19	prec@5 88.88	
Train: epoch-10 (4200/7410)	batch_time 0.08		data_time 0.01		loss 1.124	prec@1 62.97	prec@5 89.69	
Train: epoch-10 (4400/7410)	batch_time 0.08		data_time 0.01		loss 1.085	prec@1 64.19	prec@5 89.38	
Train: epoch-10 (4600/7410)	batch_time 0.08		data_time 0.01		loss 1.090	prec@1 63.03	prec@5 89.59	
Train: epoch-10 (4800/7410)	batch_time 0.08		data_time 0.01		loss 1.143	prec@1 61.16	prec@5 89.28	
Train: epoch-10 (5000/7410)	batch_time 0.08		data_time 0.01		loss 1.142	prec@1 62.50	prec@5 88.38	
Train: epoch-10 (5200/7410)	batch_time 0.08		data_time 0.01		loss 1.211	prec@1 60.53	prec@5 86.75	
Train: epoch-10 (5400/7410)	batch_time 0.08		data_time 0.01		loss 1.130	prec@1 62.78	prec@5 88.69	
Train: epoch-10 (5600/7410)	batch_time 0.08		data_time 0.01		loss 1.149	prec@1 61.84	prec@5 88.88	
Train: epoch-10 (5800/7410)	batch_time 0.08		data_time 0.01		loss 1.116	prec@1 63.06	prec@5 89.66	
Train: epoch-10 (6000/7410)	batch_time 0.08		data_time 0.01		loss 1.097	prec@1 63.31	prec@5 88.84	
Train: epoch-10 (6200/7410)	batch_time 0.08		data_time 0.01		loss 1.160	prec@1 62.84	prec@5 88.97	
Train: epoch-10 (6400/7410)	batch_time 0.08		data_time 0.01		loss 1.133	prec@1 61.88	prec@5 89.19	
Train: epoch-10 (6600/7410)	batch_time 0.08		data_time 0.01		loss 1.115	prec@1 62.53	prec@5 89.53	
Train: epoch-10 (6800/7410)	batch_time 0.08		data_time 0.01		loss 1.124	prec@1 61.62	prec@5 89.84	
Train: epoch-10 (7000/7410)	batch_time 0.08		data_time 0.01		loss 1.136	prec@1 63.19	prec@5 88.62	
Train: epoch-10 (7200/7410)	batch_time 0.08		data_time 0.01		loss 1.151	prec@1 61.28	prec@5 88.44	
Train: epoch-10 (7400/7410)	batch_time 0.08		data_time 0.01		loss 1.105	prec@1 63.00	prec@5 89.56	
Validate: Prec@1 73.34 Validate: Prec@5 96.89  Loss 0.868
Best Prec@1: 74.07

Train: epoch-11 (200/7410)	batch_time 0.18		data_time 0.11		loss 1.133	prec@1 61.72	prec@5 88.47	
Train: epoch-11 (400/7410)	batch_time 0.08		data_time 0.01		loss 1.130	prec@1 63.41	prec@5 89.03	
Train: epoch-11 (600/7410)	batch_time 0.08		data_time 0.01		loss 1.139	prec@1 61.72	prec@5 88.06	
Train: epoch-11 (800/7410)	batch_time 0.08		data_time 0.01		loss 1.151	prec@1 62.03	prec@5 88.72	
Train: epoch-11 (1000/7410)	batch_time 0.08		data_time 0.01		loss 1.131	prec@1 62.47	prec@5 88.88	
Train: epoch-11 (1200/7410)	batch_time 0.08		data_time 0.01		loss 1.137	prec@1 61.47	prec@5 88.88	
Train: epoch-11 (1400/7410)	batch_time 0.08		data_time 0.01		loss 1.104	prec@1 62.59	prec@5 89.53	
Train: epoch-11 (1600/7410)	batch_time 0.08		data_time 0.01		loss 1.096	prec@1 63.78	prec@5 90.06	
Train: epoch-11 (1800/7410)	batch_time 0.08		data_time 0.01		loss 1.095	prec@1 61.91	prec@5 89.56	
Train: epoch-11 (2000/7410)	batch_time 0.08		data_time 0.01		loss 1.149	prec@1 61.94	prec@5 88.97	
Train: epoch-11 (2200/7410)	batch_time 0.08		data_time 0.01		loss 1.093	prec@1 63.91	prec@5 89.72	
Train: epoch-11 (2400/7410)	batch_time 0.08		data_time 0.01		loss 1.135	prec@1 62.72	prec@5 88.50	
Train: epoch-11 (2600/7410)	batch_time 0.08		data_time 0.01		loss 1.138	prec@1 61.56	prec@5 89.59	
Train: epoch-11 (2800/7410)	batch_time 0.08		data_time 0.01		loss 1.140	prec@1 62.12	prec@5 88.12	
Train: epoch-11 (3000/7410)	batch_time 0.08		data_time 0.01		loss 1.159	prec@1 62.38	prec@5 88.66	
Train: epoch-11 (3200/7410)	batch_time 0.08		data_time 0.01		loss 1.115	prec@1 63.28	prec@5 89.72	
Train: epoch-11 (3400/7410)	batch_time 0.08		data_time 0.01		loss 1.145	prec@1 62.38	prec@5 88.50	
Train: epoch-11 (3600/7410)	batch_time 0.08		data_time 0.01		loss 1.111	prec@1 62.59	prec@5 89.19	
Train: epoch-11 (3800/7410)	batch_time 0.08		data_time 0.01		loss 1.115	prec@1 63.72	prec@5 88.84	
Train: epoch-11 (4000/7410)	batch_time 0.08		data_time 0.01		loss 1.099	prec@1 63.34	prec@5 89.09	
Train: epoch-11 (4200/7410)	batch_time 0.08		data_time 0.01		loss 1.128	prec@1 62.72	prec@5 89.34	
Train: epoch-11 (4400/7410)	batch_time 0.08		data_time 0.01		loss 1.148	prec@1 60.88	prec@5 89.09	
Train: epoch-11 (4600/7410)	batch_time 0.08		data_time 0.01		loss 1.158	prec@1 61.75	prec@5 88.41	
Train: epoch-11 (4800/7410)	batch_time 0.08		data_time 0.01		loss 1.163	prec@1 60.53	prec@5 88.69	
Train: epoch-11 (5000/7410)	batch_time 0.08		data_time 0.01		loss 1.094	prec@1 63.66	prec@5 89.81	
Train: epoch-11 (5200/7410)	batch_time 0.08		data_time 0.01		loss 1.106	prec@1 62.91	prec@5 89.12	
Train: epoch-11 (5400/7410)	batch_time 0.08		data_time 0.01		loss 1.134	prec@1 61.59	prec@5 88.97	
Train: epoch-11 (5600/7410)	batch_time 0.08		data_time 0.01		loss 1.125	prec@1 63.03	prec@5 89.50	
Train: epoch-11 (5800/7410)	batch_time 0.08		data_time 0.01		loss 1.123	prec@1 62.88	prec@5 88.72	
Train: epoch-11 (6000/7410)	batch_time 0.08		data_time 0.01		loss 1.061	prec@1 64.09	prec@5 89.34	
Train: epoch-11 (6200/7410)	batch_time 0.08		data_time 0.01		loss 1.116	prec@1 63.72	prec@5 89.19	
Train: epoch-11 (6400/7410)	batch_time 0.08		data_time 0.01		loss 1.197	prec@1 60.56	prec@5 87.44	
Train: epoch-11 (6600/7410)	batch_time 0.08		data_time 0.01		loss 1.140	prec@1 62.62	prec@5 88.81	
Train: epoch-11 (6800/7410)	batch_time 0.08		data_time 0.01		loss 1.096	prec@1 63.53	prec@5 89.56	
Train: epoch-11 (7000/7410)	batch_time 0.08		data_time 0.01		loss 1.149	prec@1 62.41	prec@5 88.38	
Train: epoch-11 (7200/7410)	batch_time 0.08		data_time 0.01		loss 1.113	prec@1 63.44	prec@5 88.84	
Train: epoch-11 (7400/7410)	batch_time 0.08		data_time 0.01		loss 1.170	prec@1 61.84	prec@5 88.19	
Validate: Prec@1 73.36 Validate: Prec@5 97.20  Loss 0.854
Best Prec@1: 74.07

Train: epoch-12 (200/7410)	batch_time 0.18		data_time 0.12		loss 1.121	prec@1 63.38	prec@5 88.81	
Train: epoch-12 (400/7410)	batch_time 0.08		data_time 0.01		loss 1.106	prec@1 62.69	prec@5 88.91	
Train: epoch-12 (600/7410)	batch_time 0.08		data_time 0.01		loss 1.113	prec@1 62.81	prec@5 89.03	
Train: epoch-12 (800/7410)	batch_time 0.08		data_time 0.01		loss 1.081	prec@1 64.12	prec@5 89.81	
Train: epoch-12 (1000/7410)	batch_time 0.08		data_time 0.01		loss 1.098	prec@1 61.31	prec@5 90.00	
Train: epoch-12 (1200/7410)	batch_time 0.08		data_time 0.01		loss 1.137	prec@1 61.66	prec@5 88.19	
Train: epoch-12 (1400/7410)	batch_time 0.08		data_time 0.01		loss 1.096	prec@1 62.06	prec@5 89.28	
Train: epoch-12 (1600/7410)	batch_time 0.08		data_time 0.01		loss 1.095	prec@1 63.06	prec@5 89.78	
Train: epoch-12 (1800/7410)	batch_time 0.08		data_time 0.01		loss 1.121	prec@1 62.53	prec@5 89.09	
Train: epoch-12 (2000/7410)	batch_time 0.08		data_time 0.01		loss 1.091	prec@1 63.69	prec@5 88.75	
Train: epoch-12 (2200/7410)	batch_time 0.08		data_time 0.01		loss 1.091	prec@1 64.28	prec@5 89.09	
Train: epoch-12 (2400/7410)	batch_time 0.08		data_time 0.01		loss 1.107	prec@1 62.81	prec@5 88.84	
Train: epoch-12 (2600/7410)	batch_time 0.08		data_time 0.01		loss 1.073	prec@1 64.84	prec@5 89.97	
Train: epoch-12 (2800/7410)	batch_time 0.08		data_time 0.01		loss 1.109	prec@1 62.28	prec@5 89.53	
Train: epoch-12 (3000/7410)	batch_time 0.08		data_time 0.01		loss 1.125	prec@1 63.12	prec@5 88.59	
Train: epoch-12 (3200/7410)	batch_time 0.08		data_time 0.01		loss 1.108	prec@1 63.19	prec@5 89.03	
Train: epoch-12 (3400/7410)	batch_time 0.08		data_time 0.01		loss 1.124	prec@1 62.25	prec@5 89.03	
Train: epoch-12 (3600/7410)	batch_time 0.08		data_time 0.01		loss 1.099	prec@1 63.69	prec@5 89.25	
Train: epoch-12 (3800/7410)	batch_time 0.08		data_time 0.01		loss 1.093	prec@1 62.69	prec@5 89.38	
Train: epoch-12 (4000/7410)	batch_time 0.08		data_time 0.01		loss 1.083	prec@1 64.34	prec@5 90.22	
Train: epoch-12 (4200/7410)	batch_time 0.08		data_time 0.01		loss 1.068	prec@1 63.84	prec@5 89.94	
Train: epoch-12 (4400/7410)	batch_time 0.08		data_time 0.01		loss 1.137	prec@1 62.44	prec@5 88.75	
Train: epoch-12 (4600/7410)	batch_time 0.08		data_time 0.01		loss 1.148	prec@1 62.25	prec@5 88.34	
Train: epoch-12 (4800/7410)	batch_time 0.08		data_time 0.01		loss 1.115	prec@1 62.59	prec@5 89.56	
Train: epoch-12 (5000/7410)	batch_time 0.08		data_time 0.01		loss 1.088	prec@1 63.75	prec@5 89.38	
Train: epoch-12 (5200/7410)	batch_time 0.08		data_time 0.01		loss 1.117	prec@1 62.44	prec@5 88.41	
Train: epoch-12 (5400/7410)	batch_time 0.08		data_time 0.01		loss 1.087	prec@1 64.88	prec@5 89.62	
Train: epoch-12 (5600/7410)	batch_time 0.08		data_time 0.01		loss 1.121	prec@1 61.91	prec@5 88.88	
Train: epoch-12 (5800/7410)	batch_time 0.08		data_time 0.01		loss 1.083	prec@1 63.91	prec@5 90.03	
Train: epoch-12 (6000/7410)	batch_time 0.08		data_time 0.01		loss 1.087	prec@1 64.47	prec@5 89.75	
Train: epoch-12 (6200/7410)	batch_time 0.08		data_time 0.01		loss 1.082	prec@1 64.19	prec@5 88.97	
Train: epoch-12 (6400/7410)	batch_time 0.08		data_time 0.01		loss 1.099	prec@1 62.88	prec@5 89.47	
Train: epoch-12 (6600/7410)	batch_time 0.08		data_time 0.01		loss 1.113	prec@1 62.53	prec@5 89.16	
Train: epoch-12 (6800/7410)	batch_time 0.08		data_time 0.01		loss 1.082	prec@1 64.44	prec@5 89.91	
Train: epoch-12 (7000/7410)	batch_time 0.08		data_time 0.01		loss 1.132	prec@1 63.41	prec@5 88.44	
Train: epoch-12 (7200/7410)	batch_time 0.08		data_time 0.01		loss 1.097	prec@1 64.47	prec@5 89.56	
Train: epoch-12 (7400/7410)	batch_time 0.08		data_time 0.01		loss 1.104	prec@1 64.00	prec@5 88.81	
Validate: Prec@1 74.55 Validate: Prec@5 97.75  Loss 0.790
Best Prec@1: 74.55

Train: epoch-13 (200/7410)	batch_time 0.18		data_time 0.11		loss 1.082	prec@1 63.62	prec@5 89.44	
Train: epoch-13 (400/7410)	batch_time 0.08		data_time 0.01		loss 1.071	prec@1 64.84	prec@5 89.56	
Train: epoch-13 (600/7410)	batch_time 0.08		data_time 0.01		loss 1.036	prec@1 65.50	prec@5 90.47	
Train: epoch-13 (800/7410)	batch_time 0.08		data_time 0.01		loss 1.132	prec@1 63.00	prec@5 88.47	
Train: epoch-13 (1000/7410)	batch_time 0.08		data_time 0.01		loss 1.080	prec@1 64.69	prec@5 89.81	
Train: epoch-13 (1200/7410)	batch_time 0.08		data_time 0.01		loss 1.122	prec@1 61.50	prec@5 89.19	
Train: epoch-13 (1400/7410)	batch_time 0.08		data_time 0.01		loss 1.117	prec@1 62.62	prec@5 88.47	
Train: epoch-13 (1600/7410)	batch_time 0.08		data_time 0.01		loss 1.090	prec@1 64.22	prec@5 89.31	
Train: epoch-13 (1800/7410)	batch_time 0.08		data_time 0.01		loss 1.063	prec@1 63.81	prec@5 89.94	
Train: epoch-13 (2000/7410)	batch_time 0.08		data_time 0.01		loss 1.148	prec@1 62.81	prec@5 88.59	
Train: epoch-13 (2200/7410)	batch_time 0.08		data_time 0.01		loss 1.083	prec@1 63.69	prec@5 89.81	
Train: epoch-13 (2400/7410)	batch_time 0.08		data_time 0.01		loss 1.074	prec@1 63.88	prec@5 89.06	
Train: epoch-13 (2600/7410)	batch_time 0.08		data_time 0.01		loss 1.115	prec@1 62.38	prec@5 89.91	
Train: epoch-13 (2800/7410)	batch_time 0.08		data_time 0.01		loss 1.041	prec@1 63.56	prec@5 90.72	
Train: epoch-13 (3000/7410)	batch_time 0.08		data_time 0.01		loss 1.103	prec@1 63.62	prec@5 89.38	
Train: epoch-13 (3200/7410)	batch_time 0.08		data_time 0.01		loss 1.114	prec@1 62.50	prec@5 89.28	
Train: epoch-13 (3400/7410)	batch_time 0.08		data_time 0.01		loss 1.133	prec@1 62.78	prec@5 88.47	
Train: epoch-13 (3600/7410)	batch_time 0.08		data_time 0.01		loss 1.119	prec@1 63.12	prec@5 88.62	
Train: epoch-13 (3800/7410)	batch_time 0.08		data_time 0.01		loss 1.096	prec@1 63.66	prec@5 89.34	
Train: epoch-13 (4000/7410)	batch_time 0.08		data_time 0.01		loss 1.082	prec@1 63.84	prec@5 89.59	
Train: epoch-13 (4200/7410)	batch_time 0.08		data_time 0.01		loss 1.101	prec@1 63.84	prec@5 89.31	
Train: epoch-13 (4400/7410)	batch_time 0.08		data_time 0.01		loss 1.077	prec@1 64.19	prec@5 89.72	
Train: epoch-13 (4600/7410)	batch_time 0.08		data_time 0.01		loss 1.154	prec@1 60.97	prec@5 88.09	
Train: epoch-13 (4800/7410)	batch_time 0.08		data_time 0.01		loss 1.115	prec@1 61.78	prec@5 88.72	
Train: epoch-13 (5000/7410)	batch_time 0.08		data_time 0.01		loss 1.089	prec@1 64.06	prec@5 90.19	
Train: epoch-13 (5200/7410)	batch_time 0.08		data_time 0.01		loss 1.098	prec@1 63.44	prec@5 89.91	
Train: epoch-13 (5400/7410)	batch_time 0.08		data_time 0.01		loss 1.052	prec@1 65.06	prec@5 89.22	
Train: epoch-13 (5600/7410)	batch_time 0.08		data_time 0.01		loss 1.054	prec@1 64.94	prec@5 90.22	
Train: epoch-13 (5800/7410)	batch_time 0.08		data_time 0.01		loss 1.089	prec@1 63.78	prec@5 88.81	
Train: epoch-13 (6000/7410)	batch_time 0.08		data_time 0.01		loss 1.102	prec@1 62.62	prec@5 89.16	
Train: epoch-13 (6200/7410)	batch_time 0.08		data_time 0.01		loss 1.088	prec@1 64.28	prec@5 89.38	
Train: epoch-13 (6400/7410)	batch_time 0.08		data_time 0.01		loss 1.099	prec@1 64.00	prec@5 89.59	
Train: epoch-13 (6600/7410)	batch_time 0.08		data_time 0.01		loss 1.117	prec@1 63.03	prec@5 89.09	
Train: epoch-13 (6800/7410)	batch_time 0.08		data_time 0.01		loss 1.113	prec@1 62.78	prec@5 89.03	
Train: epoch-13 (7000/7410)	batch_time 0.08		data_time 0.01		loss 1.135	prec@1 63.62	prec@5 88.59	
Train: epoch-13 (7200/7410)	batch_time 0.08		data_time 0.01		loss 1.100	prec@1 63.19	prec@5 89.31	
Train: epoch-13 (7400/7410)	batch_time 0.08		data_time 0.01		loss 1.063	prec@1 64.19	prec@5 90.00	
Validate: Prec@1 74.51 Validate: Prec@5 97.60  Loss 0.789
Best Prec@1: 74.55

Train: epoch-14 (200/7410)	batch_time 0.19		data_time 0.11		loss 1.038	prec@1 64.88	prec@5 90.38	
Train: epoch-14 (400/7410)	batch_time 0.08		data_time 0.01		loss 1.084	prec@1 64.09	prec@5 89.12	
Train: epoch-14 (600/7410)	batch_time 0.08		data_time 0.01		loss 1.044	prec@1 64.81	prec@5 90.28	
Train: epoch-14 (800/7410)	batch_time 0.08		data_time 0.01		loss 1.076	prec@1 65.22	prec@5 89.50	
Train: epoch-14 (1000/7410)	batch_time 0.09		data_time 0.01		loss 1.040	prec@1 65.53	prec@5 90.59	
Train: epoch-14 (1200/7410)	batch_time 0.09		data_time 0.01		loss 1.111	prec@1 61.78	prec@5 89.12	
Train: epoch-14 (1400/7410)	batch_time 0.09		data_time 0.01		loss 1.063	prec@1 64.94	prec@5 89.28	
Train: epoch-14 (1600/7410)	batch_time 0.09		data_time 0.01		loss 1.114	prec@1 62.94	prec@5 89.38	
Train: epoch-14 (1800/7410)	batch_time 0.09		data_time 0.01		loss 1.126	prec@1 63.09	prec@5 88.56	
Train: epoch-14 (2000/7410)	batch_time 0.09		data_time 0.01		loss 1.125	prec@1 62.94	prec@5 87.81	
Train: epoch-14 (2200/7410)	batch_time 0.10		data_time 0.01		loss 1.108	prec@1 62.97	prec@5 88.97	
Train: epoch-14 (2400/7410)	batch_time 0.10		data_time 0.01		loss 1.092	prec@1 63.75	prec@5 89.78	
Train: epoch-14 (2600/7410)	batch_time 0.11		data_time 0.01		loss 1.072	prec@1 64.12	prec@5 90.00	
Train: epoch-14 (2800/7410)	batch_time 0.11		data_time 0.01		loss 1.109	prec@1 63.22	prec@5 88.62	
Train: epoch-14 (3000/7410)	batch_time 0.12		data_time 0.02		loss 1.085	prec@1 63.94	prec@5 89.84	
Train: epoch-14 (3200/7410)	batch_time 0.12		data_time 0.02		loss 1.064	prec@1 64.25	prec@5 89.56	
Train: epoch-14 (3400/7410)	batch_time 0.11		data_time 0.02		loss 1.088	prec@1 63.03	prec@5 89.75	
Train: epoch-14 (3600/7410)	batch_time 0.11		data_time 0.01		loss 1.107	prec@1 62.88	prec@5 88.66	
Train: epoch-14 (3800/7410)	batch_time 0.11		data_time 0.02		loss 1.071	prec@1 64.41	prec@5 89.56	
Train: epoch-14 (4000/7410)	batch_time 0.11		data_time 0.01		loss 1.082	prec@1 63.78	prec@5 89.91	
Train: epoch-14 (4200/7410)	batch_time 0.12		data_time 0.02		loss 1.088	prec@1 62.59	prec@5 89.41	
Train: epoch-14 (4400/7410)	batch_time 0.11		data_time 0.02		loss 1.075	prec@1 64.28	prec@5 90.28	
Train: epoch-14 (4600/7410)	batch_time 0.11		data_time 0.02		loss 1.066	prec@1 64.66	prec@5 89.16	
Train: epoch-14 (4800/7410)	batch_time 0.11		data_time 0.02		loss 1.085	prec@1 63.56	prec@5 89.66	
Train: epoch-14 (5000/7410)	batch_time 0.11		data_time 0.01		loss 1.067	prec@1 64.28	prec@5 89.41	
Train: epoch-14 (5200/7410)	batch_time 0.11		data_time 0.02		loss 1.115	prec@1 62.72	prec@5 89.81	
Train: epoch-14 (5400/7410)	batch_time 0.11		data_time 0.01		loss 1.101	prec@1 63.44	prec@5 88.75	
Train: epoch-14 (5600/7410)	batch_time 0.11		data_time 0.01		loss 1.070	prec@1 63.84	prec@5 89.75	
Train: epoch-14 (5800/7410)	batch_time 0.11		data_time 0.01		loss 1.094	prec@1 64.28	prec@5 89.41	
Train: epoch-14 (6000/7410)	batch_time 0.11		data_time 0.01		loss 1.130	prec@1 63.72	prec@5 88.53	
Train: epoch-14 (6200/7410)	batch_time 0.11		data_time 0.02		loss 1.067	prec@1 63.50	prec@5 89.44	
Train: epoch-14 (6400/7410)	batch_time 0.11		data_time 0.02		loss 1.078	prec@1 64.09	prec@5 89.59	
Train: epoch-14 (6600/7410)	batch_time 0.11		data_time 0.01		loss 1.095	prec@1 64.25	prec@5 89.09	
Train: epoch-14 (6800/7410)	batch_time 0.11		data_time 0.01		loss 1.065	prec@1 64.47	prec@5 89.84	
Train: epoch-14 (7000/7410)	batch_time 0.11		data_time 0.01		loss 1.062	prec@1 64.50	prec@5 89.47	
Train: epoch-14 (7200/7410)	batch_time 0.11		data_time 0.01		loss 1.076	prec@1 64.53	prec@5 89.59	
Train: epoch-14 (7400/7410)	batch_time 0.11		data_time 0.01		loss 1.104	prec@1 62.59	prec@5 88.91	
Validate: Prec@1 74.36 Validate: Prec@5 97.79  Loss 0.884
Best Prec@1: 74.55

Train: epoch-15 (200/7410)	batch_time 0.22		data_time 0.14		loss 1.085	prec@1 64.06	prec@5 90.16	
Train: epoch-15 (400/7410)	batch_time 0.09		data_time 0.01		loss 1.062	prec@1 65.38	prec@5 89.97	
Train: epoch-15 (600/7410)	batch_time 0.11		data_time 0.02		loss 1.058	prec@1 63.84	prec@5 89.81	
Train: epoch-15 (800/7410)	batch_time 0.11		data_time 0.02		loss 1.118	prec@1 62.44	prec@5 88.81	
Train: epoch-15 (1000/7410)	batch_time 0.11		data_time 0.02		loss 1.068	prec@1 63.59	prec@5 89.44	
Train: epoch-15 (1200/7410)	batch_time 0.09		data_time 0.01		loss 1.081	prec@1 64.28	prec@5 89.56	
Train: epoch-15 (1400/7410)	batch_time 0.10		data_time 0.01		loss 1.076	prec@1 64.28	prec@5 89.19	
Train: epoch-15 (1600/7410)	batch_time 0.11		data_time 0.02		loss 1.084	prec@1 65.12	prec@5 88.62	
Train: epoch-15 (1800/7410)	batch_time 0.11		data_time 0.01		loss 1.097	prec@1 64.56	prec@5 89.53	
Train: epoch-15 (2000/7410)	batch_time 0.11		data_time 0.02		loss 1.104	prec@1 62.94	prec@5 89.03	
Train: epoch-15 (2200/7410)	batch_time 0.11		data_time 0.02		loss 1.029	prec@1 65.31	prec@5 90.78	
Train: epoch-15 (2400/7410)	batch_time 0.11		data_time 0.01		loss 1.068	prec@1 64.97	prec@5 89.84	
Train: epoch-15 (2600/7410)	batch_time 0.11		data_time 0.01		loss 1.104	prec@1 63.31	prec@5 88.94	
Train: epoch-15 (2800/7410)	batch_time 0.11		data_time 0.02		loss 1.069	prec@1 62.81	prec@5 89.38	
Train: epoch-15 (3000/7410)	batch_time 0.11		data_time 0.02		loss 1.056	prec@1 65.25	prec@5 90.03	
Train: epoch-15 (3200/7410)	batch_time 0.12		data_time 0.02		loss 1.071	prec@1 64.12	prec@5 89.88	
Train: epoch-15 (3400/7410)	batch_time 0.11		data_time 0.01		loss 1.091	prec@1 63.62	prec@5 89.25	
Train: epoch-15 (3600/7410)	batch_time 0.11		data_time 0.02		loss 1.062	prec@1 64.38	prec@5 89.16	
Train: epoch-15 (3800/7410)	batch_time 0.11		data_time 0.02		loss 1.098	prec@1 63.25	prec@5 89.59	
Train: epoch-15 (4000/7410)	batch_time 0.11		data_time 0.01		loss 1.072	prec@1 63.88	prec@5 89.31	
Train: epoch-15 (4200/7410)	batch_time 0.11		data_time 0.01		loss 1.076	prec@1 63.53	prec@5 89.62	
Train: epoch-15 (4400/7410)	batch_time 0.11		data_time 0.01		loss 1.084	prec@1 64.00	prec@5 89.50	
Train: epoch-15 (4600/7410)	batch_time 0.11		data_time 0.01		loss 1.061	prec@1 63.50	prec@5 89.78	
Train: epoch-15 (4800/7410)	batch_time 0.11		data_time 0.01		loss 1.053	prec@1 64.94	prec@5 89.72	
Train: epoch-15 (5000/7410)	batch_time 0.11		data_time 0.01		loss 1.106	prec@1 63.12	prec@5 89.38	
Train: epoch-15 (5200/7410)	batch_time 0.11		data_time 0.02		loss 1.085	prec@1 64.12	prec@5 89.62	
Train: epoch-15 (5400/7410)	batch_time 0.11		data_time 0.01		loss 1.042	prec@1 65.34	prec@5 89.38	
Train: epoch-15 (5600/7410)	batch_time 0.11		data_time 0.01		loss 1.087	prec@1 64.47	prec@5 88.91	
Train: epoch-15 (5800/7410)	batch_time 0.11		data_time 0.01		loss 1.093	prec@1 63.16	prec@5 89.59	
Train: epoch-15 (6000/7410)	batch_time 0.11		data_time 0.02		loss 1.056	prec@1 65.38	prec@5 89.09	
Train: epoch-15 (6200/7410)	batch_time 0.11		data_time 0.01		loss 1.098	prec@1 63.03	prec@5 88.88	
Train: epoch-15 (6400/7410)	batch_time 0.11		data_time 0.02		loss 1.083	prec@1 64.84	prec@5 89.00	
Train: epoch-15 (6600/7410)	batch_time 0.11		data_time 0.01		loss 1.019	prec@1 65.78	prec@5 90.81	
Train: epoch-15 (6800/7410)	batch_time 0.11		data_time 0.02		loss 1.082	prec@1 63.50	prec@5 89.69	
Train: epoch-15 (7000/7410)	batch_time 0.11		data_time 0.02		loss 1.102	prec@1 63.50	prec@5 89.12	
Train: epoch-15 (7200/7410)	batch_time 0.11		data_time 0.01		loss 1.087	prec@1 61.81	prec@5 90.25	
Train: epoch-15 (7400/7410)	batch_time 0.11		data_time 0.01		loss 1.052	prec@1 65.12	prec@5 90.06	
Validate: Prec@1 74.87 Validate: Prec@5 97.81  Loss 0.774
Best Prec@1: 74.87

Train: epoch-16 (200/7410)	batch_time 0.20		data_time 0.13		loss 1.056	prec@1 64.44	prec@5 90.47	
Train: epoch-16 (400/7410)	batch_time 0.11		data_time 0.01		loss 1.068	prec@1 63.97	prec@5 89.91	
Train: epoch-16 (600/7410)	batch_time 0.11		data_time 0.02		loss 1.024	prec@1 65.56	prec@5 90.31	
Train: epoch-16 (800/7410)	batch_time 0.11		data_time 0.02		loss 1.040	prec@1 65.22	prec@5 90.12	
Train: epoch-16 (1000/7410)	batch_time 0.11		data_time 0.02		loss 1.047	prec@1 65.75	prec@5 90.62	
Train: epoch-16 (1200/7410)	batch_time 0.11		data_time 0.01		loss 1.086	prec@1 64.78	prec@5 89.09	
Train: epoch-16 (1400/7410)	batch_time 0.11		data_time 0.01		loss 1.074	prec@1 64.41	prec@5 89.22	
Train: epoch-16 (1600/7410)	batch_time 0.11		data_time 0.02		loss 1.035	prec@1 65.66	prec@5 89.97	
Train: epoch-16 (1800/7410)	batch_time 0.11		data_time 0.02		loss 1.077	prec@1 64.44	prec@5 89.50	
Train: epoch-16 (2000/7410)	batch_time 0.11		data_time 0.01		loss 1.027	prec@1 66.19	prec@5 90.56	
Train: epoch-16 (2200/7410)	batch_time 0.11		data_time 0.02		loss 1.043	prec@1 65.72	prec@5 90.31	
Train: epoch-16 (2400/7410)	batch_time 0.11		data_time 0.01		loss 1.069	prec@1 65.06	prec@5 89.53	
Train: epoch-16 (2600/7410)	batch_time 0.11		data_time 0.01		loss 1.062	prec@1 65.47	prec@5 89.91	
Train: epoch-16 (2800/7410)	batch_time 0.12		data_time 0.02		loss 1.056	prec@1 64.81	prec@5 90.00	
Train: epoch-16 (3000/7410)	batch_time 0.11		data_time 0.02		loss 1.091	prec@1 63.41	prec@5 89.22	
Train: epoch-16 (3200/7410)	batch_time 0.11		data_time 0.01		loss 1.058	prec@1 65.06	prec@5 89.31	
Train: epoch-16 (3400/7410)	batch_time 0.11		data_time 0.02		loss 1.086	prec@1 63.94	prec@5 89.50	
Train: epoch-16 (3600/7410)	batch_time 0.11		data_time 0.01		loss 1.081	prec@1 64.62	prec@5 89.56	
Train: epoch-16 (3800/7410)	batch_time 0.11		data_time 0.01		loss 1.076	prec@1 64.44	prec@5 89.72	
Train: epoch-16 (4000/7410)	batch_time 0.11		data_time 0.02		loss 1.084	prec@1 63.44	prec@5 89.28	
Train: epoch-16 (4200/7410)	batch_time 0.11		data_time 0.01		loss 1.091	prec@1 64.62	prec@5 89.38	
Train: epoch-16 (4400/7410)	batch_time 0.11		data_time 0.02		loss 1.014	prec@1 65.78	prec@5 90.69	
Train: epoch-16 (4600/7410)	batch_time 0.11		data_time 0.01		loss 1.098	prec@1 63.53	prec@5 89.28	
Train: epoch-16 (4800/7410)	batch_time 0.11		data_time 0.01		loss 1.091	prec@1 64.25	prec@5 88.97	
Train: epoch-16 (5000/7410)	batch_time 0.11		data_time 0.02		loss 1.053	prec@1 65.47	prec@5 89.59	
Train: epoch-16 (5200/7410)	batch_time 0.12		data_time 0.01		loss 1.073	prec@1 63.22	prec@5 89.66	
Train: epoch-16 (5400/7410)	batch_time 0.11		data_time 0.01		loss 1.070	prec@1 63.56	prec@5 89.28	
Train: epoch-16 (5600/7410)	batch_time 0.11		data_time 0.01		loss 1.083	prec@1 64.22	prec@5 89.88	
Train: epoch-16 (5800/7410)	batch_time 0.11		data_time 0.02		loss 1.100	prec@1 62.78	prec@5 88.81	
Train: epoch-16 (6000/7410)	batch_time 0.11		data_time 0.01		loss 1.093	prec@1 63.31	prec@5 88.88	
Train: epoch-16 (6200/7410)	batch_time 0.11		data_time 0.01		loss 1.022	prec@1 67.12	prec@5 90.03	
Train: epoch-16 (6400/7410)	batch_time 0.12		data_time 0.02		loss 1.070	prec@1 63.34	prec@5 90.25	
Train: epoch-16 (6600/7410)	batch_time 0.10		data_time 0.01		loss 1.047	prec@1 64.97	prec@5 89.78	
Train: epoch-16 (6800/7410)	batch_time 0.09		data_time 0.01		loss 1.079	prec@1 64.41	prec@5 89.19	
Train: epoch-16 (7000/7410)	batch_time 0.12		data_time 0.02		loss 1.098	prec@1 64.12	prec@5 88.41	
Train: epoch-16 (7200/7410)	batch_time 0.12		data_time 0.02		loss 1.091	prec@1 63.41	prec@5 89.41	
Train: epoch-16 (7400/7410)	batch_time 0.11		data_time 0.02		loss 1.053	prec@1 64.69	prec@5 89.84	
Validate: Prec@1 76.46 Validate: Prec@5 98.02  Loss 0.763
Best Prec@1: 76.46

Train: epoch-17 (200/7410)	batch_time 0.24		data_time 0.14		loss 1.050	prec@1 65.31	prec@5 90.00	
Train: epoch-17 (400/7410)	batch_time 0.11		data_time 0.01		loss 1.014	prec@1 66.09	prec@5 90.50	
Train: epoch-17 (600/7410)	batch_time 0.11		data_time 0.01		loss 1.038	prec@1 64.16	prec@5 90.03	
Train: epoch-17 (800/7410)	batch_time 0.11		data_time 0.01		loss 1.038	prec@1 64.44	prec@5 90.00	
Train: epoch-17 (1000/7410)	batch_time 0.11		data_time 0.02		loss 1.118	prec@1 62.59	prec@5 89.25	
Train: epoch-17 (1200/7410)	batch_time 0.11		data_time 0.02		loss 1.095	prec@1 63.50	prec@5 89.16	
Train: epoch-17 (1400/7410)	batch_time 0.11		data_time 0.02		loss 1.070	prec@1 64.22	prec@5 89.94	
Train: epoch-17 (1600/7410)	batch_time 0.11		data_time 0.01		loss 1.040	prec@1 64.53	prec@5 89.69	
Train: epoch-17 (1800/7410)	batch_time 0.11		data_time 0.02		loss 1.039	prec@1 64.81	prec@5 90.09	
Train: epoch-17 (2000/7410)	batch_time 0.11		data_time 0.02		loss 1.072	prec@1 64.72	prec@5 89.94	
Train: epoch-17 (2200/7410)	batch_time 0.11		data_time 0.02		loss 1.059	prec@1 65.16	prec@5 89.72	
Train: epoch-17 (2400/7410)	batch_time 0.11		data_time 0.01		loss 1.043	prec@1 64.50	prec@5 90.12	
Train: epoch-17 (2600/7410)	batch_time 0.11		data_time 0.02		loss 1.077	prec@1 63.81	prec@5 89.97	
Train: epoch-17 (2800/7410)	batch_time 0.11		data_time 0.02		loss 1.068	prec@1 65.19	prec@5 89.34	
Train: epoch-17 (3000/7410)	batch_time 0.11		data_time 0.01		loss 1.085	prec@1 64.22	prec@5 89.72	
Train: epoch-17 (3200/7410)	batch_time 0.11		data_time 0.02		loss 1.028	prec@1 64.62	prec@5 89.69	
Train: epoch-17 (3400/7410)	batch_time 0.11		data_time 0.01		loss 1.074	prec@1 64.16	prec@5 89.34	
Train: epoch-17 (3600/7410)	batch_time 0.11		data_time 0.01		loss 1.020	prec@1 65.06	prec@5 90.34	
Train: epoch-17 (3800/7410)	batch_time 0.11		data_time 0.02		loss 1.078	prec@1 63.59	prec@5 89.09	
Train: epoch-17 (4000/7410)	batch_time 0.11		data_time 0.01		loss 1.054	prec@1 64.75	prec@5 89.62	
Train: epoch-17 (4200/7410)	batch_time 0.11		data_time 0.02		loss 1.051	prec@1 64.78	prec@5 90.34	
Train: epoch-17 (4400/7410)	batch_time 0.11		data_time 0.01		loss 1.049	prec@1 64.91	prec@5 89.38	
Train: epoch-17 (4600/7410)	batch_time 0.11		data_time 0.02		loss 1.062	prec@1 64.97	prec@5 89.31	
Train: epoch-17 (4800/7410)	batch_time 0.11		data_time 0.02		loss 1.111	prec@1 62.84	prec@5 88.16	
Train: epoch-17 (5000/7410)	batch_time 0.11		data_time 0.01		loss 1.027	prec@1 65.25	prec@5 90.25	
Train: epoch-17 (5200/7410)	batch_time 0.11		data_time 0.02		loss 1.024	prec@1 65.00	prec@5 89.97	
Train: epoch-17 (5400/7410)	batch_time 0.11		data_time 0.01		loss 1.042	prec@1 64.44	prec@5 89.81	
Train: epoch-17 (5600/7410)	batch_time 0.08		data_time 0.01		loss 1.069	prec@1 64.59	prec@5 89.69	
Train: epoch-17 (5800/7410)	batch_time 0.11		data_time 0.01		loss 1.062	prec@1 64.50	prec@5 89.06	
Train: epoch-17 (6000/7410)	batch_time 0.12		data_time 0.02		loss 1.057	prec@1 65.06	prec@5 89.84	
Train: epoch-17 (6200/7410)	batch_time 0.12		data_time 0.02		loss 1.086	prec@1 64.16	prec@5 88.66	
Train: epoch-17 (6400/7410)	batch_time 0.09		data_time 0.01		loss 1.070	prec@1 63.88	prec@5 89.69	
Train: epoch-17 (6600/7410)	batch_time 0.10		data_time 0.01		loss 1.058	prec@1 63.81	prec@5 89.78	
Train: epoch-17 (6800/7410)	batch_time 0.11		data_time 0.01		loss 1.088	prec@1 63.75	prec@5 89.19	
Train: epoch-17 (7000/7410)	batch_time 0.11		data_time 0.01		loss 1.086	prec@1 63.53	prec@5 89.06	
Train: epoch-17 (7200/7410)	batch_time 0.11		data_time 0.01		loss 1.057	prec@1 65.00	prec@5 89.06	
Train: epoch-17 (7400/7410)	batch_time 0.11		data_time 0.02		loss 1.067	prec@1 64.19	prec@5 89.34	
Validate: Prec@1 75.59 Validate: Prec@5 97.94  Loss 0.763
Best Prec@1: 76.46

Train: epoch-18 (200/7410)	batch_time 0.24		data_time 0.14		loss 1.021	prec@1 66.03	prec@5 89.94	
Train: epoch-18 (400/7410)	batch_time 0.11		data_time 0.01		loss 1.032	prec@1 66.06	prec@5 89.31	
Train: epoch-18 (600/7410)	batch_time 0.11		data_time 0.02		loss 1.006	prec@1 65.59	prec@5 90.00	
Train: epoch-18 (800/7410)	batch_time 0.11		data_time 0.02		loss 1.015	prec@1 66.44	prec@5 89.75	
Train: epoch-18 (1000/7410)	batch_time 0.11		data_time 0.02		loss 0.975	prec@1 66.91	prec@5 90.91	
Train: epoch-18 (1200/7410)	batch_time 0.11		data_time 0.01		loss 0.982	prec@1 66.88	prec@5 90.47	
Train: epoch-18 (1400/7410)	batch_time 0.11		data_time 0.02		loss 0.956	prec@1 67.53	prec@5 91.16	
Train: epoch-18 (1600/7410)	batch_time 0.11		data_time 0.01		loss 0.952	prec@1 69.03	prec@5 91.28	
Train: epoch-18 (1800/7410)	batch_time 0.11		data_time 0.01		loss 0.993	prec@1 67.44	prec@5 90.56	
Train: epoch-18 (2000/7410)	batch_time 0.11		data_time 0.02		loss 0.975	prec@1 67.75	prec@5 90.91	
Train: epoch-18 (2200/7410)	batch_time 0.11		data_time 0.02		loss 0.966	prec@1 67.44	prec@5 90.38	
Train: epoch-18 (2400/7410)	batch_time 0.11		data_time 0.01		loss 0.968	prec@1 68.12	prec@5 90.81	
Train: epoch-18 (2600/7410)	batch_time 0.11		data_time 0.02		loss 0.944	prec@1 67.66	prec@5 91.47	
Train: epoch-18 (2800/7410)	batch_time 0.11		data_time 0.01		loss 0.952	prec@1 67.41	prec@5 91.03	
Train: epoch-18 (3000/7410)	batch_time 0.11		data_time 0.02		loss 0.989	prec@1 67.00	prec@5 90.59	
Train: epoch-18 (3200/7410)	batch_time 0.11		data_time 0.02		loss 0.934	prec@1 68.91	prec@5 91.75	
Train: epoch-18 (3400/7410)	batch_time 0.11		data_time 0.01		loss 0.953	prec@1 67.62	prec@5 91.00	
Train: epoch-18 (3600/7410)	batch_time 0.11		data_time 0.02		loss 0.959	prec@1 66.84	prec@5 91.12	
Train: epoch-18 (3800/7410)	batch_time 0.11		data_time 0.02		loss 0.968	prec@1 68.31	prec@5 90.69	
Train: epoch-18 (4000/7410)	batch_time 0.11		data_time 0.02		loss 0.915	prec@1 68.84	prec@5 91.25	
Train: epoch-18 (4200/7410)	batch_time 0.11		data_time 0.01		loss 0.989	prec@1 67.22	prec@5 90.41	
Train: epoch-18 (4400/7410)	batch_time 0.10		data_time 0.01		loss 0.976	prec@1 67.88	prec@5 90.16	
Train: epoch-18 (4600/7410)	batch_time 0.09		data_time 0.01		loss 0.951	prec@1 67.09	prec@5 91.44	
Train: epoch-18 (4800/7410)	batch_time 0.12		data_time 0.02		loss 0.972	prec@1 67.12	prec@5 90.12	
Train: epoch-18 (5000/7410)	batch_time 0.12		data_time 0.02		loss 0.925	prec@1 69.00	prec@5 91.53	
Train: epoch-18 (5200/7410)	batch_time 0.11		data_time 0.02		loss 0.977	prec@1 67.28	prec@5 90.34	
Train: epoch-18 (5400/7410)	batch_time 0.09		data_time 0.01		loss 0.944	prec@1 67.94	prec@5 91.28	
Train: epoch-18 (5600/7410)	batch_time 0.11		data_time 0.01		loss 0.914	prec@1 68.50	prec@5 92.06	
Train: epoch-18 (5800/7410)	batch_time 0.11		data_time 0.01		loss 0.931	prec@1 69.03	prec@5 90.50	
Train: epoch-18 (6000/7410)	batch_time 0.11		data_time 0.02		loss 0.944	prec@1 68.59	prec@5 90.81	
Train: epoch-18 (6200/7410)	batch_time 0.11		data_time 0.02		loss 0.948	prec@1 68.59	prec@5 91.22	
Train: epoch-18 (6400/7410)	batch_time 0.11		data_time 0.02		loss 0.944	prec@1 67.94	prec@5 91.31	
Train: epoch-18 (6600/7410)	batch_time 0.11		data_time 0.01		loss 0.926	prec@1 69.53	prec@5 91.75	
Train: epoch-18 (6800/7410)	batch_time 0.11		data_time 0.02		loss 0.949	prec@1 67.09	prec@5 91.06	
Train: epoch-18 (7000/7410)	batch_time 0.11		data_time 0.01		loss 0.940	prec@1 68.78	prec@5 91.03	
Train: epoch-18 (7200/7410)	batch_time 0.11		data_time 0.02		loss 0.930	prec@1 69.16	prec@5 91.72	
Train: epoch-18 (7400/7410)	batch_time 0.11		data_time 0.02		loss 0.972	prec@1 67.44	prec@5 90.69	
Validate: Prec@1 78.98 Validate: Prec@5 98.46  Loss 0.721
Best Prec@1: 78.98

Train: epoch-19 (200/7410)	batch_time 0.23		data_time 0.13		loss 0.943	prec@1 69.06	prec@5 90.91	
Train: epoch-19 (400/7410)	batch_time 0.11		data_time 0.01		loss 0.930	prec@1 68.09	prec@5 91.44	
Train: epoch-19 (600/7410)	batch_time 0.11		data_time 0.01		loss 0.916	prec@1 68.31	prec@5 91.00	
Train: epoch-19 (800/7410)	batch_time 0.11		data_time 0.02		loss 0.909	prec@1 68.62	prec@5 91.88	
Train: epoch-19 (1000/7410)	batch_time 0.11		data_time 0.02		loss 0.957	prec@1 67.72	prec@5 90.53	
Train: epoch-19 (1200/7410)	batch_time 0.11		data_time 0.01		loss 0.902	prec@1 69.31	prec@5 91.53	
Train: epoch-19 (1400/7410)	batch_time 0.11		data_time 0.01		loss 0.933	prec@1 68.47	prec@5 91.88	
Train: epoch-19 (1600/7410)	batch_time 0.12		data_time 0.02		loss 0.926	prec@1 68.44	prec@5 90.69	
Train: epoch-19 (1800/7410)	batch_time 0.11		data_time 0.01		loss 0.907	prec@1 69.59	prec@5 91.69	
Train: epoch-19 (2000/7410)	batch_time 0.11		data_time 0.02		loss 0.872	prec@1 71.28	prec@5 91.97	
Train: epoch-19 (2200/7410)	batch_time 0.11		data_time 0.02		loss 0.891	prec@1 70.50	prec@5 91.88	
Train: epoch-19 (2400/7410)	batch_time 0.11		data_time 0.02		loss 0.940	prec@1 69.50	prec@5 91.72	
Train: epoch-19 (2600/7410)	batch_time 0.11		data_time 0.02		loss 0.910	prec@1 69.41	prec@5 91.62	
Train: epoch-19 (2800/7410)	batch_time 0.11		data_time 0.02		loss 0.905	prec@1 69.59	prec@5 92.06	
Train: epoch-19 (3000/7410)	batch_time 0.11		data_time 0.01		loss 0.948	prec@1 69.06	prec@5 91.00	
Train: epoch-19 (3200/7410)	batch_time 0.11		data_time 0.01		loss 0.926	prec@1 68.69	prec@5 91.44	
Train: epoch-19 (3400/7410)	batch_time 0.08		data_time 0.01		loss 0.973	prec@1 67.75	prec@5 90.12	
Train: epoch-19 (3600/7410)	batch_time 0.11		data_time 0.02		loss 0.933	prec@1 69.09	prec@5 90.75	
Train: epoch-19 (3800/7410)	batch_time 0.12		data_time 0.02		loss 0.968	prec@1 67.34	prec@5 90.69	
Train: epoch-19 (4000/7410)	batch_time 0.12		data_time 0.02		loss 0.931	prec@1 68.44	prec@5 90.72	
Train: epoch-19 (4200/7410)	batch_time 0.09		data_time 0.01		loss 0.926	prec@1 69.28	prec@5 91.03	
Train: epoch-19 (4400/7410)	batch_time 0.10		data_time 0.01		loss 0.903	prec@1 69.41	prec@5 91.94	
Train: epoch-19 (4600/7410)	batch_time 0.11		data_time 0.02		loss 0.935	prec@1 68.59	prec@5 91.22	
Train: epoch-19 (4800/7410)	batch_time 0.11		data_time 0.01		loss 0.905	prec@1 69.53	prec@5 90.94	
Train: epoch-19 (5000/7410)	batch_time 0.11		data_time 0.02		loss 0.921	prec@1 69.00	prec@5 91.41	
Train: epoch-19 (5200/7410)	batch_time 0.11		data_time 0.02		loss 0.948	prec@1 68.72	prec@5 90.69	
Train: epoch-19 (5400/7410)	batch_time 0.11		data_time 0.01		loss 0.933	prec@1 68.41	prec@5 90.94	
Train: epoch-19 (5600/7410)	batch_time 0.11		data_time 0.02		loss 0.941	prec@1 68.06	prec@5 91.03	
Train: epoch-19 (5800/7410)	batch_time 0.11		data_time 0.01		loss 0.926	prec@1 68.50	prec@5 91.22	
Train: epoch-19 (6000/7410)	batch_time 0.11		data_time 0.02		loss 0.920	prec@1 68.44	prec@5 91.81	
Train: epoch-19 (6200/7410)	batch_time 0.11		data_time 0.02		loss 0.913	prec@1 68.88	prec@5 91.50	
Train: epoch-19 (6400/7410)	batch_time 0.11		data_time 0.02		loss 0.901	prec@1 68.62	prec@5 91.19	
Train: epoch-19 (6600/7410)	batch_time 0.11		data_time 0.01		loss 0.932	prec@1 67.91	prec@5 91.25	
Train: epoch-19 (6800/7410)	batch_time 0.11		data_time 0.01		loss 0.955	prec@1 68.00	prec@5 91.16	
Train: epoch-19 (7000/7410)	batch_time 0.11		data_time 0.01		loss 0.927	prec@1 69.09	prec@5 90.75	
Train: epoch-19 (7200/7410)	batch_time 0.11		data_time 0.02		loss 0.882	prec@1 70.25	prec@5 91.59	
Train: epoch-19 (7400/7410)	batch_time 0.11		data_time 0.01		loss 0.903	prec@1 68.91	prec@5 90.97	
Validate: Prec@1 79.33 Validate: Prec@5 98.53  Loss 0.678
Best Prec@1: 79.33

Train: epoch-20 (200/7410)	batch_time 0.24		data_time 0.14		loss 0.949	prec@1 67.56	prec@5 91.12	
Train: epoch-20 (400/7410)	batch_time 0.12		data_time 0.02		loss 0.915	prec@1 68.12	prec@5 91.28	
Train: epoch-20 (600/7410)	batch_time 0.11		data_time 0.02		loss 0.909	prec@1 68.47	prec@5 91.19	
Train: epoch-20 (800/7410)	batch_time 0.11		data_time 0.01		loss 0.897	prec@1 70.12	prec@5 91.91	
Train: epoch-20 (1000/7410)	batch_time 0.11		data_time 0.01		loss 0.912	prec@1 68.78	prec@5 91.41	
Train: epoch-20 (1200/7410)	batch_time 0.11		data_time 0.02		loss 0.922	prec@1 69.22	prec@5 91.31	
Train: epoch-20 (1400/7410)	batch_time 0.11		data_time 0.02		loss 0.891	prec@1 69.91	prec@5 91.81	
Train: epoch-20 (1600/7410)	batch_time 0.11		data_time 0.02		loss 0.943	prec@1 69.91	prec@5 91.19	
Train: epoch-20 (1800/7410)	batch_time 0.11		data_time 0.01		loss 0.950	prec@1 68.84	prec@5 90.09	
Train: epoch-20 (2000/7410)	batch_time 0.11		data_time 0.02		loss 0.954	prec@1 67.25	prec@5 90.88	
Train: epoch-20 (2200/7410)	batch_time 0.09		data_time 0.01		loss 0.936	prec@1 69.56	prec@5 90.34	
Train: epoch-20 (2400/7410)	batch_time 0.10		data_time 0.01		loss 0.932	prec@1 68.94	prec@5 90.75	
Train: epoch-20 (2600/7410)	batch_time 0.12		data_time 0.02		loss 0.922	prec@1 68.22	prec@5 90.84	
Train: epoch-20 (2800/7410)	batch_time 0.12		data_time 0.02		loss 0.915	prec@1 68.84	prec@5 91.75	
Train: epoch-20 (3000/7410)	batch_time 0.10		data_time 0.01		loss 0.921	prec@1 68.88	prec@5 91.50	
Train: epoch-20 (3200/7410)	batch_time 0.09		data_time 0.01		loss 0.929	prec@1 68.62	prec@5 90.94	
Train: epoch-20 (3400/7410)	batch_time 0.12		data_time 0.01		loss 0.910	prec@1 68.50	prec@5 91.88	
Train: epoch-20 (3600/7410)	batch_time 0.11		data_time 0.01		loss 0.891	prec@1 69.50	prec@5 91.28	
Train: epoch-20 (3800/7410)	batch_time 0.12		data_time 0.02		loss 0.890	prec@1 70.41	prec@5 91.84	
Train: epoch-20 (4000/7410)	batch_time 0.11		data_time 0.01		loss 0.953	prec@1 68.03	prec@5 90.84	
Train: epoch-20 (4200/7410)	batch_time 0.11		data_time 0.02		loss 0.864	prec@1 69.81	prec@5 91.59	
Train: epoch-20 (4400/7410)	batch_time 0.11		data_time 0.01		loss 0.940	prec@1 68.25	prec@5 91.00	
Train: epoch-20 (4600/7410)	batch_time 0.11		data_time 0.01		loss 0.934	prec@1 67.94	prec@5 91.31	
Train: epoch-20 (4800/7410)	batch_time 0.11		data_time 0.02		loss 0.903	prec@1 69.75	prec@5 91.56	
Train: epoch-20 (5000/7410)	batch_time 0.11		data_time 0.02		loss 0.939	prec@1 68.97	prec@5 91.22	
Train: epoch-20 (5200/7410)	batch_time 0.11		data_time 0.02		loss 0.932	prec@1 68.97	prec@5 91.06	
Train: epoch-20 (5400/7410)	batch_time 0.11		data_time 0.01		loss 0.884	prec@1 71.00	prec@5 92.38	
Train: epoch-20 (5600/7410)	batch_time 0.11		data_time 0.02		loss 0.900	prec@1 70.72	prec@5 91.81	
Train: epoch-20 (5800/7410)	batch_time 0.11		data_time 0.01		loss 0.907	prec@1 69.41	prec@5 91.12	
Train: epoch-20 (6000/7410)	batch_time 0.11		data_time 0.02		loss 0.915	prec@1 69.25	prec@5 91.75	
Train: epoch-20 (6200/7410)	batch_time 0.11		data_time 0.01		loss 0.892	prec@1 69.41	prec@5 92.16	
Train: epoch-20 (6400/7410)	batch_time 0.11		data_time 0.01		loss 0.944	prec@1 69.25	prec@5 90.69	
Train: epoch-20 (6600/7410)	batch_time 0.11		data_time 0.01		loss 0.896	prec@1 69.84	prec@5 92.00	
Train: epoch-20 (6800/7410)	batch_time 0.11		data_time 0.01		loss 0.898	prec@1 69.28	prec@5 91.47	
Train: epoch-20 (7000/7410)	batch_time 0.11		data_time 0.02		loss 0.911	prec@1 69.75	prec@5 91.12	
Train: epoch-20 (7200/7410)	batch_time 0.11		data_time 0.01		loss 0.909	prec@1 69.41	prec@5 91.47	
Train: epoch-20 (7400/7410)	batch_time 0.11		data_time 0.01		loss 0.944	prec@1 68.25	prec@5 91.12	
Validate: Prec@1 78.91 Validate: Prec@5 98.41  Loss 0.738
Best Prec@1: 79.33

Train: epoch-21 (200/7410)	batch_time 0.23		data_time 0.14		loss 0.950	prec@1 68.56	prec@5 91.31	
Train: epoch-21 (400/7410)	batch_time 0.11		data_time 0.02		loss 0.935	prec@1 68.31	prec@5 91.12	
Train: epoch-21 (600/7410)	batch_time 0.11		data_time 0.02		loss 0.898	prec@1 69.28	prec@5 91.94	
Train: epoch-21 (800/7410)	batch_time 0.11		data_time 0.01		loss 0.899	prec@1 70.12	prec@5 91.59	
Train: epoch-21 (1000/7410)	batch_time 0.10		data_time 0.01		loss 0.935	prec@1 69.25	prec@5 90.97	
Train: epoch-21 (1200/7410)	batch_time 0.09		data_time 0.01		loss 0.925	prec@1 69.47	prec@5 90.78	
Train: epoch-21 (1400/7410)	batch_time 0.11		data_time 0.02		loss 0.934	prec@1 68.81	prec@5 91.19	
Train: epoch-21 (1600/7410)	batch_time 0.12		data_time 0.02		loss 0.888	prec@1 69.53	prec@5 92.19	
Train: epoch-21 (1800/7410)	batch_time 0.12		data_time 0.02		loss 0.900	prec@1 70.06	prec@5 91.28	
Train: epoch-21 (2000/7410)	batch_time 0.09		data_time 0.01		loss 0.944	prec@1 67.81	prec@5 90.19	
Train: epoch-21 (2200/7410)	batch_time 0.10		data_time 0.01		loss 0.891	prec@1 70.19	prec@5 91.91	
Train: epoch-21 (2400/7410)	batch_time 0.11		data_time 0.02		loss 0.896	prec@1 69.72	prec@5 91.19	
Train: epoch-21 (2600/7410)	batch_time 0.11		data_time 0.01		loss 0.882	prec@1 70.09	prec@5 92.03	
Train: epoch-21 (2800/7410)	batch_time 0.11		data_time 0.02		loss 0.917	prec@1 69.09	prec@5 91.12	
Train: epoch-21 (3000/7410)	batch_time 0.11		data_time 0.01		loss 0.913	prec@1 69.53	prec@5 91.44	
Train: epoch-21 (3200/7410)	batch_time 0.11		data_time 0.01		loss 0.975	prec@1 68.00	prec@5 90.50	
Train: epoch-21 (3400/7410)	batch_time 0.11		data_time 0.01		loss 0.918	prec@1 69.47	prec@5 91.03	
Train: epoch-21 (3600/7410)	batch_time 0.11		data_time 0.01		loss 0.929	prec@1 68.50	prec@5 91.94	
Train: epoch-21 (3800/7410)	batch_time 0.11		data_time 0.01		loss 0.912	prec@1 68.66	prec@5 91.47	
Train: epoch-21 (4000/7410)	batch_time 0.11		data_time 0.01		loss 0.904	prec@1 68.88	prec@5 91.69	
Train: epoch-21 (4200/7410)	batch_time 0.11		data_time 0.02		loss 0.905	prec@1 69.34	prec@5 91.41	
Train: epoch-21 (4400/7410)	batch_time 0.11		data_time 0.02		loss 0.935	prec@1 68.28	prec@5 91.09	
Train: epoch-21 (4600/7410)	batch_time 0.11		data_time 0.02		loss 0.898	prec@1 70.38	prec@5 91.62	
Train: epoch-21 (4800/7410)	batch_time 0.11		data_time 0.02		loss 0.886	prec@1 69.56	prec@5 91.72	
Train: epoch-21 (5000/7410)	batch_time 0.11		data_time 0.02		loss 0.928	prec@1 68.72	prec@5 90.44	
Train: epoch-21 (5200/7410)	batch_time 0.11		data_time 0.01		loss 0.917	prec@1 69.62	prec@5 91.44	
Train: epoch-21 (5400/7410)	batch_time 0.12		data_time 0.01		loss 0.928	prec@1 68.31	prec@5 91.12	
Train: epoch-21 (5600/7410)	batch_time 0.12		data_time 0.02		loss 0.896	prec@1 69.34	prec@5 91.97	
Train: epoch-21 (5800/7410)	batch_time 0.11		data_time 0.01		loss 0.942	prec@1 68.75	prec@5 90.84	
Train: epoch-21 (6000/7410)	batch_time 0.11		data_time 0.02		loss 0.931	prec@1 68.19	prec@5 91.34	
Train: epoch-21 (6200/7410)	batch_time 0.11		data_time 0.01		loss 0.880	prec@1 70.03	prec@5 91.78	
Train: epoch-21 (6400/7410)	batch_time 0.11		data_time 0.02		loss 0.910	prec@1 68.19	prec@5 91.03	
Train: epoch-21 (6600/7410)	batch_time 0.11		data_time 0.01		loss 0.907	prec@1 70.34	prec@5 91.41	
Train: epoch-21 (6800/7410)	batch_time 0.12		data_time 0.02		loss 0.914	prec@1 68.88	prec@5 91.19	
Train: epoch-21 (7000/7410)	batch_time 0.11		data_time 0.02		loss 0.905	prec@1 69.84	prec@5 91.69	
Train: epoch-21 (7200/7410)	batch_time 0.11		data_time 0.01		loss 0.888	prec@1 70.38	prec@5 92.28	
Train: epoch-21 (7400/7410)	batch_time 0.11		data_time 0.02		loss 0.932	prec@1 68.25	prec@5 90.97	
Validate: Prec@1 79.56 Validate: Prec@5 98.54  Loss 0.703
Best Prec@1: 79.56

Train: epoch-22 (200/7410)	batch_time 0.20		data_time 0.13		loss 0.873	prec@1 71.19	prec@5 91.69	
Train: epoch-22 (400/7410)	batch_time 0.12		data_time 0.02		loss 0.905	prec@1 69.00	prec@5 91.81	
Train: epoch-22 (600/7410)	batch_time 0.11		data_time 0.02		loss 0.900	prec@1 69.44	prec@5 91.53	
Train: epoch-22 (800/7410)	batch_time 0.10		data_time 0.01		loss 0.902	prec@1 69.06	prec@5 91.53	
Train: epoch-22 (1000/7410)	batch_time 0.09		data_time 0.01		loss 0.911	prec@1 69.22	prec@5 91.38	
Train: epoch-22 (1200/7410)	batch_time 0.11		data_time 0.01		loss 0.929	prec@1 68.75	prec@5 90.75	
Train: epoch-22 (1400/7410)	batch_time 0.11		data_time 0.01		loss 0.883	prec@1 70.81	prec@5 91.94	
Train: epoch-22 (1600/7410)	batch_time 0.11		data_time 0.02		loss 0.884	prec@1 69.97	prec@5 92.00	
Train: epoch-22 (1800/7410)	batch_time 0.11		data_time 0.01		loss 0.940	prec@1 67.78	prec@5 91.19	
Train: epoch-22 (2000/7410)	batch_time 0.11		data_time 0.01		loss 0.920	prec@1 68.34	prec@5 91.56	
Train: epoch-22 (2200/7410)	batch_time 0.12		data_time 0.02		loss 0.924	prec@1 68.66	prec@5 90.69	
Train: epoch-22 (2400/7410)	batch_time 0.11		data_time 0.02		loss 0.897	prec@1 70.44	prec@5 91.84	
Train: epoch-22 (2600/7410)	batch_time 0.12		data_time 0.01		loss 0.902	prec@1 68.03	prec@5 91.53	
Train: epoch-22 (2800/7410)	batch_time 0.11		data_time 0.01		loss 0.872	prec@1 70.06	prec@5 92.19	
Train: epoch-22 (3000/7410)	batch_time 0.11		data_time 0.02		loss 0.902	prec@1 69.19	prec@5 91.28	
Train: epoch-22 (3200/7410)	batch_time 0.11		data_time 0.01		loss 0.894	prec@1 69.94	prec@5 91.94	
Train: epoch-22 (3400/7410)	batch_time 0.11		data_time 0.01		loss 0.886	prec@1 69.94	prec@5 91.59	
Train: epoch-22 (3600/7410)	batch_time 0.11		data_time 0.01		loss 0.930	prec@1 69.06	prec@5 91.31	
Train: epoch-22 (3800/7410)	batch_time 0.11		data_time 0.01		loss 0.935	prec@1 68.41	prec@5 90.25	
Train: epoch-22 (4000/7410)	batch_time 0.11		data_time 0.02		loss 0.931	prec@1 68.31	prec@5 91.16	
Train: epoch-22 (4200/7410)	batch_time 0.11		data_time 0.02		loss 0.904	prec@1 71.06	prec@5 91.06	
Train: epoch-22 (4400/7410)	batch_time 0.11		data_time 0.01		loss 0.916	prec@1 68.81	prec@5 91.19	
Train: epoch-22 (4600/7410)	batch_time 0.11		data_time 0.01		loss 0.945	prec@1 67.84	prec@5 91.19	
Train: epoch-22 (4800/7410)	batch_time 0.11		data_time 0.02		loss 0.913	prec@1 68.59	prec@5 90.69	
Train: epoch-22 (5000/7410)	batch_time 0.11		data_time 0.01		loss 0.900	prec@1 69.72	prec@5 91.34	
Train: epoch-22 (5200/7410)	batch_time 0.11		data_time 0.02		loss 0.933	prec@1 69.19	prec@5 90.47	
Train: epoch-22 (5400/7410)	batch_time 0.11		data_time 0.01		loss 0.901	prec@1 69.72	prec@5 91.28	
Train: epoch-22 (5600/7410)	batch_time 0.11		data_time 0.02		loss 0.914	prec@1 68.75	prec@5 91.09	
Train: epoch-22 (5800/7410)	batch_time 0.11		data_time 0.02		loss 0.847	prec@1 71.62	prec@5 92.25	
Train: epoch-22 (6000/7410)	batch_time 0.11		data_time 0.01		loss 0.915	prec@1 68.28	prec@5 91.53	
Train: epoch-22 (6200/7410)	batch_time 0.11		data_time 0.01		loss 0.951	prec@1 67.81	prec@5 91.41	
Train: epoch-22 (6400/7410)	batch_time 0.11		data_time 0.02		loss 0.887	prec@1 69.31	prec@5 91.84	
Train: epoch-22 (6600/7410)	batch_time 0.11		data_time 0.01		loss 0.922	prec@1 68.03	prec@5 90.75	
Train: epoch-22 (6800/7410)	batch_time 0.11		data_time 0.01		loss 0.948	prec@1 68.00	prec@5 91.12	
Train: epoch-22 (7000/7410)	batch_time 0.11		data_time 0.02		loss 0.898	prec@1 69.62	prec@5 91.38	
Train: epoch-22 (7200/7410)	batch_time 0.11		data_time 0.01		loss 0.935	prec@1 68.12	prec@5 90.69	
Train: epoch-22 (7400/7410)	batch_time 0.11		data_time 0.01		loss 0.878	prec@1 70.53	prec@5 92.06	
Validate: Prec@1 79.79 Validate: Prec@5 98.50  Loss 0.698
Best Prec@1: 79.79

Train: epoch-23 (200/7410)	batch_time 0.21		data_time 0.12		loss 0.915	prec@1 69.03	prec@5 91.31	
Train: epoch-23 (400/7410)	batch_time 0.11		data_time 0.01		loss 0.946	prec@1 67.94	prec@5 90.41	
Train: epoch-23 (600/7410)	batch_time 0.11		data_time 0.02		loss 0.924	prec@1 68.09	prec@5 90.34	
Train: epoch-23 (800/7410)	batch_time 0.11		data_time 0.01		loss 0.867	prec@1 71.69	prec@5 92.50	
Train: epoch-23 (1000/7410)	batch_time 0.11		data_time 0.02		loss 0.918	prec@1 68.38	prec@5 91.62	
Train: epoch-23 (1200/7410)	batch_time 0.11		data_time 0.02		loss 0.907	prec@1 69.22	prec@5 91.56	
Train: epoch-23 (1400/7410)	batch_time 0.11		data_time 0.01		loss 0.918	prec@1 69.66	prec@5 91.44	
Train: epoch-23 (1600/7410)	batch_time 0.11		data_time 0.01		loss 0.896	prec@1 69.91	prec@5 91.09	
Train: epoch-23 (1800/7410)	batch_time 0.11		data_time 0.01		loss 0.903	prec@1 69.97	prec@5 91.25	
Train: epoch-23 (2000/7410)	batch_time 0.11		data_time 0.02		loss 0.927	prec@1 68.53	prec@5 91.75	
Train: epoch-23 (2200/7410)	batch_time 0.11		data_time 0.01		loss 0.906	prec@1 69.59	prec@5 91.25	
Train: epoch-23 (2400/7410)	batch_time 0.11		data_time 0.02		loss 0.910	prec@1 70.72	prec@5 90.97	
Train: epoch-23 (2600/7410)	batch_time 0.11		data_time 0.01		loss 0.927	prec@1 68.47	prec@5 91.03	
Train: epoch-23 (2800/7410)	batch_time 0.11		data_time 0.01		loss 0.911	prec@1 69.31	prec@5 91.22	
Train: epoch-23 (3000/7410)	batch_time 0.11		data_time 0.02		loss 0.920	prec@1 69.34	prec@5 91.12	
Train: epoch-23 (3200/7410)	batch_time 0.11		data_time 0.01		loss 0.892	prec@1 70.28	prec@5 91.12	
Train: epoch-23 (3400/7410)	batch_time 0.11		data_time 0.01		loss 0.878	prec@1 70.31	prec@5 92.31	
Train: epoch-23 (3600/7410)	batch_time 0.11		data_time 0.01		loss 0.902	prec@1 69.44	prec@5 91.59	
Train: epoch-23 (3800/7410)	batch_time 0.11		data_time 0.01		loss 0.912	prec@1 68.75	prec@5 91.78	
Train: epoch-23 (4000/7410)	batch_time 0.11		data_time 0.02		loss 0.899	prec@1 69.81	prec@5 90.84	
Train: epoch-23 (4200/7410)	batch_time 0.11		data_time 0.01		loss 0.908	prec@1 69.22	prec@5 91.31	
Train: epoch-23 (4400/7410)	batch_time 0.11		data_time 0.01		loss 0.908	prec@1 68.50	prec@5 91.03	
Train: epoch-23 (4600/7410)	batch_time 0.11		data_time 0.02		loss 0.897	prec@1 68.75	prec@5 91.47	
Train: epoch-23 (4800/7410)	batch_time 0.11		data_time 0.01		loss 0.910	prec@1 69.81	prec@5 91.44	
Train: epoch-23 (5000/7410)	batch_time 0.11		data_time 0.02		loss 0.926	prec@1 70.19	prec@5 90.66	
Train: epoch-23 (5200/7410)	batch_time 0.11		data_time 0.01		loss 0.902	prec@1 69.28	prec@5 91.03	
Train: epoch-23 (5400/7410)	batch_time 0.11		data_time 0.02		loss 0.913	prec@1 69.12	prec@5 91.00	
Train: epoch-23 (5600/7410)	batch_time 0.11		data_time 0.01		loss 0.877	prec@1 70.94	prec@5 91.88	
Train: epoch-23 (5800/7410)	batch_time 0.11		data_time 0.01		loss 0.887	prec@1 69.19	prec@5 91.78	
Train: epoch-23 (6000/7410)	batch_time 0.11		data_time 0.02		loss 0.912	prec@1 69.25	prec@5 90.53	
Train: epoch-23 (6200/7410)	batch_time 0.11		data_time 0.01		loss 0.915	prec@1 69.03	prec@5 90.69	
Train: epoch-23 (6400/7410)	batch_time 0.11		data_time 0.01		loss 0.898	prec@1 69.78	prec@5 91.44	
Train: epoch-23 (6600/7410)	batch_time 0.09		data_time 0.01		loss 0.885	prec@1 69.12	prec@5 92.00	
Train: epoch-23 (6800/7410)	batch_time 0.10		data_time 0.01		loss 0.886	prec@1 70.66	prec@5 91.53	
Train: epoch-23 (7000/7410)	batch_time 0.12		data_time 0.02		loss 0.903	prec@1 69.91	prec@5 92.38	
Train: epoch-23 (7200/7410)	batch_time 0.12		data_time 0.02		loss 0.924	prec@1 68.56	prec@5 91.53	
Train: epoch-23 (7400/7410)	batch_time 0.10		data_time 0.01		loss 0.895	prec@1 70.34	prec@5 91.50	
Validate: Prec@1 79.54 Validate: Prec@5 98.56  Loss 0.689
Best Prec@1: 79.79

Train: epoch-24 (200/7410)	batch_time 0.23		data_time 0.14		loss 0.922	prec@1 69.22	prec@5 91.69	
Train: epoch-24 (400/7410)	batch_time 0.11		data_time 0.02		loss 0.881	prec@1 70.25	prec@5 91.62	
Train: epoch-24 (600/7410)	batch_time 0.11		data_time 0.01		loss 0.895	prec@1 69.75	prec@5 91.25	
Train: epoch-24 (800/7410)	batch_time 0.11		data_time 0.02		loss 0.908	prec@1 69.16	prec@5 91.81	
Train: epoch-24 (1000/7410)	batch_time 0.11		data_time 0.01		loss 0.900	prec@1 69.38	prec@5 92.16	
Train: epoch-24 (1200/7410)	batch_time 0.11		data_time 0.01		loss 0.897	prec@1 70.16	prec@5 91.91	
Train: epoch-24 (1400/7410)	batch_time 0.11		data_time 0.02		loss 0.914	prec@1 68.56	prec@5 91.25	
Train: epoch-24 (1600/7410)	batch_time 0.11		data_time 0.01		loss 0.883	prec@1 70.62	prec@5 91.78	
Train: epoch-24 (1800/7410)	batch_time 0.11		data_time 0.01		loss 0.850	prec@1 71.03	prec@5 91.94	
Train: epoch-24 (2000/7410)	batch_time 0.11		data_time 0.02		loss 0.919	prec@1 69.16	prec@5 90.91	
Train: epoch-24 (2200/7410)	batch_time 0.11		data_time 0.01		loss 0.887	prec@1 69.91	prec@5 91.56	
Train: epoch-24 (2400/7410)	batch_time 0.11		data_time 0.01		loss 0.878	prec@1 69.69	prec@5 92.06	
Train: epoch-24 (2600/7410)	batch_time 0.11		data_time 0.02		loss 0.904	prec@1 69.44	prec@5 91.53	
Train: epoch-24 (2800/7410)	batch_time 0.11		data_time 0.02		loss 0.855	prec@1 69.69	prec@5 92.06	
Train: epoch-24 (3000/7410)	batch_time 0.11		data_time 0.02		loss 0.903	prec@1 69.44	prec@5 91.59	
Train: epoch-24 (3200/7410)	batch_time 0.11		data_time 0.02		loss 0.929	prec@1 68.44	prec@5 90.84	
Train: epoch-24 (3400/7410)	batch_time 0.11		data_time 0.02		loss 0.860	prec@1 71.09	prec@5 92.44	
Train: epoch-24 (3600/7410)	batch_time 0.11		data_time 0.01		loss 0.880	prec@1 69.81	prec@5 91.88	
Train: epoch-24 (3800/7410)	batch_time 0.11		data_time 0.01		loss 0.859	prec@1 71.03	prec@5 92.47	
Train: epoch-24 (4000/7410)	batch_time 0.11		data_time 0.02		loss 0.874	prec@1 71.00	prec@5 91.72	
Train: epoch-24 (4200/7410)	batch_time 0.11		data_time 0.02		loss 0.899	prec@1 69.62	prec@5 91.06	
Train: epoch-24 (4400/7410)	batch_time 0.11		data_time 0.02		loss 0.863	prec@1 71.50	prec@5 92.03	
Train: epoch-24 (4600/7410)	batch_time 0.11		data_time 0.01		loss 0.891	prec@1 70.88	prec@5 91.28	
Train: epoch-24 (4800/7410)	batch_time 0.11		data_time 0.02		loss 0.854	prec@1 70.03	prec@5 93.25	
Train: epoch-24 (5000/7410)	batch_time 0.11		data_time 0.02		loss 0.886	prec@1 71.00	prec@5 91.66	
Train: epoch-24 (5200/7410)	batch_time 0.11		data_time 0.02		loss 0.897	prec@1 69.28	prec@5 91.12	
Train: epoch-24 (5400/7410)	batch_time 0.10		data_time 0.01		loss 0.891	prec@1 70.38	prec@5 91.97	
Train: epoch-24 (5600/7410)	batch_time 0.09		data_time 0.01		loss 0.851	prec@1 71.56	prec@5 91.91	
Train: epoch-24 (5800/7410)	batch_time 0.12		data_time 0.02		loss 0.891	prec@1 70.44	prec@5 92.00	
Train: epoch-24 (6000/7410)	batch_time 0.12		data_time 0.02		loss 0.908	prec@1 69.91	prec@5 91.19	
Train: epoch-24 (6200/7410)	batch_time 0.11		data_time 0.02		loss 0.881	prec@1 69.53	prec@5 91.72	
Train: epoch-24 (6400/7410)	batch_time 0.08		data_time 0.01		loss 0.887	prec@1 69.44	prec@5 91.34	
Train: epoch-24 (6600/7410)	batch_time 0.11		data_time 0.01		loss 0.898	prec@1 68.78	prec@5 91.41	
Train: epoch-24 (6800/7410)	batch_time 0.11		data_time 0.02		loss 0.862	prec@1 70.94	prec@5 92.28	
Train: epoch-24 (7000/7410)	batch_time 0.11		data_time 0.01		loss 0.875	prec@1 70.56	prec@5 91.91	
Train: epoch-24 (7200/7410)	batch_time 0.11		data_time 0.01		loss 0.933	prec@1 69.53	prec@5 91.41	
Train: epoch-24 (7400/7410)	batch_time 0.11		data_time 0.02		loss 0.883	prec@1 69.81	prec@5 91.62	
Validate: Prec@1 79.72 Validate: Prec@5 98.52  Loss 0.692
Best Prec@1: 79.79

Train: epoch-25 (200/7410)	batch_time 0.24		data_time 0.14		loss 0.913	prec@1 69.75	prec@5 90.75	
Train: epoch-25 (400/7410)	batch_time 0.11		data_time 0.01		loss 0.903	prec@1 70.03	prec@5 91.12	
Train: epoch-25 (600/7410)	batch_time 0.11		data_time 0.01		loss 0.901	prec@1 69.97	prec@5 91.69	
Train: epoch-25 (800/7410)	batch_time 0.11		data_time 0.01		loss 0.887	prec@1 69.72	prec@5 92.09	
Train: epoch-25 (1000/7410)	batch_time 0.11		data_time 0.01		loss 0.899	prec@1 69.47	prec@5 91.16	
Train: epoch-25 (1200/7410)	batch_time 0.11		data_time 0.02		loss 0.888	prec@1 69.88	prec@5 91.56	
Train: epoch-25 (1400/7410)	batch_time 0.12		data_time 0.01		loss 0.906	prec@1 69.50	prec@5 90.72	
Train: epoch-25 (1600/7410)	batch_time 0.11		data_time 0.01		loss 0.880	prec@1 69.97	prec@5 92.31	
Train: epoch-25 (1800/7410)	batch_time 0.11		data_time 0.01		loss 0.875	prec@1 70.25	prec@5 91.94	
Train: epoch-25 (2000/7410)	batch_time 0.11		data_time 0.01		loss 0.933	prec@1 68.06	prec@5 91.16	
Train: epoch-25 (2200/7410)	batch_time 0.11		data_time 0.02		loss 0.933	prec@1 69.22	prec@5 91.16	
Train: epoch-25 (2400/7410)	batch_time 0.11		data_time 0.02		loss 0.897	prec@1 69.62	prec@5 91.56	
Train: epoch-25 (2600/7410)	batch_time 0.11		data_time 0.01		loss 0.880	prec@1 70.94	prec@5 91.56	
Train: epoch-25 (2800/7410)	batch_time 0.11		data_time 0.02		loss 0.901	prec@1 69.25	prec@5 91.03	
Train: epoch-25 (3000/7410)	batch_time 0.11		data_time 0.01		loss 0.914	prec@1 69.50	prec@5 90.78	
Train: epoch-25 (3200/7410)	batch_time 0.11		data_time 0.01		loss 0.862	prec@1 70.41	prec@5 92.28	
Train: epoch-25 (3400/7410)	batch_time 0.11		data_time 0.02		loss 0.892	prec@1 70.16	prec@5 91.38	
Train: epoch-25 (3600/7410)	batch_time 0.11		data_time 0.02		loss 0.895	prec@1 70.09	prec@5 91.34	
Train: epoch-25 (3800/7410)	batch_time 0.11		data_time 0.01		loss 0.857	prec@1 70.03	prec@5 92.53	
Train: epoch-25 (4000/7410)	batch_time 0.12		data_time 0.01		loss 0.897	prec@1 69.78	prec@5 91.31	
Train: epoch-25 (4200/7410)	batch_time 0.11		data_time 0.01		loss 0.915	prec@1 69.78	prec@5 90.94	
Train: epoch-25 (4400/7410)	batch_time 0.09		data_time 0.01		loss 0.898	prec@1 70.16	prec@5 91.44	
Train: epoch-25 (4600/7410)	batch_time 0.11		data_time 0.02		loss 0.871	prec@1 71.03	prec@5 91.75	
Train: epoch-25 (4800/7410)	batch_time 0.12		data_time 0.02		loss 0.903	prec@1 70.75	prec@5 91.22	
Train: epoch-25 (5000/7410)	batch_time 0.12		data_time 0.02		loss 0.899	prec@1 70.38	prec@5 91.34	
Train: epoch-25 (5200/7410)	batch_time 0.09		data_time 0.01		loss 0.879	prec@1 69.59	prec@5 91.28	
Train: epoch-25 (5400/7410)	batch_time 0.10		data_time 0.01		loss 0.898	prec@1 69.94	prec@5 91.47	
Train: epoch-25 (5600/7410)	batch_time 0.11		data_time 0.01		loss 0.911	prec@1 69.78	prec@5 91.59	
Train: epoch-25 (5800/7410)	batch_time 0.11		data_time 0.01		loss 0.911	prec@1 69.88	prec@5 91.09	
Train: epoch-25 (6000/7410)	batch_time 0.11		data_time 0.02		loss 0.900	prec@1 69.84	prec@5 91.34	
Train: epoch-25 (6200/7410)	batch_time 0.11		data_time 0.02		loss 0.856	prec@1 71.34	prec@5 91.66	
Train: epoch-25 (6400/7410)	batch_time 0.11		data_time 0.01		loss 0.903	prec@1 69.53	prec@5 91.50	
Train: epoch-25 (6600/7410)	batch_time 0.11		data_time 0.01		loss 0.854	prec@1 71.00	prec@5 93.31	
Train: epoch-25 (6800/7410)	batch_time 0.11		data_time 0.01		loss 0.938	prec@1 68.75	prec@5 91.59	
Train: epoch-25 (7000/7410)	batch_time 0.11		data_time 0.01		loss 0.888	prec@1 68.53	prec@5 91.44	
Train: epoch-25 (7200/7410)	batch_time 0.11		data_time 0.01		loss 0.905	prec@1 69.75	prec@5 91.66	
Train: epoch-25 (7400/7410)	batch_time 0.11		data_time 0.01		loss 0.892	prec@1 68.69	prec@5 91.72	
Validate: Prec@1 79.71 Validate: Prec@5 98.57  Loss 0.708
Best Prec@1: 79.79

Train: epoch-26 (200/7410)	batch_time 0.24		data_time 0.13		loss 0.871	prec@1 70.19	prec@5 91.72	
Train: epoch-26 (400/7410)	batch_time 0.11		data_time 0.02		loss 0.872	prec@1 69.66	prec@5 92.34	
Train: epoch-26 (600/7410)	batch_time 0.11		data_time 0.02		loss 0.907	prec@1 69.47	prec@5 91.50	
Train: epoch-26 (800/7410)	batch_time 0.11		data_time 0.01		loss 0.864	prec@1 70.28	prec@5 92.25	
Train: epoch-26 (1000/7410)	batch_time 0.11		data_time 0.01		loss 0.932	prec@1 68.22	prec@5 90.69	
Train: epoch-26 (1200/7410)	batch_time 0.11		data_time 0.02		loss 0.849	prec@1 71.28	prec@5 92.34	
Train: epoch-26 (1400/7410)	batch_time 0.11		data_time 0.02		loss 0.875	prec@1 70.50	prec@5 91.88	
Train: epoch-26 (1600/7410)	batch_time 0.11		data_time 0.02		loss 0.879	prec@1 70.56	prec@5 91.62	
Train: epoch-26 (1800/7410)	batch_time 0.11		data_time 0.02		loss 0.896	prec@1 69.88	prec@5 91.50	
Train: epoch-26 (2000/7410)	batch_time 0.11		data_time 0.01		loss 0.900	prec@1 70.03	prec@5 92.12	
Train: epoch-26 (2200/7410)	batch_time 0.11		data_time 0.01		loss 0.887	prec@1 70.16	prec@5 91.84	
Train: epoch-26 (2400/7410)	batch_time 0.11		data_time 0.01		loss 0.876	prec@1 70.53	prec@5 92.00	
Train: epoch-26 (2600/7410)	batch_time 0.11		data_time 0.02		loss 0.901	prec@1 69.19	prec@5 91.38	
Train: epoch-26 (2800/7410)	batch_time 0.11		data_time 0.02		loss 0.868	prec@1 69.31	prec@5 92.16	
Train: epoch-26 (3000/7410)	batch_time 0.11		data_time 0.02		loss 0.875	prec@1 70.75	prec@5 91.69	
Train: epoch-26 (3200/7410)	batch_time 0.09		data_time 0.01		loss 0.919	prec@1 69.22	prec@5 91.25	
Train: epoch-26 (3400/7410)	batch_time 0.10		data_time 0.01		loss 0.895	prec@1 69.81	prec@5 91.34	
Train: epoch-26 (3600/7410)	batch_time 0.12		data_time 0.02		loss 0.874	prec@1 71.16	prec@5 91.69	
Train: epoch-26 (3800/7410)	batch_time 0.12		data_time 0.02		loss 0.880	prec@1 70.94	prec@5 92.00	
Train: epoch-26 (4000/7410)	batch_time 0.10		data_time 0.01		loss 0.881	prec@1 70.66	prec@5 92.31	
Train: epoch-26 (4200/7410)	batch_time 0.09		data_time 0.01		loss 0.888	prec@1 70.16	prec@5 91.53	
Train: epoch-26 (4400/7410)	batch_time 0.11		data_time 0.01		loss 0.912	prec@1 70.09	prec@5 91.19	
Train: epoch-26 (4600/7410)	batch_time 0.11		data_time 0.02		loss 0.913	prec@1 69.16	prec@5 91.62	
Train: epoch-26 (4800/7410)	batch_time 0.11		data_time 0.02		loss 0.892	prec@1 69.94	prec@5 91.62	
Train: epoch-26 (5000/7410)	batch_time 0.11		data_time 0.01		loss 0.924	prec@1 69.38	prec@5 91.03	
Train: epoch-26 (5200/7410)	batch_time 0.11		data_time 0.02		loss 0.880	prec@1 69.78	prec@5 91.66	
Train: epoch-26 (5400/7410)	batch_time 0.11		data_time 0.01		loss 0.869	prec@1 70.41	prec@5 92.47	
Train: epoch-26 (5600/7410)	batch_time 0.11		data_time 0.02		loss 0.882	prec@1 69.56	prec@5 91.53	
Train: epoch-26 (5800/7410)	batch_time 0.11		data_time 0.02		loss 0.884	prec@1 69.25	prec@5 91.38	
Train: epoch-26 (6000/7410)	batch_time 0.11		data_time 0.01		loss 0.886	prec@1 69.31	prec@5 91.00	
Train: epoch-26 (6200/7410)	batch_time 0.11		data_time 0.01		loss 0.881	prec@1 69.50	prec@5 91.78	
Train: epoch-26 (6400/7410)	batch_time 0.11		data_time 0.01		loss 0.863	prec@1 69.94	prec@5 92.09	
Train: epoch-26 (6600/7410)	batch_time 0.11		data_time 0.01		loss 0.861	prec@1 70.53	prec@5 92.28	
Train: epoch-26 (6800/7410)	batch_time 0.11		data_time 0.01		loss 0.895	prec@1 69.84	prec@5 91.44	
Train: epoch-26 (7000/7410)	batch_time 0.11		data_time 0.01		loss 0.838	prec@1 72.88	prec@5 91.66	
Train: epoch-26 (7200/7410)	batch_time 0.11		data_time 0.01		loss 0.883	prec@1 70.19	prec@5 91.62	
Train: epoch-26 (7400/7410)	batch_time 0.11		data_time 0.01		loss 0.879	prec@1 69.22	prec@5 92.00	
Validate: Prec@1 79.89 Validate: Prec@5 98.56  Loss 0.669
Best Prec@1: 79.89

Train: epoch-27 (200/7410)	batch_time 0.23		data_time 0.13		loss 0.858	prec@1 70.75	prec@5 92.12	
Train: epoch-27 (400/7410)	batch_time 0.11		data_time 0.02		loss 0.878	prec@1 70.31	prec@5 91.44	
Train: epoch-27 (600/7410)	batch_time 0.11		data_time 0.02		loss 0.853	prec@1 71.62	prec@5 92.28	
Train: epoch-27 (800/7410)	batch_time 0.11		data_time 0.01		loss 0.935	prec@1 68.88	prec@5 90.78	
Train: epoch-27 (1000/7410)	batch_time 0.11		data_time 0.01		loss 0.847	prec@1 71.41	prec@5 92.25	
Train: epoch-27 (1200/7410)	batch_time 0.11		data_time 0.01		loss 0.870	prec@1 70.69	prec@5 91.59	
Train: epoch-27 (1400/7410)	batch_time 0.11		data_time 0.01		loss 0.853	prec@1 70.41	prec@5 92.78	
Train: epoch-27 (1600/7410)	batch_time 0.11		data_time 0.01		loss 0.901	prec@1 69.78	prec@5 91.06	
Train: epoch-27 (1800/7410)	batch_time 0.11		data_time 0.01		loss 0.871	prec@1 70.53	prec@5 92.00	
Train: epoch-27 (2000/7410)	batch_time 0.10		data_time 0.01		loss 0.890	prec@1 68.94	prec@5 91.62	
Train: epoch-27 (2200/7410)	batch_time 0.09		data_time 0.01		loss 0.900	prec@1 70.47	prec@5 91.47	
Train: epoch-27 (2400/7410)	batch_time 0.11		data_time 0.02		loss 0.888	prec@1 70.31	prec@5 91.44	
Train: epoch-27 (2600/7410)	batch_time 0.12		data_time 0.02		loss 0.878	prec@1 70.31	prec@5 91.31	
Train: epoch-27 (2800/7410)	batch_time 0.12		data_time 0.02		loss 0.848	prec@1 70.28	prec@5 92.19	
Train: epoch-27 (3000/7410)	batch_time 0.09		data_time 0.01		loss 0.914	prec@1 69.38	prec@5 90.53	
Train: epoch-27 (3200/7410)	batch_time 0.10		data_time 0.01		loss 0.918	prec@1 68.94	prec@5 91.50	
Train: epoch-27 (3400/7410)	batch_time 0.11		data_time 0.01		loss 0.892	prec@1 69.62	prec@5 91.72	
Train: epoch-27 (3600/7410)	batch_time 0.11		data_time 0.01		loss 0.860	prec@1 70.41	prec@5 92.53	
Train: epoch-27 (3800/7410)	batch_time 0.11		data_time 0.01		loss 0.890	prec@1 69.84	prec@5 91.88	
Train: epoch-27 (4000/7410)	batch_time 0.11		data_time 0.02		loss 0.876	prec@1 70.25	prec@5 91.62	
Train: epoch-27 (4200/7410)	batch_time 0.11		data_time 0.01		loss 0.899	prec@1 69.94	prec@5 91.94	
Train: epoch-27 (4400/7410)	batch_time 0.11		data_time 0.02		loss 0.870	prec@1 70.94	prec@5 91.88	
Train: epoch-27 (4600/7410)	batch_time 0.12		data_time 0.01		loss 0.892	prec@1 70.22	prec@5 91.41	
Train: epoch-27 (4800/7410)	batch_time 0.11		data_time 0.01		loss 0.853	prec@1 72.16	prec@5 92.06	
Train: epoch-27 (5000/7410)	batch_time 0.11		data_time 0.01		loss 0.892	prec@1 70.03	prec@5 91.84	
Train: epoch-27 (5200/7410)	batch_time 0.11		data_time 0.02		loss 0.890	prec@1 69.66	prec@5 91.75	
Train: epoch-27 (5400/7410)	batch_time 0.11		data_time 0.01		loss 0.880	prec@1 70.41	prec@5 91.59	
Train: epoch-27 (5600/7410)	batch_time 0.11		data_time 0.01		loss 0.885	prec@1 67.62	prec@5 92.12	
Train: epoch-27 (5800/7410)	batch_time 0.11		data_time 0.01		loss 0.896	prec@1 69.72	prec@5 91.06	
Train: epoch-27 (6000/7410)	batch_time 0.11		data_time 0.02		loss 0.914	prec@1 69.03	prec@5 91.41	
Train: epoch-27 (6200/7410)	batch_time 0.11		data_time 0.01		loss 0.885	prec@1 69.66	prec@5 91.34	
Train: epoch-27 (6400/7410)	batch_time 0.11		data_time 0.02		loss 0.910	prec@1 68.38	prec@5 90.84	
Train: epoch-27 (6600/7410)	batch_time 0.11		data_time 0.01		loss 0.878	prec@1 71.25	prec@5 91.88	
Train: epoch-27 (6800/7410)	batch_time 0.11		data_time 0.01		loss 0.889	prec@1 69.72	prec@5 91.91	
Train: epoch-27 (7000/7410)	batch_time 0.11		data_time 0.02		loss 0.879	prec@1 71.16	prec@5 91.91	
Train: epoch-27 (7200/7410)	batch_time 0.11		data_time 0.02		loss 0.867	prec@1 71.00	prec@5 91.88	
Train: epoch-27 (7400/7410)	batch_time 0.11		data_time 0.02		loss 0.877	prec@1 69.69	prec@5 92.19	
Validate: Prec@1 79.95 Validate: Prec@5 98.61  Loss 0.686
Best Prec@1: 79.95

Train: epoch-28 (200/7410)	batch_time 0.24		data_time 0.13		loss 0.868	prec@1 70.41	prec@5 91.75	
Train: epoch-28 (400/7410)	batch_time 0.11		data_time 0.02		loss 0.906	prec@1 70.53	prec@5 91.28	
Train: epoch-28 (600/7410)	batch_time 0.11		data_time 0.02		loss 0.905	prec@1 69.31	prec@5 91.34	
Train: epoch-28 (800/7410)	batch_time 0.11		data_time 0.01		loss 0.866	prec@1 70.09	prec@5 91.75	
Train: epoch-28 (1000/7410)	batch_time 0.09		data_time 0.01		loss 0.881	prec@1 70.62	prec@5 91.72	
Train: epoch-28 (1200/7410)	batch_time 0.10		data_time 0.01		loss 0.886	prec@1 69.28	prec@5 91.97	
Train: epoch-28 (1400/7410)	batch_time 0.12		data_time 0.02		loss 0.850	prec@1 71.19	prec@5 92.12	
Train: epoch-28 (1600/7410)	batch_time 0.12		data_time 0.02		loss 0.893	prec@1 69.59	prec@5 91.81	
Train: epoch-28 (1800/7410)	batch_time 0.10		data_time 0.01		loss 0.890	prec@1 69.34	prec@5 92.28	
Train: epoch-28 (2000/7410)	batch_time 0.09		data_time 0.01		loss 0.870	prec@1 70.09	prec@5 92.88	
Train: epoch-28 (2200/7410)	batch_time 0.11		data_time 0.01		loss 0.909	prec@1 69.12	prec@5 91.25	
Train: epoch-28 (2400/7410)	batch_time 0.11		data_time 0.01		loss 0.873	prec@1 70.84	prec@5 92.00	
Train: epoch-28 (2600/7410)	batch_time 0.12		data_time 0.02		loss 0.876	prec@1 69.91	prec@5 92.25	
Train: epoch-28 (2800/7410)	batch_time 0.11		data_time 0.02		loss 0.879	prec@1 69.75	prec@5 91.62	
Train: epoch-28 (3000/7410)	batch_time 0.11		data_time 0.01		loss 0.895	prec@1 69.56	prec@5 91.94	
Train: epoch-28 (3200/7410)	batch_time 0.11		data_time 0.01		loss 0.875	prec@1 69.44	prec@5 91.88	
Train: epoch-28 (3400/7410)	batch_time 0.11		data_time 0.02		loss 0.888	prec@1 70.28	prec@5 91.56	
Train: epoch-28 (3600/7410)	batch_time 0.11		data_time 0.02		loss 0.901	prec@1 70.09	prec@5 91.75	
Train: epoch-28 (3800/7410)	batch_time 0.11		data_time 0.02		loss 0.906	prec@1 68.91	prec@5 91.06	
Train: epoch-28 (4000/7410)	batch_time 0.11		data_time 0.02		loss 0.912	prec@1 69.03	prec@5 90.91	
Train: epoch-28 (4200/7410)	batch_time 0.11		data_time 0.01		loss 0.901	prec@1 69.91	prec@5 91.69	
Train: epoch-28 (4400/7410)	batch_time 0.11		data_time 0.01		loss 0.867	prec@1 71.12	prec@5 92.22	
Train: epoch-28 (4600/7410)	batch_time 0.12		data_time 0.02		loss 0.883	prec@1 70.06	prec@5 91.44	
Train: epoch-28 (4800/7410)	batch_time 0.11		data_time 0.02		loss 0.881	prec@1 70.19	prec@5 91.06	
Train: epoch-28 (5000/7410)	batch_time 0.11		data_time 0.01		loss 0.880	prec@1 70.03	prec@5 92.00	
Train: epoch-28 (5200/7410)	batch_time 0.11		data_time 0.01		loss 0.891	prec@1 70.47	prec@5 91.31	
Train: epoch-28 (5400/7410)	batch_time 0.11		data_time 0.02		loss 0.905	prec@1 69.28	prec@5 91.31	
Train: epoch-28 (5600/7410)	batch_time 0.12		data_time 0.02		loss 0.865	prec@1 70.47	prec@5 92.34	
Train: epoch-28 (5800/7410)	batch_time 0.11		data_time 0.01		loss 0.902	prec@1 68.91	prec@5 91.31	
Train: epoch-28 (6000/7410)	batch_time 0.11		data_time 0.01		loss 0.927	prec@1 68.97	prec@5 91.22	
Train: epoch-28 (6200/7410)	batch_time 0.11		data_time 0.01		loss 0.873	prec@1 70.22	prec@5 91.69	
Train: epoch-28 (6400/7410)	batch_time 0.11		data_time 0.01		loss 0.894	prec@1 70.47	prec@5 91.88	
Train: epoch-28 (6600/7410)	batch_time 0.11		data_time 0.01		loss 0.898	prec@1 69.50	prec@5 91.19	
Train: epoch-28 (6800/7410)	batch_time 0.11		data_time 0.01		loss 0.867	prec@1 70.16	prec@5 91.91	
Train: epoch-28 (7000/7410)	batch_time 0.12		data_time 0.01		loss 0.900	prec@1 69.22	prec@5 91.97	
Train: epoch-28 (7200/7410)	batch_time 0.11		data_time 0.02		loss 0.878	prec@1 70.28	prec@5 91.84	
Train: epoch-28 (7400/7410)	batch_time 0.11		data_time 0.01		loss 0.876	prec@1 70.28	prec@5 91.44	
Validate: Prec@1 80.12 Validate: Prec@5 98.62  Loss 0.660
Best Prec@1: 80.12

Train: epoch-29 (200/7410)	batch_time 0.21		data_time 0.12		loss 0.900	prec@1 70.53	prec@5 91.53	
Train: epoch-29 (400/7410)	batch_time 0.11		data_time 0.02		loss 0.887	prec@1 69.66	prec@5 91.09	
Train: epoch-29 (600/7410)	batch_time 0.12		data_time 0.02		loss 0.857	prec@1 70.84	prec@5 92.25	
Train: epoch-29 (800/7410)	batch_time 0.09		data_time 0.01		loss 0.885	prec@1 70.06	prec@5 91.62	
Train: epoch-29 (1000/7410)	batch_time 0.10		data_time 0.01		loss 0.888	prec@1 69.88	prec@5 91.81	
Train: epoch-29 (1200/7410)	batch_time 0.11		data_time 0.02		loss 0.911	prec@1 68.94	prec@5 91.28	
Train: epoch-29 (1400/7410)	batch_time 0.11		data_time 0.01		loss 0.877	prec@1 70.53	prec@5 91.41	
Train: epoch-29 (1600/7410)	batch_time 0.11		data_time 0.02		loss 0.883	prec@1 69.03	prec@5 92.28	
Train: epoch-29 (1800/7410)	batch_time 0.12		data_time 0.02		loss 0.859	prec@1 70.56	prec@5 92.06	
Train: epoch-29 (2000/7410)	batch_time 0.11		data_time 0.01		loss 0.868	prec@1 71.41	prec@5 91.84	
Train: epoch-29 (2200/7410)	batch_time 0.12		data_time 0.01		loss 0.851	prec@1 71.47	prec@5 92.09	
Train: epoch-29 (2400/7410)	batch_time 0.11		data_time 0.01		loss 0.892	prec@1 70.25	prec@5 92.03	
Train: epoch-29 (2600/7410)	batch_time 0.11		data_time 0.02		loss 0.914	prec@1 68.84	prec@5 90.84	
Train: epoch-29 (2800/7410)	batch_time 0.11		data_time 0.01		loss 0.867	prec@1 69.88	prec@5 91.91	
Train: epoch-29 (3000/7410)	batch_time 0.11		data_time 0.01		loss 0.907	prec@1 70.16	prec@5 91.19	
Train: epoch-29 (3200/7410)	batch_time 0.11		data_time 0.01		loss 0.891	prec@1 69.94	prec@5 91.59	
Train: epoch-29 (3400/7410)	batch_time 0.12		data_time 0.01		loss 0.884	prec@1 70.16	prec@5 91.03	
Train: epoch-29 (3600/7410)	batch_time 0.11		data_time 0.01		loss 0.867	prec@1 70.09	prec@5 92.34	
Train: epoch-29 (3800/7410)	batch_time 0.11		data_time 0.01		loss 0.885	prec@1 69.75	prec@5 91.19	
Train: epoch-29 (4000/7410)	batch_time 0.11		data_time 0.01		loss 0.888	prec@1 69.94	prec@5 92.09	
Train: epoch-29 (4200/7410)	batch_time 0.11		data_time 0.01		loss 0.902	prec@1 69.34	prec@5 91.16	
Train: epoch-29 (4400/7410)	batch_time 0.11		data_time 0.01		loss 0.887	prec@1 69.62	prec@5 92.00	
Train: epoch-29 (4600/7410)	batch_time 0.11		data_time 0.01		loss 0.924	prec@1 68.25	prec@5 91.34	
Train: epoch-29 (4800/7410)	batch_time 0.11		data_time 0.02		loss 0.868	prec@1 71.00	prec@5 91.28	
Train: epoch-29 (5000/7410)	batch_time 0.11		data_time 0.01		loss 0.876	prec@1 70.56	prec@5 92.53	
Train: epoch-29 (5200/7410)	batch_time 0.11		data_time 0.01		loss 0.891	prec@1 70.00	prec@5 91.78	
Train: epoch-29 (5400/7410)	batch_time 0.11		data_time 0.02		loss 0.862	prec@1 70.66	prec@5 91.97	
Train: epoch-29 (5600/7410)	batch_time 0.11		data_time 0.01		loss 0.865	prec@1 70.53	prec@5 91.94	
Train: epoch-29 (5800/7410)	batch_time 0.11		data_time 0.01		loss 0.918	prec@1 69.00	prec@5 90.78	
Train: epoch-29 (6000/7410)	batch_time 0.11		data_time 0.02		loss 0.893	prec@1 69.41	prec@5 91.47	
Train: epoch-29 (6200/7410)	batch_time 0.12		data_time 0.02		loss 0.869	prec@1 70.75	prec@5 91.50	
Train: epoch-29 (6400/7410)	batch_time 0.11		data_time 0.02		loss 0.879	prec@1 69.28	prec@5 91.69	
Train: epoch-29 (6600/7410)	batch_time 0.11		data_time 0.02		loss 0.887	prec@1 70.34	prec@5 91.91	
Train: epoch-29 (6800/7410)	batch_time 0.11		data_time 0.01		loss 0.876	prec@1 69.94	prec@5 92.03	
Train: epoch-29 (7000/7410)	batch_time 0.11		data_time 0.01		loss 0.891	prec@1 69.44	prec@5 91.66	
Train: epoch-29 (7200/7410)	batch_time 0.11		data_time 0.01		loss 0.899	prec@1 70.19	prec@5 91.53	
Train: epoch-29 (7400/7410)	batch_time 0.10		data_time 0.01		loss 0.849	prec@1 71.38	prec@5 92.06	
Validate: Prec@1 79.96 Validate: Prec@5 98.61  Loss 0.690
Best Prec@1: 80.12

